image_path,grid_label_path
/Users/anirudh/RoadConditionClassifier/FPGAProject/ml/cracks-and-potholes-in-road-DatasetNinja/ds0/img/1007599_RS_386_386RS289112_28920_RAW.jpg,/Users/anirudh/RoadConditionClassifier/FPGAProject/ml/preprocessed/grid_labels/1007599_RS_386_386RS289112_28920_RAW.jpg.npy
/Users/anirudh/RoadConditionClassifier/FPGAProject/ml/cracks-and-potholes-in-road-DatasetNinja/ds0/img/1007600_RS_386_386RS289112_28925_RAW.jpg,/Users/anirudh/RoadConditionClassifier/FPGAProject/ml/preprocessed/grid_labels/1007600_RS_386_386RS289112_28925_RAW.jpg.npy
/Users/anirudh/RoadConditionClassifier/FPGAProject/ml/cracks-and-potholes-in-road-DatasetNinja/ds0/img/1007607_RS_386_386RS289112_28960_RAW.jpg,/Users/anirudh/RoadConditionClassifier/FPGAProject/ml/preprocessed/grid_labels/1007607_RS_386_386RS289112_28960_RAW.jpg.npy
/Users/anirudh/RoadConditionClassifier/FPGAProject/ml/cracks-and-potholes-in-road-DatasetNinja/ds0/img/1007608_RS_386_386RS289112_28966_RAW.jpg,/Users/anirudh/RoadConditionClassifier/FPGAProject/ml/preprocessed/grid_labels/1007608_RS_386_386RS289112_28966_RAW.jpg.npy
/Users/anirudh/RoadConditionClassifier/FPGAProject/ml/cracks-and-potholes-in-road-DatasetNinja/ds0/img/1008367_RS_386_386RS289112_32760_RAW.jpg,/Users/anirudh/RoadConditionClassifier/FPGAProject/ml/preprocessed/grid_labels/1008367_RS_386_386RS289112_32760_RAW.jpg.npy
/Users/anirudh/RoadConditionClassifier/FPGAProject/ml/cracks-and-potholes-in-road-DatasetNinja/ds0/img/1008560_RS_386_386RS289112_33725_RAW.jpg,/Users/anirudh/RoadConditionClassifier/FPGAProject/ml/preprocessed/grid_labels/1008560_RS_386_386RS289112_33725_RAW.jpg.npy
/Users/anirudh/RoadConditionClassifier/FPGAProject/ml/cracks-and-potholes-in-road-DatasetNinja/ds0/img/1014583_RS_386_386RS124739_29840_RAW.jpg,/Users/anirudh/RoadConditionClassifier/FPGAProject/ml/preprocessed/grid_labels/1014583_RS_386_386RS124739_29840_RAW.jpg.npy
/Users/anirudh/RoadConditionClassifier/FPGAProject/ml/cracks-and-potholes-in-road-DatasetNinja/ds0/img/1014584_RS_386_386RS124739_29845_RAW.jpg,/Users/anirudh/RoadConditionClassifier/FPGAProject/ml/preprocessed/grid_labels/1014584_RS_386_386RS124739_29845_RAW.jpg.npy
/Users/anirudh/RoadConditionClassifier/FPGAProject/ml/cracks-and-potholes-in-road-DatasetNinja/ds0/img/1014585_RS_386_386RS124739_29850_RAW.jpg,/Users/anirudh/RoadConditionClassifier/FPGAProject/ml/preprocessed/grid_labels/1014585_RS_386_386RS124739_29850_RAW.jpg.npy
/Users/anirudh/RoadConditionClassifier/FPGAProject/ml/cracks-and-potholes-in-road-DatasetNinja/ds0/img/1014586_RS_386_386RS124739_29855_RAW.jpg,/Users/anirudh/RoadConditionClassifier/FPGAProject/ml/preprocessed/grid_labels/1014586_RS_386_386RS124739_29855_RAW.jpg.npy
/Users/anirudh/RoadConditionClassifier/FPGAProject/ml/cracks-and-potholes-in-road-DatasetNinja/ds0/img/1014587_RS_386_386RS124739_29860_RAW.jpg,/Users/anirudh/RoadConditionClassifier/FPGAProject/ml/preprocessed/grid_labels/1014587_RS_386_386RS124739_29860_RAW.jpg.npy
/Users/anirudh/RoadConditionClassifier/FPGAProject/ml/cracks-and-potholes-in-road-DatasetNinja/ds0/img/1014603_RS_386_386RS124739_29940_RAW.jpg,/Users/anirudh/RoadConditionClassifier/FPGAProject/ml/preprocessed/grid_labels/1014603_RS_386_386RS124739_29940_RAW.jpg.npy
/Users/anirudh/RoadConditionClassifier/FPGAProject/ml/cracks-and-potholes-in-road-DatasetNinja/ds0/img/1014604_RS_386_386RS124739_29945_RAW.jpg,/Users/anirudh/RoadConditionClassifier/FPGAProject/ml/preprocessed/grid_labels/1014604_RS_386_386RS124739_29945_RAW.jpg.npy
/Users/anirudh/RoadConditionClassifier/FPGAProject/ml/cracks-and-potholes-in-road-DatasetNinja/ds0/img/1014609_RS_386_386RS124739_29970_RAW.jpg,/Users/anirudh/RoadConditionClassifier/FPGAProject/ml/preprocessed/grid_labels/1014609_RS_386_386RS124739_29970_RAW.jpg.npy
/Users/anirudh/RoadConditionClassifier/FPGAProject/ml/cracks-and-potholes-in-road-DatasetNinja/ds0/img/1014610_RS_386_386RS124739_29975_RAW.jpg,/Users/anirudh/RoadConditionClassifier/FPGAProject/ml/preprocessed/grid_labels/1014610_RS_386_386RS124739_29975_RAW.jpg.npy
/Users/anirudh/RoadConditionClassifier/FPGAProject/ml/cracks-and-potholes-in-road-DatasetNinja/ds0/img/1014611_RS_386_386RS124739_29980_RAW.jpg,/Users/anirudh/RoadConditionClassifier/FPGAProject/ml/preprocessed/grid_labels/1014611_RS_386_386RS124739_29980_RAW.jpg.npy
/Users/anirudh/RoadConditionClassifier/FPGAProject/ml/cracks-and-potholes-in-road-DatasetNinja/ds0/img/1014612_RS_386_386RS124739_29985_RAW.jpg,/Users/anirudh/RoadConditionClassifier/FPGAProject/ml/preprocessed/grid_labels/1014612_RS_386_386RS124739_29985_RAW.jpg.npy
/Users/anirudh/RoadConditionClassifier/FPGAProject/ml/cracks-and-potholes-in-road-DatasetNinja/ds0/img/1014613_RS_386_386RS124739_29990_RAW.jpg,/Users/anirudh/RoadConditionClassifier/FPGAProject/ml/preprocessed/grid_labels/1014613_RS_386_386RS124739_29990_RAW.jpg.npy
/Users/anirudh/RoadConditionClassifier/FPGAProject/ml/cracks-and-potholes-in-road-DatasetNinja/ds0/img/1014615_RS_386_386RS124739_30000_RAW.jpg,/Users/anirudh/RoadConditionClassifier/FPGAProject/ml/preprocessed/grid_labels/1014615_RS_386_386RS124739_30000_RAW.jpg.npy
/Users/anirudh/RoadConditionClassifier/FPGAProject/ml/cracks-and-potholes-in-road-DatasetNinja/ds0/img/1014616_RS_386_386RS124739_30005_RAW.jpg,/Users/anirudh/RoadConditionClassifier/FPGAProject/ml/preprocessed/grid_labels/1014616_RS_386_386RS124739_30005_RAW.jpg.npy
/Users/anirudh/RoadConditionClassifier/FPGAProject/ml/cracks-and-potholes-in-road-DatasetNinja/ds0/img/1014617_RS_386_386RS124739_30010_RAW.jpg,/Users/anirudh/RoadConditionClassifier/FPGAProject/ml/preprocessed/grid_labels/1014617_RS_386_386RS124739_30010_RAW.jpg.npy
/Users/anirudh/RoadConditionClassifier/FPGAProject/ml/cracks-and-potholes-in-road-DatasetNinja/ds0/img/1014618_RS_386_386RS124739_30015_RAW.jpg,/Users/anirudh/RoadConditionClassifier/FPGAProject/ml/preprocessed/grid_labels/1014618_RS_386_386RS124739_30015_RAW.jpg.npy
/Users/anirudh/RoadConditionClassifier/FPGAProject/ml/cracks-and-potholes-in-road-DatasetNinja/ds0/img/1014619_RS_386_386RS124739_30020_RAW.jpg,/Users/anirudh/RoadConditionClassifier/FPGAProject/ml/preprocessed/grid_labels/1014619_RS_386_386RS124739_30020_RAW.jpg.npy
/Users/anirudh/RoadConditionClassifier/FPGAProject/ml/cracks-and-potholes-in-road-DatasetNinja/ds0/img/1014620_RS_386_386RS124739_30026_RAW.jpg,/Users/anirudh/RoadConditionClassifier/FPGAProject/ml/preprocessed/grid_labels/1014620_RS_386_386RS124739_30026_RAW.jpg.npy
/Users/anirudh/RoadConditionClassifier/FPGAProject/ml/cracks-and-potholes-in-road-DatasetNinja/ds0/img/1014621_RS_386_386RS124739_30030_RAW.jpg,/Users/anirudh/RoadConditionClassifier/FPGAProject/ml/preprocessed/grid_labels/1014621_RS_386_386RS124739_30030_RAW.jpg.npy
/Users/anirudh/RoadConditionClassifier/FPGAProject/ml/cracks-and-potholes-in-road-DatasetNinja/ds0/img/1014622_RS_386_386RS124739_30035_RAW.jpg,/Users/anirudh/RoadConditionClassifier/FPGAProject/ml/preprocessed/grid_labels/1014622_RS_386_386RS124739_30035_RAW.jpg.npy
/Users/anirudh/RoadConditionClassifier/FPGAProject/ml/cracks-and-potholes-in-road-DatasetNinja/ds0/img/1014623_RS_386_386RS124739_30040_RAW.jpg,/Users/anirudh/RoadConditionClassifier/FPGAProject/ml/preprocessed/grid_labels/1014623_RS_386_386RS124739_30040_RAW.jpg.npy
/Users/anirudh/RoadConditionClassifier/FPGAProject/ml/cracks-and-potholes-in-road-DatasetNinja/ds0/img/1014626_RS_386_386RS124739_30055_RAW.jpg,/Users/anirudh/RoadConditionClassifier/FPGAProject/ml/preprocessed/grid_labels/1014626_RS_386_386RS124739_30055_RAW.jpg.npy
/Users/anirudh/RoadConditionClassifier/FPGAProject/ml/cracks-and-potholes-in-road-DatasetNinja/ds0/img/1014627_RS_386_386RS124739_30061_RAW.jpg,/Users/anirudh/RoadConditionClassifier/FPGAProject/ml/preprocessed/grid_labels/1014627_RS_386_386RS124739_30061_RAW.jpg.npy
/Users/anirudh/RoadConditionClassifier/FPGAProject/ml/cracks-and-potholes-in-road-DatasetNinja/ds0/img/1014628_RS_386_386RS124739_30065_RAW.jpg,/Users/anirudh/RoadConditionClassifier/FPGAProject/ml/preprocessed/grid_labels/1014628_RS_386_386RS124739_30065_RAW.jpg.npy
/Users/anirudh/RoadConditionClassifier/FPGAProject/ml/cracks-and-potholes-in-road-DatasetNinja/ds0/img/1014629_RS_386_386RS124739_30070_RAW.jpg,/Users/anirudh/RoadConditionClassifier/FPGAProject/ml/preprocessed/grid_labels/1014629_RS_386_386RS124739_30070_RAW.jpg.npy
/Users/anirudh/RoadConditionClassifier/FPGAProject/ml/cracks-and-potholes-in-road-DatasetNinja/ds0/img/1014630_RS_386_386RS124739_30075_RAW.jpg,/Users/anirudh/RoadConditionClassifier/FPGAProject/ml/preprocessed/grid_labels/1014630_RS_386_386RS124739_30075_RAW.jpg.npy
/Users/anirudh/RoadConditionClassifier/FPGAProject/ml/cracks-and-potholes-in-road-DatasetNinja/ds0/img/1014631_RS_386_386RS124739_30080_RAW.jpg,/Users/anirudh/RoadConditionClassifier/FPGAProject/ml/preprocessed/grid_labels/1014631_RS_386_386RS124739_30080_RAW.jpg.npy
/Users/anirudh/RoadConditionClassifier/FPGAProject/ml/cracks-and-potholes-in-road-DatasetNinja/ds0/img/1014632_RS_386_386RS124739_30085_RAW.jpg,/Users/anirudh/RoadConditionClassifier/FPGAProject/ml/preprocessed/grid_labels/1014632_RS_386_386RS124739_30085_RAW.jpg.npy
/Users/anirudh/RoadConditionClassifier/FPGAProject/ml/cracks-and-potholes-in-road-DatasetNinja/ds0/img/1014635_RS_386_386RS124739_30100_RAW.jpg,/Users/anirudh/RoadConditionClassifier/FPGAProject/ml/preprocessed/grid_labels/1014635_RS_386_386RS124739_30100_RAW.jpg.npy
/Users/anirudh/RoadConditionClassifier/FPGAProject/ml/cracks-and-potholes-in-road-DatasetNinja/ds0/img/1014636_RS_386_386RS124739_30105_RAW.jpg,/Users/anirudh/RoadConditionClassifier/FPGAProject/ml/preprocessed/grid_labels/1014636_RS_386_386RS124739_30105_RAW.jpg.npy
/Users/anirudh/RoadConditionClassifier/FPGAProject/ml/cracks-and-potholes-in-road-DatasetNinja/ds0/img/1014637_RS_386_386RS124739_30110_RAW.jpg,/Users/anirudh/RoadConditionClassifier/FPGAProject/ml/preprocessed/grid_labels/1014637_RS_386_386RS124739_30110_RAW.jpg.npy
/Users/anirudh/RoadConditionClassifier/FPGAProject/ml/cracks-and-potholes-in-road-DatasetNinja/ds0/img/1014638_RS_386_386RS124739_30115_RAW.jpg,/Users/anirudh/RoadConditionClassifier/FPGAProject/ml/preprocessed/grid_labels/1014638_RS_386_386RS124739_30115_RAW.jpg.npy
/Users/anirudh/RoadConditionClassifier/FPGAProject/ml/cracks-and-potholes-in-road-DatasetNinja/ds0/img/1014639_RS_386_386RS124739_30121_RAW.jpg,/Users/anirudh/RoadConditionClassifier/FPGAProject/ml/preprocessed/grid_labels/1014639_RS_386_386RS124739_30121_RAW.jpg.npy
/Users/anirudh/RoadConditionClassifier/FPGAProject/ml/cracks-and-potholes-in-road-DatasetNinja/ds0/img/1014640_RS_386_386RS124739_30127_RAW.jpg,/Users/anirudh/RoadConditionClassifier/FPGAProject/ml/preprocessed/grid_labels/1014640_RS_386_386RS124739_30127_RAW.jpg.npy
/Users/anirudh/RoadConditionClassifier/FPGAProject/ml/cracks-and-potholes-in-road-DatasetNinja/ds0/img/1014641_RS_386_386RS124739_30130_RAW.jpg,/Users/anirudh/RoadConditionClassifier/FPGAProject/ml/preprocessed/grid_labels/1014641_RS_386_386RS124739_30130_RAW.jpg.npy
/Users/anirudh/RoadConditionClassifier/FPGAProject/ml/cracks-and-potholes-in-road-DatasetNinja/ds0/img/1014642_RS_386_386RS124739_30135_RAW.jpg,/Users/anirudh/RoadConditionClassifier/FPGAProject/ml/preprocessed/grid_labels/1014642_RS_386_386RS124739_30135_RAW.jpg.npy
/Users/anirudh/RoadConditionClassifier/FPGAProject/ml/cracks-and-potholes-in-road-DatasetNinja/ds0/img/1014643_RS_386_386RS124739_30140_RAW.jpg,/Users/anirudh/RoadConditionClassifier/FPGAProject/ml/preprocessed/grid_labels/1014643_RS_386_386RS124739_30140_RAW.jpg.npy
/Users/anirudh/RoadConditionClassifier/FPGAProject/ml/cracks-and-potholes-in-road-DatasetNinja/ds0/img/1014644_RS_386_386RS124739_30145_RAW.jpg,/Users/anirudh/RoadConditionClassifier/FPGAProject/ml/preprocessed/grid_labels/1014644_RS_386_386RS124739_30145_RAW.jpg.npy
/Users/anirudh/RoadConditionClassifier/FPGAProject/ml/cracks-and-potholes-in-road-DatasetNinja/ds0/img/1014645_RS_386_386RS124739_30150_RAW.jpg,/Users/anirudh/RoadConditionClassifier/FPGAProject/ml/preprocessed/grid_labels/1014645_RS_386_386RS124739_30150_RAW.jpg.npy
/Users/anirudh/RoadConditionClassifier/FPGAProject/ml/cracks-and-potholes-in-road-DatasetNinja/ds0/img/1014648_RS_386_386RS124739_30165_RAW.jpg,/Users/anirudh/RoadConditionClassifier/FPGAProject/ml/preprocessed/grid_labels/1014648_RS_386_386RS124739_30165_RAW.jpg.npy
/Users/anirudh/RoadConditionClassifier/FPGAProject/ml/cracks-and-potholes-in-road-DatasetNinja/ds0/img/1014649_RS_386_386RS124739_30170_RAW.jpg,/Users/anirudh/RoadConditionClassifier/FPGAProject/ml/preprocessed/grid_labels/1014649_RS_386_386RS124739_30170_RAW.jpg.npy
/Users/anirudh/RoadConditionClassifier/FPGAProject/ml/cracks-and-potholes-in-road-DatasetNinja/ds0/img/1014650_RS_386_386RS124739_30175_RAW.jpg,/Users/anirudh/RoadConditionClassifier/FPGAProject/ml/preprocessed/grid_labels/1014650_RS_386_386RS124739_30175_RAW.jpg.npy
/Users/anirudh/RoadConditionClassifier/FPGAProject/ml/cracks-and-potholes-in-road-DatasetNinja/ds0/img/1014651_RS_386_386RS124739_30180_RAW.jpg,/Users/anirudh/RoadConditionClassifier/FPGAProject/ml/preprocessed/grid_labels/1014651_RS_386_386RS124739_30180_RAW.jpg.npy
/Users/anirudh/RoadConditionClassifier/FPGAProject/ml/cracks-and-potholes-in-road-DatasetNinja/ds0/img/1014652_RS_386_386RS124739_30185_RAW.jpg,/Users/anirudh/RoadConditionClassifier/FPGAProject/ml/preprocessed/grid_labels/1014652_RS_386_386RS124739_30185_RAW.jpg.npy
/Users/anirudh/RoadConditionClassifier/FPGAProject/ml/cracks-and-potholes-in-road-DatasetNinja/ds0/img/1014653_RS_386_386RS124739_30190_RAW.jpg,/Users/anirudh/RoadConditionClassifier/FPGAProject/ml/preprocessed/grid_labels/1014653_RS_386_386RS124739_30190_RAW.jpg.npy
/Users/anirudh/RoadConditionClassifier/FPGAProject/ml/cracks-and-potholes-in-road-DatasetNinja/ds0/img/1014654_RS_386_386RS124739_30195_RAW.jpg,/Users/anirudh/RoadConditionClassifier/FPGAProject/ml/preprocessed/grid_labels/1014654_RS_386_386RS124739_30195_RAW.jpg.npy
/Users/anirudh/RoadConditionClassifier/FPGAProject/ml/cracks-and-potholes-in-road-DatasetNinja/ds0/img/1014655_RS_386_386RS124739_30200_RAW.jpg,/Users/anirudh/RoadConditionClassifier/FPGAProject/ml/preprocessed/grid_labels/1014655_RS_386_386RS124739_30200_RAW.jpg.npy
/Users/anirudh/RoadConditionClassifier/FPGAProject/ml/cracks-and-potholes-in-road-DatasetNinja/ds0/img/1014658_RS_386_386RS124739_30216_RAW.jpg,/Users/anirudh/RoadConditionClassifier/FPGAProject/ml/preprocessed/grid_labels/1014658_RS_386_386RS124739_30216_RAW.jpg.npy
/Users/anirudh/RoadConditionClassifier/FPGAProject/ml/cracks-and-potholes-in-road-DatasetNinja/ds0/img/1014659_RS_386_386RS124739_30220_RAW.jpg,/Users/anirudh/RoadConditionClassifier/FPGAProject/ml/preprocessed/grid_labels/1014659_RS_386_386RS124739_30220_RAW.jpg.npy
/Users/anirudh/RoadConditionClassifier/FPGAProject/ml/cracks-and-potholes-in-road-DatasetNinja/ds0/img/1014660_RS_386_386RS124739_30225_RAW.jpg,/Users/anirudh/RoadConditionClassifier/FPGAProject/ml/preprocessed/grid_labels/1014660_RS_386_386RS124739_30225_RAW.jpg.npy
/Users/anirudh/RoadConditionClassifier/FPGAProject/ml/cracks-and-potholes-in-road-DatasetNinja/ds0/img/1014661_RS_386_386RS124739_30230_RAW.jpg,/Users/anirudh/RoadConditionClassifier/FPGAProject/ml/preprocessed/grid_labels/1014661_RS_386_386RS124739_30230_RAW.jpg.npy
/Users/anirudh/RoadConditionClassifier/FPGAProject/ml/cracks-and-potholes-in-road-DatasetNinja/ds0/img/1014663_RS_386_386RS124739_30240_RAW.jpg,/Users/anirudh/RoadConditionClassifier/FPGAProject/ml/preprocessed/grid_labels/1014663_RS_386_386RS124739_30240_RAW.jpg.npy
/Users/anirudh/RoadConditionClassifier/FPGAProject/ml/cracks-and-potholes-in-road-DatasetNinja/ds0/img/1014664_RS_386_386RS124739_30246_RAW.jpg,/Users/anirudh/RoadConditionClassifier/FPGAProject/ml/preprocessed/grid_labels/1014664_RS_386_386RS124739_30246_RAW.jpg.npy
/Users/anirudh/RoadConditionClassifier/FPGAProject/ml/cracks-and-potholes-in-road-DatasetNinja/ds0/img/1014665_RS_386_386RS124739_30250_RAW.jpg,/Users/anirudh/RoadConditionClassifier/FPGAProject/ml/preprocessed/grid_labels/1014665_RS_386_386RS124739_30250_RAW.jpg.npy
/Users/anirudh/RoadConditionClassifier/FPGAProject/ml/cracks-and-potholes-in-road-DatasetNinja/ds0/img/1014668_RS_386_386RS124739_30265_RAW.jpg,/Users/anirudh/RoadConditionClassifier/FPGAProject/ml/preprocessed/grid_labels/1014668_RS_386_386RS124739_30265_RAW.jpg.npy
/Users/anirudh/RoadConditionClassifier/FPGAProject/ml/cracks-and-potholes-in-road-DatasetNinja/ds0/img/1014669_RS_386_386RS124739_30271_RAW.jpg,/Users/anirudh/RoadConditionClassifier/FPGAProject/ml/preprocessed/grid_labels/1014669_RS_386_386RS124739_30271_RAW.jpg.npy
/Users/anirudh/RoadConditionClassifier/FPGAProject/ml/cracks-and-potholes-in-road-DatasetNinja/ds0/img/1014670_RS_386_386RS124739_30275_RAW.jpg,/Users/anirudh/RoadConditionClassifier/FPGAProject/ml/preprocessed/grid_labels/1014670_RS_386_386RS124739_30275_RAW.jpg.npy
/Users/anirudh/RoadConditionClassifier/FPGAProject/ml/cracks-and-potholes-in-road-DatasetNinja/ds0/img/1014671_RS_386_386RS124739_30280_RAW.jpg,/Users/anirudh/RoadConditionClassifier/FPGAProject/ml/preprocessed/grid_labels/1014671_RS_386_386RS124739_30280_RAW.jpg.npy
/Users/anirudh/RoadConditionClassifier/FPGAProject/ml/cracks-and-potholes-in-road-DatasetNinja/ds0/img/1014672_RS_386_386RS124739_30285_RAW.jpg,/Users/anirudh/RoadConditionClassifier/FPGAProject/ml/preprocessed/grid_labels/1014672_RS_386_386RS124739_30285_RAW.jpg.npy
/Users/anirudh/RoadConditionClassifier/FPGAProject/ml/cracks-and-potholes-in-road-DatasetNinja/ds0/img/1014673_RS_386_386RS124739_30290_RAW.jpg,/Users/anirudh/RoadConditionClassifier/FPGAProject/ml/preprocessed/grid_labels/1014673_RS_386_386RS124739_30290_RAW.jpg.npy
/Users/anirudh/RoadConditionClassifier/FPGAProject/ml/cracks-and-potholes-in-road-DatasetNinja/ds0/img/1014675_RS_386_386RS124739_30300_RAW.jpg,/Users/anirudh/RoadConditionClassifier/FPGAProject/ml/preprocessed/grid_labels/1014675_RS_386_386RS124739_30300_RAW.jpg.npy
/Users/anirudh/RoadConditionClassifier/FPGAProject/ml/cracks-and-potholes-in-road-DatasetNinja/ds0/img/1014676_RS_386_386RS124739_30305_RAW.jpg,/Users/anirudh/RoadConditionClassifier/FPGAProject/ml/preprocessed/grid_labels/1014676_RS_386_386RS124739_30305_RAW.jpg.npy
/Users/anirudh/RoadConditionClassifier/FPGAProject/ml/cracks-and-potholes-in-road-DatasetNinja/ds0/img/1014677_RS_386_386RS124739_30310_RAW.jpg,/Users/anirudh/RoadConditionClassifier/FPGAProject/ml/preprocessed/grid_labels/1014677_RS_386_386RS124739_30310_RAW.jpg.npy
/Users/anirudh/RoadConditionClassifier/FPGAProject/ml/cracks-and-potholes-in-road-DatasetNinja/ds0/img/1014678_RS_386_386RS124739_30315_RAW.jpg,/Users/anirudh/RoadConditionClassifier/FPGAProject/ml/preprocessed/grid_labels/1014678_RS_386_386RS124739_30315_RAW.jpg.npy
/Users/anirudh/RoadConditionClassifier/FPGAProject/ml/cracks-and-potholes-in-road-DatasetNinja/ds0/img/1014679_RS_386_386RS124739_30321_RAW.jpg,/Users/anirudh/RoadConditionClassifier/FPGAProject/ml/preprocessed/grid_labels/1014679_RS_386_386RS124739_30321_RAW.jpg.npy
/Users/anirudh/RoadConditionClassifier/FPGAProject/ml/cracks-and-potholes-in-road-DatasetNinja/ds0/img/1014680_RS_386_386RS124739_30325_RAW.jpg,/Users/anirudh/RoadConditionClassifier/FPGAProject/ml/preprocessed/grid_labels/1014680_RS_386_386RS124739_30325_RAW.jpg.npy
/Users/anirudh/RoadConditionClassifier/FPGAProject/ml/cracks-and-potholes-in-road-DatasetNinja/ds0/img/1014681_RS_386_386RS124739_30330_RAW.jpg,/Users/anirudh/RoadConditionClassifier/FPGAProject/ml/preprocessed/grid_labels/1014681_RS_386_386RS124739_30330_RAW.jpg.npy
/Users/anirudh/RoadConditionClassifier/FPGAProject/ml/cracks-and-potholes-in-road-DatasetNinja/ds0/img/1014682_RS_386_386RS124739_30335_RAW.jpg,/Users/anirudh/RoadConditionClassifier/FPGAProject/ml/preprocessed/grid_labels/1014682_RS_386_386RS124739_30335_RAW.jpg.npy
/Users/anirudh/RoadConditionClassifier/FPGAProject/ml/cracks-and-potholes-in-road-DatasetNinja/ds0/img/1014683_RS_386_386RS124739_30340_RAW.jpg,/Users/anirudh/RoadConditionClassifier/FPGAProject/ml/preprocessed/grid_labels/1014683_RS_386_386RS124739_30340_RAW.jpg.npy
/Users/anirudh/RoadConditionClassifier/FPGAProject/ml/cracks-and-potholes-in-road-DatasetNinja/ds0/img/1014684_RS_386_386RS124739_30345_RAW.jpg,/Users/anirudh/RoadConditionClassifier/FPGAProject/ml/preprocessed/grid_labels/1014684_RS_386_386RS124739_30345_RAW.jpg.npy
/Users/anirudh/RoadConditionClassifier/FPGAProject/ml/cracks-and-potholes-in-road-DatasetNinja/ds0/img/1014685_RS_386_386RS124739_30350_RAW.jpg,/Users/anirudh/RoadConditionClassifier/FPGAProject/ml/preprocessed/grid_labels/1014685_RS_386_386RS124739_30350_RAW.jpg.npy
/Users/anirudh/RoadConditionClassifier/FPGAProject/ml/cracks-and-potholes-in-road-DatasetNinja/ds0/img/1014686_RS_386_386RS124739_30355_RAW.jpg,/Users/anirudh/RoadConditionClassifier/FPGAProject/ml/preprocessed/grid_labels/1014686_RS_386_386RS124739_30355_RAW.jpg.npy
/Users/anirudh/RoadConditionClassifier/FPGAProject/ml/cracks-and-potholes-in-road-DatasetNinja/ds0/img/1014687_RS_386_386RS124739_30360_RAW.jpg,/Users/anirudh/RoadConditionClassifier/FPGAProject/ml/preprocessed/grid_labels/1014687_RS_386_386RS124739_30360_RAW.jpg.npy
/Users/anirudh/RoadConditionClassifier/FPGAProject/ml/cracks-and-potholes-in-road-DatasetNinja/ds0/img/1014688_RS_386_386RS124739_30365_RAW.jpg,/Users/anirudh/RoadConditionClassifier/FPGAProject/ml/preprocessed/grid_labels/1014688_RS_386_386RS124739_30365_RAW.jpg.npy
/Users/anirudh/RoadConditionClassifier/FPGAProject/ml/cracks-and-potholes-in-road-DatasetNinja/ds0/img/1014689_RS_386_386RS124739_30371_RAW.jpg,/Users/anirudh/RoadConditionClassifier/FPGAProject/ml/preprocessed/grid_labels/1014689_RS_386_386RS124739_30371_RAW.jpg.npy
/Users/anirudh/RoadConditionClassifier/FPGAProject/ml/cracks-and-potholes-in-road-DatasetNinja/ds0/img/1014690_RS_386_386RS124739_30375_RAW.jpg,/Users/anirudh/RoadConditionClassifier/FPGAProject/ml/preprocessed/grid_labels/1014690_RS_386_386RS124739_30375_RAW.jpg.npy
/Users/anirudh/RoadConditionClassifier/FPGAProject/ml/cracks-and-potholes-in-road-DatasetNinja/ds0/img/1014691_RS_386_386RS124739_30380_RAW.jpg,/Users/anirudh/RoadConditionClassifier/FPGAProject/ml/preprocessed/grid_labels/1014691_RS_386_386RS124739_30380_RAW.jpg.npy
/Users/anirudh/RoadConditionClassifier/FPGAProject/ml/cracks-and-potholes-in-road-DatasetNinja/ds0/img/1014692_RS_386_386RS124739_30385_RAW.jpg,/Users/anirudh/RoadConditionClassifier/FPGAProject/ml/preprocessed/grid_labels/1014692_RS_386_386RS124739_30385_RAW.jpg.npy
/Users/anirudh/RoadConditionClassifier/FPGAProject/ml/cracks-and-potholes-in-road-DatasetNinja/ds0/img/1014693_RS_386_386RS124739_30390_RAW.jpg,/Users/anirudh/RoadConditionClassifier/FPGAProject/ml/preprocessed/grid_labels/1014693_RS_386_386RS124739_30390_RAW.jpg.npy
/Users/anirudh/RoadConditionClassifier/FPGAProject/ml/cracks-and-potholes-in-road-DatasetNinja/ds0/img/1014694_RS_386_386RS124739_30395_RAW.jpg,/Users/anirudh/RoadConditionClassifier/FPGAProject/ml/preprocessed/grid_labels/1014694_RS_386_386RS124739_30395_RAW.jpg.npy
/Users/anirudh/RoadConditionClassifier/FPGAProject/ml/cracks-and-potholes-in-road-DatasetNinja/ds0/img/1014695_RS_386_386RS124739_30400_RAW.jpg,/Users/anirudh/RoadConditionClassifier/FPGAProject/ml/preprocessed/grid_labels/1014695_RS_386_386RS124739_30400_RAW.jpg.npy
/Users/anirudh/RoadConditionClassifier/FPGAProject/ml/cracks-and-potholes-in-road-DatasetNinja/ds0/img/1014696_RS_386_386RS124739_30405_RAW.jpg,/Users/anirudh/RoadConditionClassifier/FPGAProject/ml/preprocessed/grid_labels/1014696_RS_386_386RS124739_30405_RAW.jpg.npy
/Users/anirudh/RoadConditionClassifier/FPGAProject/ml/cracks-and-potholes-in-road-DatasetNinja/ds0/img/1014697_RS_386_386RS124739_30410_RAW.jpg,/Users/anirudh/RoadConditionClassifier/FPGAProject/ml/preprocessed/grid_labels/1014697_RS_386_386RS124739_30410_RAW.jpg.npy
/Users/anirudh/RoadConditionClassifier/FPGAProject/ml/cracks-and-potholes-in-road-DatasetNinja/ds0/img/1014698_RS_386_386RS124739_30415_RAW.jpg,/Users/anirudh/RoadConditionClassifier/FPGAProject/ml/preprocessed/grid_labels/1014698_RS_386_386RS124739_30415_RAW.jpg.npy
/Users/anirudh/RoadConditionClassifier/FPGAProject/ml/cracks-and-potholes-in-road-DatasetNinja/ds0/img/1014701_RS_386_386RS124739_30430_RAW.jpg,/Users/anirudh/RoadConditionClassifier/FPGAProject/ml/preprocessed/grid_labels/1014701_RS_386_386RS124739_30430_RAW.jpg.npy
/Users/anirudh/RoadConditionClassifier/FPGAProject/ml/cracks-and-potholes-in-road-DatasetNinja/ds0/img/1014702_RS_386_386RS124739_30435_RAW.jpg,/Users/anirudh/RoadConditionClassifier/FPGAProject/ml/preprocessed/grid_labels/1014702_RS_386_386RS124739_30435_RAW.jpg.npy
/Users/anirudh/RoadConditionClassifier/FPGAProject/ml/cracks-and-potholes-in-road-DatasetNinja/ds0/img/1014703_RS_386_386RS124739_30440_RAW.jpg,/Users/anirudh/RoadConditionClassifier/FPGAProject/ml/preprocessed/grid_labels/1014703_RS_386_386RS124739_30440_RAW.jpg.npy
/Users/anirudh/RoadConditionClassifier/FPGAProject/ml/cracks-and-potholes-in-road-DatasetNinja/ds0/img/1014704_RS_386_386RS124739_30445_RAW.jpg,/Users/anirudh/RoadConditionClassifier/FPGAProject/ml/preprocessed/grid_labels/1014704_RS_386_386RS124739_30445_RAW.jpg.npy
/Users/anirudh/RoadConditionClassifier/FPGAProject/ml/cracks-and-potholes-in-road-DatasetNinja/ds0/img/1014705_RS_386_386RS124739_30450_RAW.jpg,/Users/anirudh/RoadConditionClassifier/FPGAProject/ml/preprocessed/grid_labels/1014705_RS_386_386RS124739_30450_RAW.jpg.npy
/Users/anirudh/RoadConditionClassifier/FPGAProject/ml/cracks-and-potholes-in-road-DatasetNinja/ds0/img/1014706_RS_386_386RS124739_30455_RAW.jpg,/Users/anirudh/RoadConditionClassifier/FPGAProject/ml/preprocessed/grid_labels/1014706_RS_386_386RS124739_30455_RAW.jpg.npy
/Users/anirudh/RoadConditionClassifier/FPGAProject/ml/cracks-and-potholes-in-road-DatasetNinja/ds0/img/1014707_RS_386_386RS124739_30460_RAW.jpg,/Users/anirudh/RoadConditionClassifier/FPGAProject/ml/preprocessed/grid_labels/1014707_RS_386_386RS124739_30460_RAW.jpg.npy
/Users/anirudh/RoadConditionClassifier/FPGAProject/ml/cracks-and-potholes-in-road-DatasetNinja/ds0/img/1014708_RS_386_386RS124739_30465_RAW.jpg,/Users/anirudh/RoadConditionClassifier/FPGAProject/ml/preprocessed/grid_labels/1014708_RS_386_386RS124739_30465_RAW.jpg.npy
/Users/anirudh/RoadConditionClassifier/FPGAProject/ml/cracks-and-potholes-in-road-DatasetNinja/ds0/img/1014709_RS_386_386RS124739_30470_RAW.jpg,/Users/anirudh/RoadConditionClassifier/FPGAProject/ml/preprocessed/grid_labels/1014709_RS_386_386RS124739_30470_RAW.jpg.npy
/Users/anirudh/RoadConditionClassifier/FPGAProject/ml/cracks-and-potholes-in-road-DatasetNinja/ds0/img/1014710_RS_386_386RS124739_30475_RAW.jpg,/Users/anirudh/RoadConditionClassifier/FPGAProject/ml/preprocessed/grid_labels/1014710_RS_386_386RS124739_30475_RAW.jpg.npy
/Users/anirudh/RoadConditionClassifier/FPGAProject/ml/cracks-and-potholes-in-road-DatasetNinja/ds0/img/1014711_RS_386_386RS124739_30480_RAW.jpg,/Users/anirudh/RoadConditionClassifier/FPGAProject/ml/preprocessed/grid_labels/1014711_RS_386_386RS124739_30480_RAW.jpg.npy
/Users/anirudh/RoadConditionClassifier/FPGAProject/ml/cracks-and-potholes-in-road-DatasetNinja/ds0/img/1014712_RS_386_386RS124739_30485_RAW.jpg,/Users/anirudh/RoadConditionClassifier/FPGAProject/ml/preprocessed/grid_labels/1014712_RS_386_386RS124739_30485_RAW.jpg.npy
/Users/anirudh/RoadConditionClassifier/FPGAProject/ml/cracks-and-potholes-in-road-DatasetNinja/ds0/img/1014713_RS_386_386RS124739_30490_RAW.jpg,/Users/anirudh/RoadConditionClassifier/FPGAProject/ml/preprocessed/grid_labels/1014713_RS_386_386RS124739_30490_RAW.jpg.npy
/Users/anirudh/RoadConditionClassifier/FPGAProject/ml/cracks-and-potholes-in-road-DatasetNinja/ds0/img/1014714_RS_386_386RS124739_30495_RAW.jpg,/Users/anirudh/RoadConditionClassifier/FPGAProject/ml/preprocessed/grid_labels/1014714_RS_386_386RS124739_30495_RAW.jpg.npy
/Users/anirudh/RoadConditionClassifier/FPGAProject/ml/cracks-and-potholes-in-road-DatasetNinja/ds0/img/1014715_RS_386_386RS124739_30500_RAW.jpg,/Users/anirudh/RoadConditionClassifier/FPGAProject/ml/preprocessed/grid_labels/1014715_RS_386_386RS124739_30500_RAW.jpg.npy
/Users/anirudh/RoadConditionClassifier/FPGAProject/ml/cracks-and-potholes-in-road-DatasetNinja/ds0/img/1014716_RS_386_386RS124739_30505_RAW.jpg,/Users/anirudh/RoadConditionClassifier/FPGAProject/ml/preprocessed/grid_labels/1014716_RS_386_386RS124739_30505_RAW.jpg.npy
/Users/anirudh/RoadConditionClassifier/FPGAProject/ml/cracks-and-potholes-in-road-DatasetNinja/ds0/img/1014721_RS_386_386RS124739_30530_RAW.jpg,/Users/anirudh/RoadConditionClassifier/FPGAProject/ml/preprocessed/grid_labels/1014721_RS_386_386RS124739_30530_RAW.jpg.npy
/Users/anirudh/RoadConditionClassifier/FPGAProject/ml/cracks-and-potholes-in-road-DatasetNinja/ds0/img/1014722_RS_386_386RS124739_30536_RAW.jpg,/Users/anirudh/RoadConditionClassifier/FPGAProject/ml/preprocessed/grid_labels/1014722_RS_386_386RS124739_30536_RAW.jpg.npy
/Users/anirudh/RoadConditionClassifier/FPGAProject/ml/cracks-and-potholes-in-road-DatasetNinja/ds0/img/1014723_RS_386_386RS124739_30540_RAW.jpg,/Users/anirudh/RoadConditionClassifier/FPGAProject/ml/preprocessed/grid_labels/1014723_RS_386_386RS124739_30540_RAW.jpg.npy
/Users/anirudh/RoadConditionClassifier/FPGAProject/ml/cracks-and-potholes-in-road-DatasetNinja/ds0/img/1014724_RS_386_386RS124739_30545_RAW.jpg,/Users/anirudh/RoadConditionClassifier/FPGAProject/ml/preprocessed/grid_labels/1014724_RS_386_386RS124739_30545_RAW.jpg.npy
/Users/anirudh/RoadConditionClassifier/FPGAProject/ml/cracks-and-potholes-in-road-DatasetNinja/ds0/img/1014725_RS_386_386RS124739_30550_RAW.jpg,/Users/anirudh/RoadConditionClassifier/FPGAProject/ml/preprocessed/grid_labels/1014725_RS_386_386RS124739_30550_RAW.jpg.npy
/Users/anirudh/RoadConditionClassifier/FPGAProject/ml/cracks-and-potholes-in-road-DatasetNinja/ds0/img/1014726_RS_386_386RS124739_30555_RAW.jpg,/Users/anirudh/RoadConditionClassifier/FPGAProject/ml/preprocessed/grid_labels/1014726_RS_386_386RS124739_30555_RAW.jpg.npy
/Users/anirudh/RoadConditionClassifier/FPGAProject/ml/cracks-and-potholes-in-road-DatasetNinja/ds0/img/1014727_RS_386_386RS124739_30560_RAW.jpg,/Users/anirudh/RoadConditionClassifier/FPGAProject/ml/preprocessed/grid_labels/1014727_RS_386_386RS124739_30560_RAW.jpg.npy
/Users/anirudh/RoadConditionClassifier/FPGAProject/ml/cracks-and-potholes-in-road-DatasetNinja/ds0/img/1014728_RS_386_386RS124739_30565_RAW.jpg,/Users/anirudh/RoadConditionClassifier/FPGAProject/ml/preprocessed/grid_labels/1014728_RS_386_386RS124739_30565_RAW.jpg.npy
/Users/anirudh/RoadConditionClassifier/FPGAProject/ml/cracks-and-potholes-in-road-DatasetNinja/ds0/img/1014729_RS_386_386RS124739_30570_RAW.jpg,/Users/anirudh/RoadConditionClassifier/FPGAProject/ml/preprocessed/grid_labels/1014729_RS_386_386RS124739_30570_RAW.jpg.npy
/Users/anirudh/RoadConditionClassifier/FPGAProject/ml/cracks-and-potholes-in-road-DatasetNinja/ds0/img/1014730_RS_386_386RS124739_30575_RAW.jpg,/Users/anirudh/RoadConditionClassifier/FPGAProject/ml/preprocessed/grid_labels/1014730_RS_386_386RS124739_30575_RAW.jpg.npy
/Users/anirudh/RoadConditionClassifier/FPGAProject/ml/cracks-and-potholes-in-road-DatasetNinja/ds0/img/1014735_RS_386_386RS124739_30601_RAW.jpg,/Users/anirudh/RoadConditionClassifier/FPGAProject/ml/preprocessed/grid_labels/1014735_RS_386_386RS124739_30601_RAW.jpg.npy
/Users/anirudh/RoadConditionClassifier/FPGAProject/ml/cracks-and-potholes-in-road-DatasetNinja/ds0/img/1014736_RS_386_386RS124739_30605_RAW.jpg,/Users/anirudh/RoadConditionClassifier/FPGAProject/ml/preprocessed/grid_labels/1014736_RS_386_386RS124739_30605_RAW.jpg.npy
/Users/anirudh/RoadConditionClassifier/FPGAProject/ml/cracks-and-potholes-in-road-DatasetNinja/ds0/img/1014737_RS_386_386RS124739_30610_RAW.jpg,/Users/anirudh/RoadConditionClassifier/FPGAProject/ml/preprocessed/grid_labels/1014737_RS_386_386RS124739_30610_RAW.jpg.npy
/Users/anirudh/RoadConditionClassifier/FPGAProject/ml/cracks-and-potholes-in-road-DatasetNinja/ds0/img/1014738_RS_386_386RS124739_30615_RAW.jpg,/Users/anirudh/RoadConditionClassifier/FPGAProject/ml/preprocessed/grid_labels/1014738_RS_386_386RS124739_30615_RAW.jpg.npy
/Users/anirudh/RoadConditionClassifier/FPGAProject/ml/cracks-and-potholes-in-road-DatasetNinja/ds0/img/1014744_RS_386_386RS124739_30645_RAW.jpg,/Users/anirudh/RoadConditionClassifier/FPGAProject/ml/preprocessed/grid_labels/1014744_RS_386_386RS124739_30645_RAW.jpg.npy
/Users/anirudh/RoadConditionClassifier/FPGAProject/ml/cracks-and-potholes-in-road-DatasetNinja/ds0/img/1014745_RS_386_386RS124739_30651_RAW.jpg,/Users/anirudh/RoadConditionClassifier/FPGAProject/ml/preprocessed/grid_labels/1014745_RS_386_386RS124739_30651_RAW.jpg.npy
/Users/anirudh/RoadConditionClassifier/FPGAProject/ml/cracks-and-potholes-in-road-DatasetNinja/ds0/img/1014746_RS_386_386RS124739_30655_RAW.jpg,/Users/anirudh/RoadConditionClassifier/FPGAProject/ml/preprocessed/grid_labels/1014746_RS_386_386RS124739_30655_RAW.jpg.npy
/Users/anirudh/RoadConditionClassifier/FPGAProject/ml/cracks-and-potholes-in-road-DatasetNinja/ds0/img/1014747_RS_386_386RS124739_30660_RAW.jpg,/Users/anirudh/RoadConditionClassifier/FPGAProject/ml/preprocessed/grid_labels/1014747_RS_386_386RS124739_30660_RAW.jpg.npy
/Users/anirudh/RoadConditionClassifier/FPGAProject/ml/cracks-and-potholes-in-road-DatasetNinja/ds0/img/1014748_RS_386_386RS124739_30665_RAW.jpg,/Users/anirudh/RoadConditionClassifier/FPGAProject/ml/preprocessed/grid_labels/1014748_RS_386_386RS124739_30665_RAW.jpg.npy
/Users/anirudh/RoadConditionClassifier/FPGAProject/ml/cracks-and-potholes-in-road-DatasetNinja/ds0/img/1014749_RS_386_386RS124739_30670_RAW.jpg,/Users/anirudh/RoadConditionClassifier/FPGAProject/ml/preprocessed/grid_labels/1014749_RS_386_386RS124739_30670_RAW.jpg.npy
/Users/anirudh/RoadConditionClassifier/FPGAProject/ml/cracks-and-potholes-in-road-DatasetNinja/ds0/img/1014750_RS_386_386RS124739_30675_RAW.jpg,/Users/anirudh/RoadConditionClassifier/FPGAProject/ml/preprocessed/grid_labels/1014750_RS_386_386RS124739_30675_RAW.jpg.npy
/Users/anirudh/RoadConditionClassifier/FPGAProject/ml/cracks-and-potholes-in-road-DatasetNinja/ds0/img/1014751_RS_386_386RS124739_30680_RAW.jpg,/Users/anirudh/RoadConditionClassifier/FPGAProject/ml/preprocessed/grid_labels/1014751_RS_386_386RS124739_30680_RAW.jpg.npy
/Users/anirudh/RoadConditionClassifier/FPGAProject/ml/cracks-and-potholes-in-road-DatasetNinja/ds0/img/1014752_RS_386_386RS124739_30685_RAW.jpg,/Users/anirudh/RoadConditionClassifier/FPGAProject/ml/preprocessed/grid_labels/1014752_RS_386_386RS124739_30685_RAW.jpg.npy
/Users/anirudh/RoadConditionClassifier/FPGAProject/ml/cracks-and-potholes-in-road-DatasetNinja/ds0/img/1014753_RS_386_386RS124739_30690_RAW.jpg,/Users/anirudh/RoadConditionClassifier/FPGAProject/ml/preprocessed/grid_labels/1014753_RS_386_386RS124739_30690_RAW.jpg.npy
/Users/anirudh/RoadConditionClassifier/FPGAProject/ml/cracks-and-potholes-in-road-DatasetNinja/ds0/img/1014754_RS_386_386RS124739_30695_RAW.jpg,/Users/anirudh/RoadConditionClassifier/FPGAProject/ml/preprocessed/grid_labels/1014754_RS_386_386RS124739_30695_RAW.jpg.npy
/Users/anirudh/RoadConditionClassifier/FPGAProject/ml/cracks-and-potholes-in-road-DatasetNinja/ds0/img/1014755_RS_386_386RS124739_30700_RAW.jpg,/Users/anirudh/RoadConditionClassifier/FPGAProject/ml/preprocessed/grid_labels/1014755_RS_386_386RS124739_30700_RAW.jpg.npy
/Users/anirudh/RoadConditionClassifier/FPGAProject/ml/cracks-and-potholes-in-road-DatasetNinja/ds0/img/1014756_RS_386_386RS124739_30705_RAW.jpg,/Users/anirudh/RoadConditionClassifier/FPGAProject/ml/preprocessed/grid_labels/1014756_RS_386_386RS124739_30705_RAW.jpg.npy
/Users/anirudh/RoadConditionClassifier/FPGAProject/ml/cracks-and-potholes-in-road-DatasetNinja/ds0/img/1014757_RS_386_386RS124739_30710_RAW.jpg,/Users/anirudh/RoadConditionClassifier/FPGAProject/ml/preprocessed/grid_labels/1014757_RS_386_386RS124739_30710_RAW.jpg.npy
/Users/anirudh/RoadConditionClassifier/FPGAProject/ml/cracks-and-potholes-in-road-DatasetNinja/ds0/img/1014758_RS_386_386RS124739_30715_RAW.jpg,/Users/anirudh/RoadConditionClassifier/FPGAProject/ml/preprocessed/grid_labels/1014758_RS_386_386RS124739_30715_RAW.jpg.npy
/Users/anirudh/RoadConditionClassifier/FPGAProject/ml/cracks-and-potholes-in-road-DatasetNinja/ds0/img/1014759_RS_386_386RS124739_30720_RAW.jpg,/Users/anirudh/RoadConditionClassifier/FPGAProject/ml/preprocessed/grid_labels/1014759_RS_386_386RS124739_30720_RAW.jpg.npy
/Users/anirudh/RoadConditionClassifier/FPGAProject/ml/cracks-and-potholes-in-road-DatasetNinja/ds0/img/1014760_RS_386_386RS124739_30725_RAW.jpg,/Users/anirudh/RoadConditionClassifier/FPGAProject/ml/preprocessed/grid_labels/1014760_RS_386_386RS124739_30725_RAW.jpg.npy
/Users/anirudh/RoadConditionClassifier/FPGAProject/ml/cracks-and-potholes-in-road-DatasetNinja/ds0/img/1014761_RS_386_386RS124739_30730_RAW.jpg,/Users/anirudh/RoadConditionClassifier/FPGAProject/ml/preprocessed/grid_labels/1014761_RS_386_386RS124739_30730_RAW.jpg.npy
/Users/anirudh/RoadConditionClassifier/FPGAProject/ml/cracks-and-potholes-in-road-DatasetNinja/ds0/img/1014762_RS_386_386RS124739_30735_RAW.jpg,/Users/anirudh/RoadConditionClassifier/FPGAProject/ml/preprocessed/grid_labels/1014762_RS_386_386RS124739_30735_RAW.jpg.npy
/Users/anirudh/RoadConditionClassifier/FPGAProject/ml/cracks-and-potholes-in-road-DatasetNinja/ds0/img/1014763_RS_386_386RS124739_30740_RAW.jpg,/Users/anirudh/RoadConditionClassifier/FPGAProject/ml/preprocessed/grid_labels/1014763_RS_386_386RS124739_30740_RAW.jpg.npy
/Users/anirudh/RoadConditionClassifier/FPGAProject/ml/cracks-and-potholes-in-road-DatasetNinja/ds0/img/1014764_RS_386_386RS124739_30745_RAW.jpg,/Users/anirudh/RoadConditionClassifier/FPGAProject/ml/preprocessed/grid_labels/1014764_RS_386_386RS124739_30745_RAW.jpg.npy
/Users/anirudh/RoadConditionClassifier/FPGAProject/ml/cracks-and-potholes-in-road-DatasetNinja/ds0/img/1014765_RS_386_386RS124739_30750_RAW.jpg,/Users/anirudh/RoadConditionClassifier/FPGAProject/ml/preprocessed/grid_labels/1014765_RS_386_386RS124739_30750_RAW.jpg.npy
/Users/anirudh/RoadConditionClassifier/FPGAProject/ml/cracks-and-potholes-in-road-DatasetNinja/ds0/img/1014766_RS_386_386RS124739_30755_RAW.jpg,/Users/anirudh/RoadConditionClassifier/FPGAProject/ml/preprocessed/grid_labels/1014766_RS_386_386RS124739_30755_RAW.jpg.npy
/Users/anirudh/RoadConditionClassifier/FPGAProject/ml/cracks-and-potholes-in-road-DatasetNinja/ds0/img/1014767_RS_386_386RS124739_30760_RAW.jpg,/Users/anirudh/RoadConditionClassifier/FPGAProject/ml/preprocessed/grid_labels/1014767_RS_386_386RS124739_30760_RAW.jpg.npy
/Users/anirudh/RoadConditionClassifier/FPGAProject/ml/cracks-and-potholes-in-road-DatasetNinja/ds0/img/1014768_RS_386_386RS124739_30765_RAW.jpg,/Users/anirudh/RoadConditionClassifier/FPGAProject/ml/preprocessed/grid_labels/1014768_RS_386_386RS124739_30765_RAW.jpg.npy
/Users/anirudh/RoadConditionClassifier/FPGAProject/ml/cracks-and-potholes-in-road-DatasetNinja/ds0/img/1014776_RS_386_386RS124739_30806_RAW.jpg,/Users/anirudh/RoadConditionClassifier/FPGAProject/ml/preprocessed/grid_labels/1014776_RS_386_386RS124739_30806_RAW.jpg.npy
/Users/anirudh/RoadConditionClassifier/FPGAProject/ml/cracks-and-potholes-in-road-DatasetNinja/ds0/img/1014777_RS_386_386RS124739_30811_RAW.jpg,/Users/anirudh/RoadConditionClassifier/FPGAProject/ml/preprocessed/grid_labels/1014777_RS_386_386RS124739_30811_RAW.jpg.npy
/Users/anirudh/RoadConditionClassifier/FPGAProject/ml/cracks-and-potholes-in-road-DatasetNinja/ds0/img/1014778_RS_386_386RS124739_30816_RAW.jpg,/Users/anirudh/RoadConditionClassifier/FPGAProject/ml/preprocessed/grid_labels/1014778_RS_386_386RS124739_30816_RAW.jpg.npy
/Users/anirudh/RoadConditionClassifier/FPGAProject/ml/cracks-and-potholes-in-road-DatasetNinja/ds0/img/1014779_RS_386_386RS124739_30820_RAW.jpg,/Users/anirudh/RoadConditionClassifier/FPGAProject/ml/preprocessed/grid_labels/1014779_RS_386_386RS124739_30820_RAW.jpg.npy
/Users/anirudh/RoadConditionClassifier/FPGAProject/ml/cracks-and-potholes-in-road-DatasetNinja/ds0/img/1014780_RS_386_386RS124739_30826_RAW.jpg,/Users/anirudh/RoadConditionClassifier/FPGAProject/ml/preprocessed/grid_labels/1014780_RS_386_386RS124739_30826_RAW.jpg.npy
/Users/anirudh/RoadConditionClassifier/FPGAProject/ml/cracks-and-potholes-in-road-DatasetNinja/ds0/img/1014781_RS_386_386RS124739_30830_RAW.jpg,/Users/anirudh/RoadConditionClassifier/FPGAProject/ml/preprocessed/grid_labels/1014781_RS_386_386RS124739_30830_RAW.jpg.npy
/Users/anirudh/RoadConditionClassifier/FPGAProject/ml/cracks-and-potholes-in-road-DatasetNinja/ds0/img/1014782_RS_386_386RS124739_30835_RAW.jpg,/Users/anirudh/RoadConditionClassifier/FPGAProject/ml/preprocessed/grid_labels/1014782_RS_386_386RS124739_30835_RAW.jpg.npy
/Users/anirudh/RoadConditionClassifier/FPGAProject/ml/cracks-and-potholes-in-road-DatasetNinja/ds0/img/1014783_RS_386_386RS124739_30840_RAW.jpg,/Users/anirudh/RoadConditionClassifier/FPGAProject/ml/preprocessed/grid_labels/1014783_RS_386_386RS124739_30840_RAW.jpg.npy
/Users/anirudh/RoadConditionClassifier/FPGAProject/ml/cracks-and-potholes-in-road-DatasetNinja/ds0/img/1014784_RS_386_386RS124739_30845_RAW.jpg,/Users/anirudh/RoadConditionClassifier/FPGAProject/ml/preprocessed/grid_labels/1014784_RS_386_386RS124739_30845_RAW.jpg.npy
/Users/anirudh/RoadConditionClassifier/FPGAProject/ml/cracks-and-potholes-in-road-DatasetNinja/ds0/img/1014785_RS_386_386RS124739_30851_RAW.jpg,/Users/anirudh/RoadConditionClassifier/FPGAProject/ml/preprocessed/grid_labels/1014785_RS_386_386RS124739_30851_RAW.jpg.npy
/Users/anirudh/RoadConditionClassifier/FPGAProject/ml/cracks-and-potholes-in-road-DatasetNinja/ds0/img/1014786_RS_386_386RS124739_30856_RAW.jpg,/Users/anirudh/RoadConditionClassifier/FPGAProject/ml/preprocessed/grid_labels/1014786_RS_386_386RS124739_30856_RAW.jpg.npy
/Users/anirudh/RoadConditionClassifier/FPGAProject/ml/cracks-and-potholes-in-road-DatasetNinja/ds0/img/1014787_RS_386_386RS124739_30860_RAW.jpg,/Users/anirudh/RoadConditionClassifier/FPGAProject/ml/preprocessed/grid_labels/1014787_RS_386_386RS124739_30860_RAW.jpg.npy
/Users/anirudh/RoadConditionClassifier/FPGAProject/ml/cracks-and-potholes-in-road-DatasetNinja/ds0/img/1014788_RS_386_386RS124739_30865_RAW.jpg,/Users/anirudh/RoadConditionClassifier/FPGAProject/ml/preprocessed/grid_labels/1014788_RS_386_386RS124739_30865_RAW.jpg.npy
/Users/anirudh/RoadConditionClassifier/FPGAProject/ml/cracks-and-potholes-in-road-DatasetNinja/ds0/img/1014789_RS_386_386RS124739_30870_RAW.jpg,/Users/anirudh/RoadConditionClassifier/FPGAProject/ml/preprocessed/grid_labels/1014789_RS_386_386RS124739_30870_RAW.jpg.npy
/Users/anirudh/RoadConditionClassifier/FPGAProject/ml/cracks-and-potholes-in-road-DatasetNinja/ds0/img/1014790_RS_386_386RS124739_30875_RAW.jpg,/Users/anirudh/RoadConditionClassifier/FPGAProject/ml/preprocessed/grid_labels/1014790_RS_386_386RS124739_30875_RAW.jpg.npy
/Users/anirudh/RoadConditionClassifier/FPGAProject/ml/cracks-and-potholes-in-road-DatasetNinja/ds0/img/1014791_RS_386_386RS124739_30880_RAW.jpg,/Users/anirudh/RoadConditionClassifier/FPGAProject/ml/preprocessed/grid_labels/1014791_RS_386_386RS124739_30880_RAW.jpg.npy
/Users/anirudh/RoadConditionClassifier/FPGAProject/ml/cracks-and-potholes-in-road-DatasetNinja/ds0/img/1014792_RS_386_386RS124739_30885_RAW.jpg,/Users/anirudh/RoadConditionClassifier/FPGAProject/ml/preprocessed/grid_labels/1014792_RS_386_386RS124739_30885_RAW.jpg.npy
/Users/anirudh/RoadConditionClassifier/FPGAProject/ml/cracks-and-potholes-in-road-DatasetNinja/ds0/img/1014793_RS_386_386RS124739_30890_RAW.jpg,/Users/anirudh/RoadConditionClassifier/FPGAProject/ml/preprocessed/grid_labels/1014793_RS_386_386RS124739_30890_RAW.jpg.npy
/Users/anirudh/RoadConditionClassifier/FPGAProject/ml/cracks-and-potholes-in-road-DatasetNinja/ds0/img/1014794_RS_386_386RS124739_30895_RAW.jpg,/Users/anirudh/RoadConditionClassifier/FPGAProject/ml/preprocessed/grid_labels/1014794_RS_386_386RS124739_30895_RAW.jpg.npy
/Users/anirudh/RoadConditionClassifier/FPGAProject/ml/cracks-and-potholes-in-road-DatasetNinja/ds0/img/1014797_RS_386_386RS124739_30910_RAW.jpg,/Users/anirudh/RoadConditionClassifier/FPGAProject/ml/preprocessed/grid_labels/1014797_RS_386_386RS124739_30910_RAW.jpg.npy
/Users/anirudh/RoadConditionClassifier/FPGAProject/ml/cracks-and-potholes-in-road-DatasetNinja/ds0/img/1014798_RS_386_386RS124739_30915_RAW.jpg,/Users/anirudh/RoadConditionClassifier/FPGAProject/ml/preprocessed/grid_labels/1014798_RS_386_386RS124739_30915_RAW.jpg.npy
/Users/anirudh/RoadConditionClassifier/FPGAProject/ml/cracks-and-potholes-in-road-DatasetNinja/ds0/img/1014799_RS_386_386RS124739_30920_RAW.jpg,/Users/anirudh/RoadConditionClassifier/FPGAProject/ml/preprocessed/grid_labels/1014799_RS_386_386RS124739_30920_RAW.jpg.npy
/Users/anirudh/RoadConditionClassifier/FPGAProject/ml/cracks-and-potholes-in-road-DatasetNinja/ds0/img/1014800_RS_386_386RS124739_30925_RAW.jpg,/Users/anirudh/RoadConditionClassifier/FPGAProject/ml/preprocessed/grid_labels/1014800_RS_386_386RS124739_30925_RAW.jpg.npy
/Users/anirudh/RoadConditionClassifier/FPGAProject/ml/cracks-and-potholes-in-road-DatasetNinja/ds0/img/1014801_RS_386_386RS124739_30930_RAW.jpg,/Users/anirudh/RoadConditionClassifier/FPGAProject/ml/preprocessed/grid_labels/1014801_RS_386_386RS124739_30930_RAW.jpg.npy
/Users/anirudh/RoadConditionClassifier/FPGAProject/ml/cracks-and-potholes-in-road-DatasetNinja/ds0/img/1014802_RS_386_386RS124739_30935_RAW.jpg,/Users/anirudh/RoadConditionClassifier/FPGAProject/ml/preprocessed/grid_labels/1014802_RS_386_386RS124739_30935_RAW.jpg.npy
/Users/anirudh/RoadConditionClassifier/FPGAProject/ml/cracks-and-potholes-in-road-DatasetNinja/ds0/img/1014803_RS_386_386RS124739_30940_RAW.jpg,/Users/anirudh/RoadConditionClassifier/FPGAProject/ml/preprocessed/grid_labels/1014803_RS_386_386RS124739_30940_RAW.jpg.npy
/Users/anirudh/RoadConditionClassifier/FPGAProject/ml/cracks-and-potholes-in-road-DatasetNinja/ds0/img/1014804_RS_386_386RS124739_30945_RAW.jpg,/Users/anirudh/RoadConditionClassifier/FPGAProject/ml/preprocessed/grid_labels/1014804_RS_386_386RS124739_30945_RAW.jpg.npy
/Users/anirudh/RoadConditionClassifier/FPGAProject/ml/cracks-and-potholes-in-road-DatasetNinja/ds0/img/1014805_RS_386_386RS124739_30950_RAW.jpg,/Users/anirudh/RoadConditionClassifier/FPGAProject/ml/preprocessed/grid_labels/1014805_RS_386_386RS124739_30950_RAW.jpg.npy
/Users/anirudh/RoadConditionClassifier/FPGAProject/ml/cracks-and-potholes-in-road-DatasetNinja/ds0/img/1014806_RS_386_386RS124739_30955_RAW.jpg,/Users/anirudh/RoadConditionClassifier/FPGAProject/ml/preprocessed/grid_labels/1014806_RS_386_386RS124739_30955_RAW.jpg.npy
/Users/anirudh/RoadConditionClassifier/FPGAProject/ml/cracks-and-potholes-in-road-DatasetNinja/ds0/img/1014809_RS_386_386RS124739_30970_RAW.jpg,/Users/anirudh/RoadConditionClassifier/FPGAProject/ml/preprocessed/grid_labels/1014809_RS_386_386RS124739_30970_RAW.jpg.npy
/Users/anirudh/RoadConditionClassifier/FPGAProject/ml/cracks-and-potholes-in-road-DatasetNinja/ds0/img/1014810_RS_386_386RS124739_30975_RAW.jpg,/Users/anirudh/RoadConditionClassifier/FPGAProject/ml/preprocessed/grid_labels/1014810_RS_386_386RS124739_30975_RAW.jpg.npy
/Users/anirudh/RoadConditionClassifier/FPGAProject/ml/cracks-and-potholes-in-road-DatasetNinja/ds0/img/1014816_RS_386_386RS124739_31005_RAW.jpg,/Users/anirudh/RoadConditionClassifier/FPGAProject/ml/preprocessed/grid_labels/1014816_RS_386_386RS124739_31005_RAW.jpg.npy
/Users/anirudh/RoadConditionClassifier/FPGAProject/ml/cracks-and-potholes-in-road-DatasetNinja/ds0/img/1014817_RS_386_386RS124739_31010_RAW.jpg,/Users/anirudh/RoadConditionClassifier/FPGAProject/ml/preprocessed/grid_labels/1014817_RS_386_386RS124739_31010_RAW.jpg.npy
/Users/anirudh/RoadConditionClassifier/FPGAProject/ml/cracks-and-potholes-in-road-DatasetNinja/ds0/img/1014818_RS_386_386RS124739_31015_RAW.jpg,/Users/anirudh/RoadConditionClassifier/FPGAProject/ml/preprocessed/grid_labels/1014818_RS_386_386RS124739_31015_RAW.jpg.npy
/Users/anirudh/RoadConditionClassifier/FPGAProject/ml/cracks-and-potholes-in-road-DatasetNinja/ds0/img/1014822_RS_386_386RS124739_31035_RAW.jpg,/Users/anirudh/RoadConditionClassifier/FPGAProject/ml/preprocessed/grid_labels/1014822_RS_386_386RS124739_31035_RAW.jpg.npy
/Users/anirudh/RoadConditionClassifier/FPGAProject/ml/cracks-and-potholes-in-road-DatasetNinja/ds0/img/1014823_RS_386_386RS124739_31040_RAW.jpg,/Users/anirudh/RoadConditionClassifier/FPGAProject/ml/preprocessed/grid_labels/1014823_RS_386_386RS124739_31040_RAW.jpg.npy
/Users/anirudh/RoadConditionClassifier/FPGAProject/ml/cracks-and-potholes-in-road-DatasetNinja/ds0/img/1014824_RS_386_386RS124739_31045_RAW.jpg,/Users/anirudh/RoadConditionClassifier/FPGAProject/ml/preprocessed/grid_labels/1014824_RS_386_386RS124739_31045_RAW.jpg.npy
/Users/anirudh/RoadConditionClassifier/FPGAProject/ml/cracks-and-potholes-in-road-DatasetNinja/ds0/img/1014826_RS_386_386RS124739_31055_RAW.jpg,/Users/anirudh/RoadConditionClassifier/FPGAProject/ml/preprocessed/grid_labels/1014826_RS_386_386RS124739_31055_RAW.jpg.npy
/Users/anirudh/RoadConditionClassifier/FPGAProject/ml/cracks-and-potholes-in-road-DatasetNinja/ds0/img/1014827_RS_386_386RS124739_31060_RAW.jpg,/Users/anirudh/RoadConditionClassifier/FPGAProject/ml/preprocessed/grid_labels/1014827_RS_386_386RS124739_31060_RAW.jpg.npy
/Users/anirudh/RoadConditionClassifier/FPGAProject/ml/cracks-and-potholes-in-road-DatasetNinja/ds0/img/1014830_RS_386_386RS124739_31075_RAW.jpg,/Users/anirudh/RoadConditionClassifier/FPGAProject/ml/preprocessed/grid_labels/1014830_RS_386_386RS124739_31075_RAW.jpg.npy
/Users/anirudh/RoadConditionClassifier/FPGAProject/ml/cracks-and-potholes-in-road-DatasetNinja/ds0/img/1014831_RS_386_386RS124739_31080_RAW.jpg,/Users/anirudh/RoadConditionClassifier/FPGAProject/ml/preprocessed/grid_labels/1014831_RS_386_386RS124739_31080_RAW.jpg.npy
/Users/anirudh/RoadConditionClassifier/FPGAProject/ml/cracks-and-potholes-in-road-DatasetNinja/ds0/img/1014832_RS_386_386RS124739_31085_RAW.jpg,/Users/anirudh/RoadConditionClassifier/FPGAProject/ml/preprocessed/grid_labels/1014832_RS_386_386RS124739_31085_RAW.jpg.npy
/Users/anirudh/RoadConditionClassifier/FPGAProject/ml/cracks-and-potholes-in-road-DatasetNinja/ds0/img/1014840_RS_386_386RS124739_31125_RAW.jpg,/Users/anirudh/RoadConditionClassifier/FPGAProject/ml/preprocessed/grid_labels/1014840_RS_386_386RS124739_31125_RAW.jpg.npy
/Users/anirudh/RoadConditionClassifier/FPGAProject/ml/cracks-and-potholes-in-road-DatasetNinja/ds0/img/1014841_RS_386_386RS124739_31130_RAW.jpg,/Users/anirudh/RoadConditionClassifier/FPGAProject/ml/preprocessed/grid_labels/1014841_RS_386_386RS124739_31130_RAW.jpg.npy
/Users/anirudh/RoadConditionClassifier/FPGAProject/ml/cracks-and-potholes-in-road-DatasetNinja/ds0/img/1014842_RS_386_386RS124739_31135_RAW.jpg,/Users/anirudh/RoadConditionClassifier/FPGAProject/ml/preprocessed/grid_labels/1014842_RS_386_386RS124739_31135_RAW.jpg.npy
/Users/anirudh/RoadConditionClassifier/FPGAProject/ml/cracks-and-potholes-in-road-DatasetNinja/ds0/img/1014843_RS_386_386RS124739_31140_RAW.jpg,/Users/anirudh/RoadConditionClassifier/FPGAProject/ml/preprocessed/grid_labels/1014843_RS_386_386RS124739_31140_RAW.jpg.npy
/Users/anirudh/RoadConditionClassifier/FPGAProject/ml/cracks-and-potholes-in-road-DatasetNinja/ds0/img/1014844_RS_386_386RS124739_31145_RAW.jpg,/Users/anirudh/RoadConditionClassifier/FPGAProject/ml/preprocessed/grid_labels/1014844_RS_386_386RS124739_31145_RAW.jpg.npy
/Users/anirudh/RoadConditionClassifier/FPGAProject/ml/cracks-and-potholes-in-road-DatasetNinja/ds0/img/1014845_RS_386_386RS124739_31150_RAW.jpg,/Users/anirudh/RoadConditionClassifier/FPGAProject/ml/preprocessed/grid_labels/1014845_RS_386_386RS124739_31150_RAW.jpg.npy
/Users/anirudh/RoadConditionClassifier/FPGAProject/ml/cracks-and-potholes-in-road-DatasetNinja/ds0/img/1014846_RS_386_386RS124739_31155_RAW.jpg,/Users/anirudh/RoadConditionClassifier/FPGAProject/ml/preprocessed/grid_labels/1014846_RS_386_386RS124739_31155_RAW.jpg.npy
/Users/anirudh/RoadConditionClassifier/FPGAProject/ml/cracks-and-potholes-in-road-DatasetNinja/ds0/img/1014847_RS_386_386RS124739_31160_RAW.jpg,/Users/anirudh/RoadConditionClassifier/FPGAProject/ml/preprocessed/grid_labels/1014847_RS_386_386RS124739_31160_RAW.jpg.npy
/Users/anirudh/RoadConditionClassifier/FPGAProject/ml/cracks-and-potholes-in-road-DatasetNinja/ds0/img/1014848_RS_386_386RS124739_31165_RAW.jpg,/Users/anirudh/RoadConditionClassifier/FPGAProject/ml/preprocessed/grid_labels/1014848_RS_386_386RS124739_31165_RAW.jpg.npy
/Users/anirudh/RoadConditionClassifier/FPGAProject/ml/cracks-and-potholes-in-road-DatasetNinja/ds0/img/1014849_RS_386_386RS124739_31170_RAW.jpg,/Users/anirudh/RoadConditionClassifier/FPGAProject/ml/preprocessed/grid_labels/1014849_RS_386_386RS124739_31170_RAW.jpg.npy
/Users/anirudh/RoadConditionClassifier/FPGAProject/ml/cracks-and-potholes-in-road-DatasetNinja/ds0/img/1014850_RS_386_386RS124739_31175_RAW.jpg,/Users/anirudh/RoadConditionClassifier/FPGAProject/ml/preprocessed/grid_labels/1014850_RS_386_386RS124739_31175_RAW.jpg.npy
/Users/anirudh/RoadConditionClassifier/FPGAProject/ml/cracks-and-potholes-in-road-DatasetNinja/ds0/img/1014854_RS_386_386RS124739_31196_RAW.jpg,/Users/anirudh/RoadConditionClassifier/FPGAProject/ml/preprocessed/grid_labels/1014854_RS_386_386RS124739_31196_RAW.jpg.npy
/Users/anirudh/RoadConditionClassifier/FPGAProject/ml/cracks-and-potholes-in-road-DatasetNinja/ds0/img/1014855_RS_386_386RS124739_31201_RAW.jpg,/Users/anirudh/RoadConditionClassifier/FPGAProject/ml/preprocessed/grid_labels/1014855_RS_386_386RS124739_31201_RAW.jpg.npy
/Users/anirudh/RoadConditionClassifier/FPGAProject/ml/cracks-and-potholes-in-road-DatasetNinja/ds0/img/1014856_RS_386_386RS124739_31205_RAW.jpg,/Users/anirudh/RoadConditionClassifier/FPGAProject/ml/preprocessed/grid_labels/1014856_RS_386_386RS124739_31205_RAW.jpg.npy
/Users/anirudh/RoadConditionClassifier/FPGAProject/ml/cracks-and-potholes-in-road-DatasetNinja/ds0/img/1014857_RS_386_386RS124739_31210_RAW.jpg,/Users/anirudh/RoadConditionClassifier/FPGAProject/ml/preprocessed/grid_labels/1014857_RS_386_386RS124739_31210_RAW.jpg.npy
/Users/anirudh/RoadConditionClassifier/FPGAProject/ml/cracks-and-potholes-in-road-DatasetNinja/ds0/img/1014858_RS_386_386RS124739_31215_RAW.jpg,/Users/anirudh/RoadConditionClassifier/FPGAProject/ml/preprocessed/grid_labels/1014858_RS_386_386RS124739_31215_RAW.jpg.npy
/Users/anirudh/RoadConditionClassifier/FPGAProject/ml/cracks-and-potholes-in-road-DatasetNinja/ds0/img/1014859_RS_386_386RS124739_31220_RAW.jpg,/Users/anirudh/RoadConditionClassifier/FPGAProject/ml/preprocessed/grid_labels/1014859_RS_386_386RS124739_31220_RAW.jpg.npy
/Users/anirudh/RoadConditionClassifier/FPGAProject/ml/cracks-and-potholes-in-road-DatasetNinja/ds0/img/1014860_RS_386_386RS124739_31225_RAW.jpg,/Users/anirudh/RoadConditionClassifier/FPGAProject/ml/preprocessed/grid_labels/1014860_RS_386_386RS124739_31225_RAW.jpg.npy
/Users/anirudh/RoadConditionClassifier/FPGAProject/ml/cracks-and-potholes-in-road-DatasetNinja/ds0/img/1014861_RS_386_386RS124739_31231_RAW.jpg,/Users/anirudh/RoadConditionClassifier/FPGAProject/ml/preprocessed/grid_labels/1014861_RS_386_386RS124739_31231_RAW.jpg.npy
/Users/anirudh/RoadConditionClassifier/FPGAProject/ml/cracks-and-potholes-in-road-DatasetNinja/ds0/img/1014862_RS_386_386RS124739_31235_RAW.jpg,/Users/anirudh/RoadConditionClassifier/FPGAProject/ml/preprocessed/grid_labels/1014862_RS_386_386RS124739_31235_RAW.jpg.npy
/Users/anirudh/RoadConditionClassifier/FPGAProject/ml/cracks-and-potholes-in-road-DatasetNinja/ds0/img/1014864_RS_386_386RS124739_31245_RAW.jpg,/Users/anirudh/RoadConditionClassifier/FPGAProject/ml/preprocessed/grid_labels/1014864_RS_386_386RS124739_31245_RAW.jpg.npy
/Users/anirudh/RoadConditionClassifier/FPGAProject/ml/cracks-and-potholes-in-road-DatasetNinja/ds0/img/1014865_RS_386_386RS124739_31250_RAW.jpg,/Users/anirudh/RoadConditionClassifier/FPGAProject/ml/preprocessed/grid_labels/1014865_RS_386_386RS124739_31250_RAW.jpg.npy
/Users/anirudh/RoadConditionClassifier/FPGAProject/ml/cracks-and-potholes-in-road-DatasetNinja/ds0/img/1014866_RS_386_386RS124739_31255_RAW.jpg,/Users/anirudh/RoadConditionClassifier/FPGAProject/ml/preprocessed/grid_labels/1014866_RS_386_386RS124739_31255_RAW.jpg.npy
/Users/anirudh/RoadConditionClassifier/FPGAProject/ml/cracks-and-potholes-in-road-DatasetNinja/ds0/img/1014867_RS_386_386RS124739_31260_RAW.jpg,/Users/anirudh/RoadConditionClassifier/FPGAProject/ml/preprocessed/grid_labels/1014867_RS_386_386RS124739_31260_RAW.jpg.npy
/Users/anirudh/RoadConditionClassifier/FPGAProject/ml/cracks-and-potholes-in-road-DatasetNinja/ds0/img/1014868_RS_386_386RS124739_31265_RAW.jpg,/Users/anirudh/RoadConditionClassifier/FPGAProject/ml/preprocessed/grid_labels/1014868_RS_386_386RS124739_31265_RAW.jpg.npy
/Users/anirudh/RoadConditionClassifier/FPGAProject/ml/cracks-and-potholes-in-road-DatasetNinja/ds0/img/1014869_RS_386_386RS124739_31270_RAW.jpg,/Users/anirudh/RoadConditionClassifier/FPGAProject/ml/preprocessed/grid_labels/1014869_RS_386_386RS124739_31270_RAW.jpg.npy
/Users/anirudh/RoadConditionClassifier/FPGAProject/ml/cracks-and-potholes-in-road-DatasetNinja/ds0/img/1014870_RS_386_386RS124739_31275_RAW.jpg,/Users/anirudh/RoadConditionClassifier/FPGAProject/ml/preprocessed/grid_labels/1014870_RS_386_386RS124739_31275_RAW.jpg.npy
/Users/anirudh/RoadConditionClassifier/FPGAProject/ml/cracks-and-potholes-in-road-DatasetNinja/ds0/img/1014871_RS_386_386RS124739_31280_RAW.jpg,/Users/anirudh/RoadConditionClassifier/FPGAProject/ml/preprocessed/grid_labels/1014871_RS_386_386RS124739_31280_RAW.jpg.npy
/Users/anirudh/RoadConditionClassifier/FPGAProject/ml/cracks-and-potholes-in-road-DatasetNinja/ds0/img/1014872_RS_386_386RS124739_31285_RAW.jpg,/Users/anirudh/RoadConditionClassifier/FPGAProject/ml/preprocessed/grid_labels/1014872_RS_386_386RS124739_31285_RAW.jpg.npy
/Users/anirudh/RoadConditionClassifier/FPGAProject/ml/cracks-and-potholes-in-road-DatasetNinja/ds0/img/1014873_RS_386_386RS124739_31290_RAW.jpg,/Users/anirudh/RoadConditionClassifier/FPGAProject/ml/preprocessed/grid_labels/1014873_RS_386_386RS124739_31290_RAW.jpg.npy
/Users/anirudh/RoadConditionClassifier/FPGAProject/ml/cracks-and-potholes-in-road-DatasetNinja/ds0/img/1014874_RS_386_386RS124739_31295_RAW.jpg,/Users/anirudh/RoadConditionClassifier/FPGAProject/ml/preprocessed/grid_labels/1014874_RS_386_386RS124739_31295_RAW.jpg.npy
/Users/anirudh/RoadConditionClassifier/FPGAProject/ml/cracks-and-potholes-in-road-DatasetNinja/ds0/img/1014875_RS_386_386RS124739_31300_RAW.jpg,/Users/anirudh/RoadConditionClassifier/FPGAProject/ml/preprocessed/grid_labels/1014875_RS_386_386RS124739_31300_RAW.jpg.npy
/Users/anirudh/RoadConditionClassifier/FPGAProject/ml/cracks-and-potholes-in-road-DatasetNinja/ds0/img/1014876_RS_386_386RS124739_31306_RAW.jpg,/Users/anirudh/RoadConditionClassifier/FPGAProject/ml/preprocessed/grid_labels/1014876_RS_386_386RS124739_31306_RAW.jpg.npy
/Users/anirudh/RoadConditionClassifier/FPGAProject/ml/cracks-and-potholes-in-road-DatasetNinja/ds0/img/1014877_RS_386_386RS124739_31310_RAW.jpg,/Users/anirudh/RoadConditionClassifier/FPGAProject/ml/preprocessed/grid_labels/1014877_RS_386_386RS124739_31310_RAW.jpg.npy
/Users/anirudh/RoadConditionClassifier/FPGAProject/ml/cracks-and-potholes-in-road-DatasetNinja/ds0/img/1014878_RS_386_386RS124739_31315_RAW.jpg,/Users/anirudh/RoadConditionClassifier/FPGAProject/ml/preprocessed/grid_labels/1014878_RS_386_386RS124739_31315_RAW.jpg.npy
/Users/anirudh/RoadConditionClassifier/FPGAProject/ml/cracks-and-potholes-in-road-DatasetNinja/ds0/img/1014879_RS_386_386RS124739_31320_RAW.jpg,/Users/anirudh/RoadConditionClassifier/FPGAProject/ml/preprocessed/grid_labels/1014879_RS_386_386RS124739_31320_RAW.jpg.npy
/Users/anirudh/RoadConditionClassifier/FPGAProject/ml/cracks-and-potholes-in-road-DatasetNinja/ds0/img/1014880_RS_386_386RS124739_31325_RAW.jpg,/Users/anirudh/RoadConditionClassifier/FPGAProject/ml/preprocessed/grid_labels/1014880_RS_386_386RS124739_31325_RAW.jpg.npy
/Users/anirudh/RoadConditionClassifier/FPGAProject/ml/cracks-and-potholes-in-road-DatasetNinja/ds0/img/1014881_RS_386_386RS124739_31330_RAW.jpg,/Users/anirudh/RoadConditionClassifier/FPGAProject/ml/preprocessed/grid_labels/1014881_RS_386_386RS124739_31330_RAW.jpg.npy
/Users/anirudh/RoadConditionClassifier/FPGAProject/ml/cracks-and-potholes-in-road-DatasetNinja/ds0/img/1014882_RS_386_386RS124739_31335_RAW.jpg,/Users/anirudh/RoadConditionClassifier/FPGAProject/ml/preprocessed/grid_labels/1014882_RS_386_386RS124739_31335_RAW.jpg.npy
/Users/anirudh/RoadConditionClassifier/FPGAProject/ml/cracks-and-potholes-in-road-DatasetNinja/ds0/img/1014883_RS_386_386RS124739_31341_RAW.jpg,/Users/anirudh/RoadConditionClassifier/FPGAProject/ml/preprocessed/grid_labels/1014883_RS_386_386RS124739_31341_RAW.jpg.npy
/Users/anirudh/RoadConditionClassifier/FPGAProject/ml/cracks-and-potholes-in-road-DatasetNinja/ds0/img/1014886_RS_386_386RS124739_31355_RAW.jpg,/Users/anirudh/RoadConditionClassifier/FPGAProject/ml/preprocessed/grid_labels/1014886_RS_386_386RS124739_31355_RAW.jpg.npy
/Users/anirudh/RoadConditionClassifier/FPGAProject/ml/cracks-and-potholes-in-road-DatasetNinja/ds0/img/1014887_RS_386_386RS124739_31360_RAW.jpg,/Users/anirudh/RoadConditionClassifier/FPGAProject/ml/preprocessed/grid_labels/1014887_RS_386_386RS124739_31360_RAW.jpg.npy
/Users/anirudh/RoadConditionClassifier/FPGAProject/ml/cracks-and-potholes-in-road-DatasetNinja/ds0/img/1014888_RS_386_386RS124739_31365_RAW.jpg,/Users/anirudh/RoadConditionClassifier/FPGAProject/ml/preprocessed/grid_labels/1014888_RS_386_386RS124739_31365_RAW.jpg.npy
/Users/anirudh/RoadConditionClassifier/FPGAProject/ml/cracks-and-potholes-in-road-DatasetNinja/ds0/img/1014889_RS_386_386RS124739_31370_RAW.jpg,/Users/anirudh/RoadConditionClassifier/FPGAProject/ml/preprocessed/grid_labels/1014889_RS_386_386RS124739_31370_RAW.jpg.npy
/Users/anirudh/RoadConditionClassifier/FPGAProject/ml/cracks-and-potholes-in-road-DatasetNinja/ds0/img/1014890_RS_386_386RS124739_31375_RAW.jpg,/Users/anirudh/RoadConditionClassifier/FPGAProject/ml/preprocessed/grid_labels/1014890_RS_386_386RS124739_31375_RAW.jpg.npy
/Users/anirudh/RoadConditionClassifier/FPGAProject/ml/cracks-and-potholes-in-road-DatasetNinja/ds0/img/1014891_RS_386_386RS124739_31381_RAW.jpg,/Users/anirudh/RoadConditionClassifier/FPGAProject/ml/preprocessed/grid_labels/1014891_RS_386_386RS124739_31381_RAW.jpg.npy
/Users/anirudh/RoadConditionClassifier/FPGAProject/ml/cracks-and-potholes-in-road-DatasetNinja/ds0/img/1014892_RS_386_386RS124739_31385_RAW.jpg,/Users/anirudh/RoadConditionClassifier/FPGAProject/ml/preprocessed/grid_labels/1014892_RS_386_386RS124739_31385_RAW.jpg.npy
/Users/anirudh/RoadConditionClassifier/FPGAProject/ml/cracks-and-potholes-in-road-DatasetNinja/ds0/img/1014893_RS_386_386RS124739_31390_RAW.jpg,/Users/anirudh/RoadConditionClassifier/FPGAProject/ml/preprocessed/grid_labels/1014893_RS_386_386RS124739_31390_RAW.jpg.npy
/Users/anirudh/RoadConditionClassifier/FPGAProject/ml/cracks-and-potholes-in-road-DatasetNinja/ds0/img/1014894_RS_386_386RS124739_31395_RAW.jpg,/Users/anirudh/RoadConditionClassifier/FPGAProject/ml/preprocessed/grid_labels/1014894_RS_386_386RS124739_31395_RAW.jpg.npy
/Users/anirudh/RoadConditionClassifier/FPGAProject/ml/cracks-and-potholes-in-road-DatasetNinja/ds0/img/1014895_RS_386_386RS124739_31400_RAW.jpg,/Users/anirudh/RoadConditionClassifier/FPGAProject/ml/preprocessed/grid_labels/1014895_RS_386_386RS124739_31400_RAW.jpg.npy
/Users/anirudh/RoadConditionClassifier/FPGAProject/ml/cracks-and-potholes-in-road-DatasetNinja/ds0/img/1014896_RS_386_386RS124739_31405_RAW.jpg,/Users/anirudh/RoadConditionClassifier/FPGAProject/ml/preprocessed/grid_labels/1014896_RS_386_386RS124739_31405_RAW.jpg.npy
/Users/anirudh/RoadConditionClassifier/FPGAProject/ml/cracks-and-potholes-in-road-DatasetNinja/ds0/img/1014897_RS_386_386RS124739_31410_RAW.jpg,/Users/anirudh/RoadConditionClassifier/FPGAProject/ml/preprocessed/grid_labels/1014897_RS_386_386RS124739_31410_RAW.jpg.npy
/Users/anirudh/RoadConditionClassifier/FPGAProject/ml/cracks-and-potholes-in-road-DatasetNinja/ds0/img/1014898_RS_386_386RS124739_31415_RAW.jpg,/Users/anirudh/RoadConditionClassifier/FPGAProject/ml/preprocessed/grid_labels/1014898_RS_386_386RS124739_31415_RAW.jpg.npy
/Users/anirudh/RoadConditionClassifier/FPGAProject/ml/cracks-and-potholes-in-road-DatasetNinja/ds0/img/1014899_RS_386_386RS124739_31420_RAW.jpg,/Users/anirudh/RoadConditionClassifier/FPGAProject/ml/preprocessed/grid_labels/1014899_RS_386_386RS124739_31420_RAW.jpg.npy
/Users/anirudh/RoadConditionClassifier/FPGAProject/ml/cracks-and-potholes-in-road-DatasetNinja/ds0/img/1014900_RS_386_386RS124739_31425_RAW.jpg,/Users/anirudh/RoadConditionClassifier/FPGAProject/ml/preprocessed/grid_labels/1014900_RS_386_386RS124739_31425_RAW.jpg.npy
/Users/anirudh/RoadConditionClassifier/FPGAProject/ml/cracks-and-potholes-in-road-DatasetNinja/ds0/img/1014901_RS_386_386RS124739_31430_RAW.jpg,/Users/anirudh/RoadConditionClassifier/FPGAProject/ml/preprocessed/grid_labels/1014901_RS_386_386RS124739_31430_RAW.jpg.npy
/Users/anirudh/RoadConditionClassifier/FPGAProject/ml/cracks-and-potholes-in-road-DatasetNinja/ds0/img/1014902_RS_386_386RS124739_31436_RAW.jpg,/Users/anirudh/RoadConditionClassifier/FPGAProject/ml/preprocessed/grid_labels/1014902_RS_386_386RS124739_31436_RAW.jpg.npy
/Users/anirudh/RoadConditionClassifier/FPGAProject/ml/cracks-and-potholes-in-road-DatasetNinja/ds0/img/1014903_RS_386_386RS124739_31441_RAW.jpg,/Users/anirudh/RoadConditionClassifier/FPGAProject/ml/preprocessed/grid_labels/1014903_RS_386_386RS124739_31441_RAW.jpg.npy
/Users/anirudh/RoadConditionClassifier/FPGAProject/ml/cracks-and-potholes-in-road-DatasetNinja/ds0/img/1014904_RS_386_386RS124739_31445_RAW.jpg,/Users/anirudh/RoadConditionClassifier/FPGAProject/ml/preprocessed/grid_labels/1014904_RS_386_386RS124739_31445_RAW.jpg.npy
/Users/anirudh/RoadConditionClassifier/FPGAProject/ml/cracks-and-potholes-in-road-DatasetNinja/ds0/img/1014905_RS_386_386RS124739_31451_RAW.jpg,/Users/anirudh/RoadConditionClassifier/FPGAProject/ml/preprocessed/grid_labels/1014905_RS_386_386RS124739_31451_RAW.jpg.npy
/Users/anirudh/RoadConditionClassifier/FPGAProject/ml/cracks-and-potholes-in-road-DatasetNinja/ds0/img/1014906_RS_386_386RS124739_31456_RAW.jpg,/Users/anirudh/RoadConditionClassifier/FPGAProject/ml/preprocessed/grid_labels/1014906_RS_386_386RS124739_31456_RAW.jpg.npy
/Users/anirudh/RoadConditionClassifier/FPGAProject/ml/cracks-and-potholes-in-road-DatasetNinja/ds0/img/1014907_RS_386_386RS124739_31460_RAW.jpg,/Users/anirudh/RoadConditionClassifier/FPGAProject/ml/preprocessed/grid_labels/1014907_RS_386_386RS124739_31460_RAW.jpg.npy
/Users/anirudh/RoadConditionClassifier/FPGAProject/ml/cracks-and-potholes-in-road-DatasetNinja/ds0/img/1014908_RS_386_386RS124739_31465_RAW.jpg,/Users/anirudh/RoadConditionClassifier/FPGAProject/ml/preprocessed/grid_labels/1014908_RS_386_386RS124739_31465_RAW.jpg.npy
/Users/anirudh/RoadConditionClassifier/FPGAProject/ml/cracks-and-potholes-in-road-DatasetNinja/ds0/img/1014909_RS_386_386RS124739_31470_RAW.jpg,/Users/anirudh/RoadConditionClassifier/FPGAProject/ml/preprocessed/grid_labels/1014909_RS_386_386RS124739_31470_RAW.jpg.npy
/Users/anirudh/RoadConditionClassifier/FPGAProject/ml/cracks-and-potholes-in-road-DatasetNinja/ds0/img/1014910_RS_386_386RS124739_31475_RAW.jpg,/Users/anirudh/RoadConditionClassifier/FPGAProject/ml/preprocessed/grid_labels/1014910_RS_386_386RS124739_31475_RAW.jpg.npy
/Users/anirudh/RoadConditionClassifier/FPGAProject/ml/cracks-and-potholes-in-road-DatasetNinja/ds0/img/1014911_RS_386_386RS124739_31480_RAW.jpg,/Users/anirudh/RoadConditionClassifier/FPGAProject/ml/preprocessed/grid_labels/1014911_RS_386_386RS124739_31480_RAW.jpg.npy
/Users/anirudh/RoadConditionClassifier/FPGAProject/ml/cracks-and-potholes-in-road-DatasetNinja/ds0/img/1014912_RS_386_386RS124739_31485_RAW.jpg,/Users/anirudh/RoadConditionClassifier/FPGAProject/ml/preprocessed/grid_labels/1014912_RS_386_386RS124739_31485_RAW.jpg.npy
/Users/anirudh/RoadConditionClassifier/FPGAProject/ml/cracks-and-potholes-in-road-DatasetNinja/ds0/img/1014913_RS_386_386RS124739_31490_RAW.jpg,/Users/anirudh/RoadConditionClassifier/FPGAProject/ml/preprocessed/grid_labels/1014913_RS_386_386RS124739_31490_RAW.jpg.npy
/Users/anirudh/RoadConditionClassifier/FPGAProject/ml/cracks-and-potholes-in-road-DatasetNinja/ds0/img/1014914_RS_386_386RS124739_31495_RAW.jpg,/Users/anirudh/RoadConditionClassifier/FPGAProject/ml/preprocessed/grid_labels/1014914_RS_386_386RS124739_31495_RAW.jpg.npy
/Users/anirudh/RoadConditionClassifier/FPGAProject/ml/cracks-and-potholes-in-road-DatasetNinja/ds0/img/1014915_RS_386_386RS124739_31500_RAW.jpg,/Users/anirudh/RoadConditionClassifier/FPGAProject/ml/preprocessed/grid_labels/1014915_RS_386_386RS124739_31500_RAW.jpg.npy
/Users/anirudh/RoadConditionClassifier/FPGAProject/ml/cracks-and-potholes-in-road-DatasetNinja/ds0/img/1014916_RS_386_386RS124739_31505_RAW.jpg,/Users/anirudh/RoadConditionClassifier/FPGAProject/ml/preprocessed/grid_labels/1014916_RS_386_386RS124739_31505_RAW.jpg.npy
/Users/anirudh/RoadConditionClassifier/FPGAProject/ml/cracks-and-potholes-in-road-DatasetNinja/ds0/img/1014917_RS_386_386RS124739_31510_RAW.jpg,/Users/anirudh/RoadConditionClassifier/FPGAProject/ml/preprocessed/grid_labels/1014917_RS_386_386RS124739_31510_RAW.jpg.npy
/Users/anirudh/RoadConditionClassifier/FPGAProject/ml/cracks-and-potholes-in-road-DatasetNinja/ds0/img/1014918_RS_386_386RS124739_31515_RAW.jpg,/Users/anirudh/RoadConditionClassifier/FPGAProject/ml/preprocessed/grid_labels/1014918_RS_386_386RS124739_31515_RAW.jpg.npy
/Users/anirudh/RoadConditionClassifier/FPGAProject/ml/cracks-and-potholes-in-road-DatasetNinja/ds0/img/1014919_RS_386_386RS124739_31520_RAW.jpg,/Users/anirudh/RoadConditionClassifier/FPGAProject/ml/preprocessed/grid_labels/1014919_RS_386_386RS124739_31520_RAW.jpg.npy
/Users/anirudh/RoadConditionClassifier/FPGAProject/ml/cracks-and-potholes-in-road-DatasetNinja/ds0/img/1025716_RS_386_386RS169832_08320_RAW.jpg,/Users/anirudh/RoadConditionClassifier/FPGAProject/ml/preprocessed/grid_labels/1025716_RS_386_386RS169832_08320_RAW.jpg.npy
/Users/anirudh/RoadConditionClassifier/FPGAProject/ml/cracks-and-potholes-in-road-DatasetNinja/ds0/img/1025741_RS_386_386RS169832_08445_RAW.jpg,/Users/anirudh/RoadConditionClassifier/FPGAProject/ml/preprocessed/grid_labels/1025741_RS_386_386RS169832_08445_RAW.jpg.npy
/Users/anirudh/RoadConditionClassifier/FPGAProject/ml/cracks-and-potholes-in-road-DatasetNinja/ds0/img/1025742_RS_386_386RS169832_08450_RAW.jpg,/Users/anirudh/RoadConditionClassifier/FPGAProject/ml/preprocessed/grid_labels/1025742_RS_386_386RS169832_08450_RAW.jpg.npy
/Users/anirudh/RoadConditionClassifier/FPGAProject/ml/cracks-and-potholes-in-road-DatasetNinja/ds0/img/1025743_RS_386_386RS169832_08455_RAW.jpg,/Users/anirudh/RoadConditionClassifier/FPGAProject/ml/preprocessed/grid_labels/1025743_RS_386_386RS169832_08455_RAW.jpg.npy
/Users/anirudh/RoadConditionClassifier/FPGAProject/ml/cracks-and-potholes-in-road-DatasetNinja/ds0/img/1025762_RS_386_386RS169832_08550_RAW.jpg,/Users/anirudh/RoadConditionClassifier/FPGAProject/ml/preprocessed/grid_labels/1025762_RS_386_386RS169832_08550_RAW.jpg.npy
/Users/anirudh/RoadConditionClassifier/FPGAProject/ml/cracks-and-potholes-in-road-DatasetNinja/ds0/img/1025763_RS_386_386RS169832_08555_RAW.jpg,/Users/anirudh/RoadConditionClassifier/FPGAProject/ml/preprocessed/grid_labels/1025763_RS_386_386RS169832_08555_RAW.jpg.npy
/Users/anirudh/RoadConditionClassifier/FPGAProject/ml/cracks-and-potholes-in-road-DatasetNinja/ds0/img/1025764_RS_386_386RS169832_08560_RAW.jpg,/Users/anirudh/RoadConditionClassifier/FPGAProject/ml/preprocessed/grid_labels/1025764_RS_386_386RS169832_08560_RAW.jpg.npy
/Users/anirudh/RoadConditionClassifier/FPGAProject/ml/cracks-and-potholes-in-road-DatasetNinja/ds0/img/1025765_RS_386_386RS169832_08565_RAW.jpg,/Users/anirudh/RoadConditionClassifier/FPGAProject/ml/preprocessed/grid_labels/1025765_RS_386_386RS169832_08565_RAW.jpg.npy
/Users/anirudh/RoadConditionClassifier/FPGAProject/ml/cracks-and-potholes-in-road-DatasetNinja/ds0/img/1025766_RS_386_386RS169832_08570_RAW.jpg,/Users/anirudh/RoadConditionClassifier/FPGAProject/ml/preprocessed/grid_labels/1025766_RS_386_386RS169832_08570_RAW.jpg.npy
/Users/anirudh/RoadConditionClassifier/FPGAProject/ml/cracks-and-potholes-in-road-DatasetNinja/ds0/img/1025767_RS_386_386RS169832_08575_RAW.jpg,/Users/anirudh/RoadConditionClassifier/FPGAProject/ml/preprocessed/grid_labels/1025767_RS_386_386RS169832_08575_RAW.jpg.npy
/Users/anirudh/RoadConditionClassifier/FPGAProject/ml/cracks-and-potholes-in-road-DatasetNinja/ds0/img/1025768_RS_386_386RS169832_08580_RAW.jpg,/Users/anirudh/RoadConditionClassifier/FPGAProject/ml/preprocessed/grid_labels/1025768_RS_386_386RS169832_08580_RAW.jpg.npy
/Users/anirudh/RoadConditionClassifier/FPGAProject/ml/cracks-and-potholes-in-road-DatasetNinja/ds0/img/1025769_RS_386_386RS169832_08585_RAW.jpg,/Users/anirudh/RoadConditionClassifier/FPGAProject/ml/preprocessed/grid_labels/1025769_RS_386_386RS169832_08585_RAW.jpg.npy
/Users/anirudh/RoadConditionClassifier/FPGAProject/ml/cracks-and-potholes-in-road-DatasetNinja/ds0/img/1025770_RS_386_386RS169832_08590_RAW.jpg,/Users/anirudh/RoadConditionClassifier/FPGAProject/ml/preprocessed/grid_labels/1025770_RS_386_386RS169832_08590_RAW.jpg.npy
/Users/anirudh/RoadConditionClassifier/FPGAProject/ml/cracks-and-potholes-in-road-DatasetNinja/ds0/img/1025771_RS_386_386RS169832_08595_RAW.jpg,/Users/anirudh/RoadConditionClassifier/FPGAProject/ml/preprocessed/grid_labels/1025771_RS_386_386RS169832_08595_RAW.jpg.npy
/Users/anirudh/RoadConditionClassifier/FPGAProject/ml/cracks-and-potholes-in-road-DatasetNinja/ds0/img/1025772_RS_386_386RS169832_08600_RAW.jpg,/Users/anirudh/RoadConditionClassifier/FPGAProject/ml/preprocessed/grid_labels/1025772_RS_386_386RS169832_08600_RAW.jpg.npy
/Users/anirudh/RoadConditionClassifier/FPGAProject/ml/cracks-and-potholes-in-road-DatasetNinja/ds0/img/1025773_RS_386_386RS169832_08605_RAW.jpg,/Users/anirudh/RoadConditionClassifier/FPGAProject/ml/preprocessed/grid_labels/1025773_RS_386_386RS169832_08605_RAW.jpg.npy
/Users/anirudh/RoadConditionClassifier/FPGAProject/ml/cracks-and-potholes-in-road-DatasetNinja/ds0/img/1025776_RS_386_386RS169832_08621_RAW.jpg,/Users/anirudh/RoadConditionClassifier/FPGAProject/ml/preprocessed/grid_labels/1025776_RS_386_386RS169832_08621_RAW.jpg.npy
/Users/anirudh/RoadConditionClassifier/FPGAProject/ml/cracks-and-potholes-in-road-DatasetNinja/ds0/img/1025777_RS_386_386RS169832_08625_RAW.jpg,/Users/anirudh/RoadConditionClassifier/FPGAProject/ml/preprocessed/grid_labels/1025777_RS_386_386RS169832_08625_RAW.jpg.npy
/Users/anirudh/RoadConditionClassifier/FPGAProject/ml/cracks-and-potholes-in-road-DatasetNinja/ds0/img/1025778_RS_386_386RS169832_08630_RAW.jpg,/Users/anirudh/RoadConditionClassifier/FPGAProject/ml/preprocessed/grid_labels/1025778_RS_386_386RS169832_08630_RAW.jpg.npy
/Users/anirudh/RoadConditionClassifier/FPGAProject/ml/cracks-and-potholes-in-road-DatasetNinja/ds0/img/1025779_RS_386_386RS169832_08635_RAW.jpg,/Users/anirudh/RoadConditionClassifier/FPGAProject/ml/preprocessed/grid_labels/1025779_RS_386_386RS169832_08635_RAW.jpg.npy
/Users/anirudh/RoadConditionClassifier/FPGAProject/ml/cracks-and-potholes-in-road-DatasetNinja/ds0/img/1025780_RS_386_386RS169832_08640_RAW.jpg,/Users/anirudh/RoadConditionClassifier/FPGAProject/ml/preprocessed/grid_labels/1025780_RS_386_386RS169832_08640_RAW.jpg.npy
/Users/anirudh/RoadConditionClassifier/FPGAProject/ml/cracks-and-potholes-in-road-DatasetNinja/ds0/img/1025781_RS_386_386RS169832_08645_RAW.jpg,/Users/anirudh/RoadConditionClassifier/FPGAProject/ml/preprocessed/grid_labels/1025781_RS_386_386RS169832_08645_RAW.jpg.npy
/Users/anirudh/RoadConditionClassifier/FPGAProject/ml/cracks-and-potholes-in-road-DatasetNinja/ds0/img/1025782_RS_386_386RS169832_08650_RAW.jpg,/Users/anirudh/RoadConditionClassifier/FPGAProject/ml/preprocessed/grid_labels/1025782_RS_386_386RS169832_08650_RAW.jpg.npy
/Users/anirudh/RoadConditionClassifier/FPGAProject/ml/cracks-and-potholes-in-road-DatasetNinja/ds0/img/1025783_RS_386_386RS169832_08655_RAW.jpg,/Users/anirudh/RoadConditionClassifier/FPGAProject/ml/preprocessed/grid_labels/1025783_RS_386_386RS169832_08655_RAW.jpg.npy
/Users/anirudh/RoadConditionClassifier/FPGAProject/ml/cracks-and-potholes-in-road-DatasetNinja/ds0/img/1025784_RS_386_386RS169832_08660_RAW.jpg,/Users/anirudh/RoadConditionClassifier/FPGAProject/ml/preprocessed/grid_labels/1025784_RS_386_386RS169832_08660_RAW.jpg.npy
/Users/anirudh/RoadConditionClassifier/FPGAProject/ml/cracks-and-potholes-in-road-DatasetNinja/ds0/img/1025785_RS_386_386RS169832_08665_RAW.jpg,/Users/anirudh/RoadConditionClassifier/FPGAProject/ml/preprocessed/grid_labels/1025785_RS_386_386RS169832_08665_RAW.jpg.npy
/Users/anirudh/RoadConditionClassifier/FPGAProject/ml/cracks-and-potholes-in-road-DatasetNinja/ds0/img/1025786_RS_386_386RS169832_08670_RAW.jpg,/Users/anirudh/RoadConditionClassifier/FPGAProject/ml/preprocessed/grid_labels/1025786_RS_386_386RS169832_08670_RAW.jpg.npy
/Users/anirudh/RoadConditionClassifier/FPGAProject/ml/cracks-and-potholes-in-road-DatasetNinja/ds0/img/1025787_RS_386_386RS169832_08675_RAW.jpg,/Users/anirudh/RoadConditionClassifier/FPGAProject/ml/preprocessed/grid_labels/1025787_RS_386_386RS169832_08675_RAW.jpg.npy
/Users/anirudh/RoadConditionClassifier/FPGAProject/ml/cracks-and-potholes-in-road-DatasetNinja/ds0/img/1025788_RS_386_386RS169832_08680_RAW.jpg,/Users/anirudh/RoadConditionClassifier/FPGAProject/ml/preprocessed/grid_labels/1025788_RS_386_386RS169832_08680_RAW.jpg.npy
/Users/anirudh/RoadConditionClassifier/FPGAProject/ml/cracks-and-potholes-in-road-DatasetNinja/ds0/img/1025789_RS_386_386RS169832_08685_RAW.jpg,/Users/anirudh/RoadConditionClassifier/FPGAProject/ml/preprocessed/grid_labels/1025789_RS_386_386RS169832_08685_RAW.jpg.npy
/Users/anirudh/RoadConditionClassifier/FPGAProject/ml/cracks-and-potholes-in-road-DatasetNinja/ds0/img/1025790_RS_386_386RS169832_08691_RAW.jpg,/Users/anirudh/RoadConditionClassifier/FPGAProject/ml/preprocessed/grid_labels/1025790_RS_386_386RS169832_08691_RAW.jpg.npy
/Users/anirudh/RoadConditionClassifier/FPGAProject/ml/cracks-and-potholes-in-road-DatasetNinja/ds0/img/1025791_RS_386_386RS169832_08695_RAW.jpg,/Users/anirudh/RoadConditionClassifier/FPGAProject/ml/preprocessed/grid_labels/1025791_RS_386_386RS169832_08695_RAW.jpg.npy
/Users/anirudh/RoadConditionClassifier/FPGAProject/ml/cracks-and-potholes-in-road-DatasetNinja/ds0/img/1025792_RS_386_386RS169832_08700_RAW.jpg,/Users/anirudh/RoadConditionClassifier/FPGAProject/ml/preprocessed/grid_labels/1025792_RS_386_386RS169832_08700_RAW.jpg.npy
/Users/anirudh/RoadConditionClassifier/FPGAProject/ml/cracks-and-potholes-in-road-DatasetNinja/ds0/img/1025793_RS_386_386RS169832_08705_RAW.jpg,/Users/anirudh/RoadConditionClassifier/FPGAProject/ml/preprocessed/grid_labels/1025793_RS_386_386RS169832_08705_RAW.jpg.npy
/Users/anirudh/RoadConditionClassifier/FPGAProject/ml/cracks-and-potholes-in-road-DatasetNinja/ds0/img/1025794_RS_386_386RS169832_08710_RAW.jpg,/Users/anirudh/RoadConditionClassifier/FPGAProject/ml/preprocessed/grid_labels/1025794_RS_386_386RS169832_08710_RAW.jpg.npy
/Users/anirudh/RoadConditionClassifier/FPGAProject/ml/cracks-and-potholes-in-road-DatasetNinja/ds0/img/1025795_RS_386_386RS169832_08715_RAW.jpg,/Users/anirudh/RoadConditionClassifier/FPGAProject/ml/preprocessed/grid_labels/1025795_RS_386_386RS169832_08715_RAW.jpg.npy
/Users/anirudh/RoadConditionClassifier/FPGAProject/ml/cracks-and-potholes-in-road-DatasetNinja/ds0/img/1025796_RS_386_386RS169832_08721_RAW.jpg,/Users/anirudh/RoadConditionClassifier/FPGAProject/ml/preprocessed/grid_labels/1025796_RS_386_386RS169832_08721_RAW.jpg.npy
/Users/anirudh/RoadConditionClassifier/FPGAProject/ml/cracks-and-potholes-in-road-DatasetNinja/ds0/img/1025797_RS_386_386RS169832_08725_RAW.jpg,/Users/anirudh/RoadConditionClassifier/FPGAProject/ml/preprocessed/grid_labels/1025797_RS_386_386RS169832_08725_RAW.jpg.npy
/Users/anirudh/RoadConditionClassifier/FPGAProject/ml/cracks-and-potholes-in-road-DatasetNinja/ds0/img/1025798_RS_386_386RS169832_08730_RAW.jpg,/Users/anirudh/RoadConditionClassifier/FPGAProject/ml/preprocessed/grid_labels/1025798_RS_386_386RS169832_08730_RAW.jpg.npy
/Users/anirudh/RoadConditionClassifier/FPGAProject/ml/cracks-and-potholes-in-road-DatasetNinja/ds0/img/1025799_RS_386_386RS169832_08735_RAW.jpg,/Users/anirudh/RoadConditionClassifier/FPGAProject/ml/preprocessed/grid_labels/1025799_RS_386_386RS169832_08735_RAW.jpg.npy
/Users/anirudh/RoadConditionClassifier/FPGAProject/ml/cracks-and-potholes-in-road-DatasetNinja/ds0/img/1025800_RS_386_386RS169832_08740_RAW.jpg,/Users/anirudh/RoadConditionClassifier/FPGAProject/ml/preprocessed/grid_labels/1025800_RS_386_386RS169832_08740_RAW.jpg.npy
/Users/anirudh/RoadConditionClassifier/FPGAProject/ml/cracks-and-potholes-in-road-DatasetNinja/ds0/img/1025801_RS_386_386RS169832_08745_RAW.jpg,/Users/anirudh/RoadConditionClassifier/FPGAProject/ml/preprocessed/grid_labels/1025801_RS_386_386RS169832_08745_RAW.jpg.npy
/Users/anirudh/RoadConditionClassifier/FPGAProject/ml/cracks-and-potholes-in-road-DatasetNinja/ds0/img/1025802_RS_386_386RS169832_08750_RAW.jpg,/Users/anirudh/RoadConditionClassifier/FPGAProject/ml/preprocessed/grid_labels/1025802_RS_386_386RS169832_08750_RAW.jpg.npy
/Users/anirudh/RoadConditionClassifier/FPGAProject/ml/cracks-and-potholes-in-road-DatasetNinja/ds0/img/1025810_RS_386_386RS169832_08790_RAW.jpg,/Users/anirudh/RoadConditionClassifier/FPGAProject/ml/preprocessed/grid_labels/1025810_RS_386_386RS169832_08790_RAW.jpg.npy
/Users/anirudh/RoadConditionClassifier/FPGAProject/ml/cracks-and-potholes-in-road-DatasetNinja/ds0/img/1025811_RS_386_386RS169832_08795_RAW.jpg,/Users/anirudh/RoadConditionClassifier/FPGAProject/ml/preprocessed/grid_labels/1025811_RS_386_386RS169832_08795_RAW.jpg.npy
/Users/anirudh/RoadConditionClassifier/FPGAProject/ml/cracks-and-potholes-in-road-DatasetNinja/ds0/img/1025812_RS_386_386RS169832_08800_RAW.jpg,/Users/anirudh/RoadConditionClassifier/FPGAProject/ml/preprocessed/grid_labels/1025812_RS_386_386RS169832_08800_RAW.jpg.npy
/Users/anirudh/RoadConditionClassifier/FPGAProject/ml/cracks-and-potholes-in-road-DatasetNinja/ds0/img/1025813_RS_386_386RS169832_08805_RAW.jpg,/Users/anirudh/RoadConditionClassifier/FPGAProject/ml/preprocessed/grid_labels/1025813_RS_386_386RS169832_08805_RAW.jpg.npy
/Users/anirudh/RoadConditionClassifier/FPGAProject/ml/cracks-and-potholes-in-road-DatasetNinja/ds0/img/1025814_RS_386_386RS169832_08810_RAW.jpg,/Users/anirudh/RoadConditionClassifier/FPGAProject/ml/preprocessed/grid_labels/1025814_RS_386_386RS169832_08810_RAW.jpg.npy
/Users/anirudh/RoadConditionClassifier/FPGAProject/ml/cracks-and-potholes-in-road-DatasetNinja/ds0/img/1025815_RS_386_386RS169832_08815_RAW.jpg,/Users/anirudh/RoadConditionClassifier/FPGAProject/ml/preprocessed/grid_labels/1025815_RS_386_386RS169832_08815_RAW.jpg.npy
/Users/anirudh/RoadConditionClassifier/FPGAProject/ml/cracks-and-potholes-in-road-DatasetNinja/ds0/img/1025816_RS_386_386RS169832_08821_RAW.jpg,/Users/anirudh/RoadConditionClassifier/FPGAProject/ml/preprocessed/grid_labels/1025816_RS_386_386RS169832_08821_RAW.jpg.npy
/Users/anirudh/RoadConditionClassifier/FPGAProject/ml/cracks-and-potholes-in-road-DatasetNinja/ds0/img/1025817_RS_386_386RS169832_08825_RAW.jpg,/Users/anirudh/RoadConditionClassifier/FPGAProject/ml/preprocessed/grid_labels/1025817_RS_386_386RS169832_08825_RAW.jpg.npy
/Users/anirudh/RoadConditionClassifier/FPGAProject/ml/cracks-and-potholes-in-road-DatasetNinja/ds0/img/1025818_RS_386_386RS169832_08831_RAW.jpg,/Users/anirudh/RoadConditionClassifier/FPGAProject/ml/preprocessed/grid_labels/1025818_RS_386_386RS169832_08831_RAW.jpg.npy
/Users/anirudh/RoadConditionClassifier/FPGAProject/ml/cracks-and-potholes-in-road-DatasetNinja/ds0/img/1025819_RS_386_386RS169832_08835_RAW.jpg,/Users/anirudh/RoadConditionClassifier/FPGAProject/ml/preprocessed/grid_labels/1025819_RS_386_386RS169832_08835_RAW.jpg.npy
/Users/anirudh/RoadConditionClassifier/FPGAProject/ml/cracks-and-potholes-in-road-DatasetNinja/ds0/img/1025820_RS_386_386RS169832_08840_RAW.jpg,/Users/anirudh/RoadConditionClassifier/FPGAProject/ml/preprocessed/grid_labels/1025820_RS_386_386RS169832_08840_RAW.jpg.npy
/Users/anirudh/RoadConditionClassifier/FPGAProject/ml/cracks-and-potholes-in-road-DatasetNinja/ds0/img/1025821_RS_386_386RS169832_08845_RAW.jpg,/Users/anirudh/RoadConditionClassifier/FPGAProject/ml/preprocessed/grid_labels/1025821_RS_386_386RS169832_08845_RAW.jpg.npy
/Users/anirudh/RoadConditionClassifier/FPGAProject/ml/cracks-and-potholes-in-road-DatasetNinja/ds0/img/1025856_RS_386_386RS169832_09020_RAW.jpg,/Users/anirudh/RoadConditionClassifier/FPGAProject/ml/preprocessed/grid_labels/1025856_RS_386_386RS169832_09020_RAW.jpg.npy
/Users/anirudh/RoadConditionClassifier/FPGAProject/ml/cracks-and-potholes-in-road-DatasetNinja/ds0/img/1025858_RS_386_386RS169832_09030_RAW.jpg,/Users/anirudh/RoadConditionClassifier/FPGAProject/ml/preprocessed/grid_labels/1025858_RS_386_386RS169832_09030_RAW.jpg.npy
/Users/anirudh/RoadConditionClassifier/FPGAProject/ml/cracks-and-potholes-in-road-DatasetNinja/ds0/img/1025859_RS_386_386RS169832_09035_RAW.jpg,/Users/anirudh/RoadConditionClassifier/FPGAProject/ml/preprocessed/grid_labels/1025859_RS_386_386RS169832_09035_RAW.jpg.npy
/Users/anirudh/RoadConditionClassifier/FPGAProject/ml/cracks-and-potholes-in-road-DatasetNinja/ds0/img/1025866_RS_386_386RS169832_09070_RAW.jpg,/Users/anirudh/RoadConditionClassifier/FPGAProject/ml/preprocessed/grid_labels/1025866_RS_386_386RS169832_09070_RAW.jpg.npy
/Users/anirudh/RoadConditionClassifier/FPGAProject/ml/cracks-and-potholes-in-road-DatasetNinja/ds0/img/1025873_RS_386_386RS169832_09105_RAW.jpg,/Users/anirudh/RoadConditionClassifier/FPGAProject/ml/preprocessed/grid_labels/1025873_RS_386_386RS169832_09105_RAW.jpg.npy
/Users/anirudh/RoadConditionClassifier/FPGAProject/ml/cracks-and-potholes-in-road-DatasetNinja/ds0/img/1025879_RS_386_386RS169832_09135_RAW.jpg,/Users/anirudh/RoadConditionClassifier/FPGAProject/ml/preprocessed/grid_labels/1025879_RS_386_386RS169832_09135_RAW.jpg.npy
/Users/anirudh/RoadConditionClassifier/FPGAProject/ml/cracks-and-potholes-in-road-DatasetNinja/ds0/img/1025880_RS_386_386RS169832_09140_RAW.jpg,/Users/anirudh/RoadConditionClassifier/FPGAProject/ml/preprocessed/grid_labels/1025880_RS_386_386RS169832_09140_RAW.jpg.npy
/Users/anirudh/RoadConditionClassifier/FPGAProject/ml/cracks-and-potholes-in-road-DatasetNinja/ds0/img/1025882_RS_386_386RS169832_09150_RAW.jpg,/Users/anirudh/RoadConditionClassifier/FPGAProject/ml/preprocessed/grid_labels/1025882_RS_386_386RS169832_09150_RAW.jpg.npy
/Users/anirudh/RoadConditionClassifier/FPGAProject/ml/cracks-and-potholes-in-road-DatasetNinja/ds0/img/1025884_RS_386_386RS169832_09160_RAW.jpg,/Users/anirudh/RoadConditionClassifier/FPGAProject/ml/preprocessed/grid_labels/1025884_RS_386_386RS169832_09160_RAW.jpg.npy
/Users/anirudh/RoadConditionClassifier/FPGAProject/ml/cracks-and-potholes-in-road-DatasetNinja/ds0/img/1025885_RS_386_386RS169832_09165_RAW.jpg,/Users/anirudh/RoadConditionClassifier/FPGAProject/ml/preprocessed/grid_labels/1025885_RS_386_386RS169832_09165_RAW.jpg.npy
/Users/anirudh/RoadConditionClassifier/FPGAProject/ml/cracks-and-potholes-in-road-DatasetNinja/ds0/img/1025891_RS_386_386RS169832_09195_RAW.jpg,/Users/anirudh/RoadConditionClassifier/FPGAProject/ml/preprocessed/grid_labels/1025891_RS_386_386RS169832_09195_RAW.jpg.npy
/Users/anirudh/RoadConditionClassifier/FPGAProject/ml/cracks-and-potholes-in-road-DatasetNinja/ds0/img/1025898_RS_386_386RS169832_09230_RAW.jpg,/Users/anirudh/RoadConditionClassifier/FPGAProject/ml/preprocessed/grid_labels/1025898_RS_386_386RS169832_09230_RAW.jpg.npy
/Users/anirudh/RoadConditionClassifier/FPGAProject/ml/cracks-and-potholes-in-road-DatasetNinja/ds0/img/1025899_RS_386_386RS169832_09235_RAW.jpg,/Users/anirudh/RoadConditionClassifier/FPGAProject/ml/preprocessed/grid_labels/1025899_RS_386_386RS169832_09235_RAW.jpg.npy
/Users/anirudh/RoadConditionClassifier/FPGAProject/ml/cracks-and-potholes-in-road-DatasetNinja/ds0/img/1025900_RS_386_386RS169832_09240_RAW.jpg,/Users/anirudh/RoadConditionClassifier/FPGAProject/ml/preprocessed/grid_labels/1025900_RS_386_386RS169832_09240_RAW.jpg.npy
/Users/anirudh/RoadConditionClassifier/FPGAProject/ml/cracks-and-potholes-in-road-DatasetNinja/ds0/img/1025902_RS_386_386RS169832_09250_RAW.jpg,/Users/anirudh/RoadConditionClassifier/FPGAProject/ml/preprocessed/grid_labels/1025902_RS_386_386RS169832_09250_RAW.jpg.npy
/Users/anirudh/RoadConditionClassifier/FPGAProject/ml/cracks-and-potholes-in-road-DatasetNinja/ds0/img/1025903_RS_386_386RS169832_09255_RAW.jpg,/Users/anirudh/RoadConditionClassifier/FPGAProject/ml/preprocessed/grid_labels/1025903_RS_386_386RS169832_09255_RAW.jpg.npy
/Users/anirudh/RoadConditionClassifier/FPGAProject/ml/cracks-and-potholes-in-road-DatasetNinja/ds0/img/1025904_RS_386_386RS169832_09260_RAW.jpg,/Users/anirudh/RoadConditionClassifier/FPGAProject/ml/preprocessed/grid_labels/1025904_RS_386_386RS169832_09260_RAW.jpg.npy
/Users/anirudh/RoadConditionClassifier/FPGAProject/ml/cracks-and-potholes-in-road-DatasetNinja/ds0/img/1025905_RS_386_386RS169832_09265_RAW.jpg,/Users/anirudh/RoadConditionClassifier/FPGAProject/ml/preprocessed/grid_labels/1025905_RS_386_386RS169832_09265_RAW.jpg.npy
/Users/anirudh/RoadConditionClassifier/FPGAProject/ml/cracks-and-potholes-in-road-DatasetNinja/ds0/img/1025906_RS_386_386RS169832_09270_RAW.jpg,/Users/anirudh/RoadConditionClassifier/FPGAProject/ml/preprocessed/grid_labels/1025906_RS_386_386RS169832_09270_RAW.jpg.npy
/Users/anirudh/RoadConditionClassifier/FPGAProject/ml/cracks-and-potholes-in-road-DatasetNinja/ds0/img/1025907_RS_386_386RS169832_09276_RAW.jpg,/Users/anirudh/RoadConditionClassifier/FPGAProject/ml/preprocessed/grid_labels/1025907_RS_386_386RS169832_09276_RAW.jpg.npy
/Users/anirudh/RoadConditionClassifier/FPGAProject/ml/cracks-and-potholes-in-road-DatasetNinja/ds0/img/1025908_RS_386_386RS169832_09280_RAW.jpg,/Users/anirudh/RoadConditionClassifier/FPGAProject/ml/preprocessed/grid_labels/1025908_RS_386_386RS169832_09280_RAW.jpg.npy
/Users/anirudh/RoadConditionClassifier/FPGAProject/ml/cracks-and-potholes-in-road-DatasetNinja/ds0/img/1025910_RS_386_386RS169832_09290_RAW.jpg,/Users/anirudh/RoadConditionClassifier/FPGAProject/ml/preprocessed/grid_labels/1025910_RS_386_386RS169832_09290_RAW.jpg.npy
/Users/anirudh/RoadConditionClassifier/FPGAProject/ml/cracks-and-potholes-in-road-DatasetNinja/ds0/img/1025911_RS_386_386RS169832_09295_RAW.jpg,/Users/anirudh/RoadConditionClassifier/FPGAProject/ml/preprocessed/grid_labels/1025911_RS_386_386RS169832_09295_RAW.jpg.npy
/Users/anirudh/RoadConditionClassifier/FPGAProject/ml/cracks-and-potholes-in-road-DatasetNinja/ds0/img/1025912_RS_386_386RS169832_09301_RAW.jpg,/Users/anirudh/RoadConditionClassifier/FPGAProject/ml/preprocessed/grid_labels/1025912_RS_386_386RS169832_09301_RAW.jpg.npy
/Users/anirudh/RoadConditionClassifier/FPGAProject/ml/cracks-and-potholes-in-road-DatasetNinja/ds0/img/1025913_RS_386_386RS169832_09305_RAW.jpg,/Users/anirudh/RoadConditionClassifier/FPGAProject/ml/preprocessed/grid_labels/1025913_RS_386_386RS169832_09305_RAW.jpg.npy
/Users/anirudh/RoadConditionClassifier/FPGAProject/ml/cracks-and-potholes-in-road-DatasetNinja/ds0/img/1025914_RS_386_386RS169832_09310_RAW.jpg,/Users/anirudh/RoadConditionClassifier/FPGAProject/ml/preprocessed/grid_labels/1025914_RS_386_386RS169832_09310_RAW.jpg.npy
/Users/anirudh/RoadConditionClassifier/FPGAProject/ml/cracks-and-potholes-in-road-DatasetNinja/ds0/img/1025919_RS_386_386RS169832_09335_RAW.jpg,/Users/anirudh/RoadConditionClassifier/FPGAProject/ml/preprocessed/grid_labels/1025919_RS_386_386RS169832_09335_RAW.jpg.npy
/Users/anirudh/RoadConditionClassifier/FPGAProject/ml/cracks-and-potholes-in-road-DatasetNinja/ds0/img/1025920_RS_386_386RS169832_09340_RAW.jpg,/Users/anirudh/RoadConditionClassifier/FPGAProject/ml/preprocessed/grid_labels/1025920_RS_386_386RS169832_09340_RAW.jpg.npy
/Users/anirudh/RoadConditionClassifier/FPGAProject/ml/cracks-and-potholes-in-road-DatasetNinja/ds0/img/1025921_RS_386_386RS169832_09345_RAW.jpg,/Users/anirudh/RoadConditionClassifier/FPGAProject/ml/preprocessed/grid_labels/1025921_RS_386_386RS169832_09345_RAW.jpg.npy
/Users/anirudh/RoadConditionClassifier/FPGAProject/ml/cracks-and-potholes-in-road-DatasetNinja/ds0/img/1025923_RS_386_386RS169832_09355_RAW.jpg,/Users/anirudh/RoadConditionClassifier/FPGAProject/ml/preprocessed/grid_labels/1025923_RS_386_386RS169832_09355_RAW.jpg.npy
/Users/anirudh/RoadConditionClassifier/FPGAProject/ml/cracks-and-potholes-in-road-DatasetNinja/ds0/img/1025924_RS_386_386RS169832_09360_RAW.jpg,/Users/anirudh/RoadConditionClassifier/FPGAProject/ml/preprocessed/grid_labels/1025924_RS_386_386RS169832_09360_RAW.jpg.npy
/Users/anirudh/RoadConditionClassifier/FPGAProject/ml/cracks-and-potholes-in-road-DatasetNinja/ds0/img/1025932_RS_386_386RS169832_09400_RAW.jpg,/Users/anirudh/RoadConditionClassifier/FPGAProject/ml/preprocessed/grid_labels/1025932_RS_386_386RS169832_09400_RAW.jpg.npy
/Users/anirudh/RoadConditionClassifier/FPGAProject/ml/cracks-and-potholes-in-road-DatasetNinja/ds0/img/1025934_RS_386_386RS169832_09410_RAW.jpg,/Users/anirudh/RoadConditionClassifier/FPGAProject/ml/preprocessed/grid_labels/1025934_RS_386_386RS169832_09410_RAW.jpg.npy
/Users/anirudh/RoadConditionClassifier/FPGAProject/ml/cracks-and-potholes-in-road-DatasetNinja/ds0/img/1026108_RS_386_386RS169832_10280_RAW.jpg,/Users/anirudh/RoadConditionClassifier/FPGAProject/ml/preprocessed/grid_labels/1026108_RS_386_386RS169832_10280_RAW.jpg.npy
/Users/anirudh/RoadConditionClassifier/FPGAProject/ml/cracks-and-potholes-in-road-DatasetNinja/ds0/img/1026150_RS_386_386RS169832_10490_RAW.jpg,/Users/anirudh/RoadConditionClassifier/FPGAProject/ml/preprocessed/grid_labels/1026150_RS_386_386RS169832_10490_RAW.jpg.npy
/Users/anirudh/RoadConditionClassifier/FPGAProject/ml/cracks-and-potholes-in-road-DatasetNinja/ds0/img/1026151_RS_386_386RS169832_10495_RAW.jpg,/Users/anirudh/RoadConditionClassifier/FPGAProject/ml/preprocessed/grid_labels/1026151_RS_386_386RS169832_10495_RAW.jpg.npy
/Users/anirudh/RoadConditionClassifier/FPGAProject/ml/cracks-and-potholes-in-road-DatasetNinja/ds0/img/1026154_RS_386_386RS169832_10510_RAW.jpg,/Users/anirudh/RoadConditionClassifier/FPGAProject/ml/preprocessed/grid_labels/1026154_RS_386_386RS169832_10510_RAW.jpg.npy
/Users/anirudh/RoadConditionClassifier/FPGAProject/ml/cracks-and-potholes-in-road-DatasetNinja/ds0/img/1026155_RS_386_386RS169832_10515_RAW.jpg,/Users/anirudh/RoadConditionClassifier/FPGAProject/ml/preprocessed/grid_labels/1026155_RS_386_386RS169832_10515_RAW.jpg.npy
/Users/anirudh/RoadConditionClassifier/FPGAProject/ml/cracks-and-potholes-in-road-DatasetNinja/ds0/img/1026261_RS_386_386RS169832_11045_RAW.jpg,/Users/anirudh/RoadConditionClassifier/FPGAProject/ml/preprocessed/grid_labels/1026261_RS_386_386RS169832_11045_RAW.jpg.npy
/Users/anirudh/RoadConditionClassifier/FPGAProject/ml/cracks-and-potholes-in-road-DatasetNinja/ds0/img/1026265_RS_386_386RS169832_11065_RAW.jpg,/Users/anirudh/RoadConditionClassifier/FPGAProject/ml/preprocessed/grid_labels/1026265_RS_386_386RS169832_11065_RAW.jpg.npy
/Users/anirudh/RoadConditionClassifier/FPGAProject/ml/cracks-and-potholes-in-road-DatasetNinja/ds0/img/1044259_DF_060_060BDF0050_00121_RAW.jpg,/Users/anirudh/RoadConditionClassifier/FPGAProject/ml/preprocessed/grid_labels/1044259_DF_060_060BDF0050_00121_RAW.jpg.npy
/Users/anirudh/RoadConditionClassifier/FPGAProject/ml/cracks-and-potholes-in-road-DatasetNinja/ds0/img/1044260_DF_060_060BDF0050_00122_RAW.jpg,/Users/anirudh/RoadConditionClassifier/FPGAProject/ml/preprocessed/grid_labels/1044260_DF_060_060BDF0050_00122_RAW.jpg.npy
/Users/anirudh/RoadConditionClassifier/FPGAProject/ml/cracks-and-potholes-in-road-DatasetNinja/ds0/img/1045837_DF_060_060BDF0030_00575_RAW.jpg,/Users/anirudh/RoadConditionClassifier/FPGAProject/ml/preprocessed/grid_labels/1045837_DF_060_060BDF0030_00575_RAW.jpg.npy
/Users/anirudh/RoadConditionClassifier/FPGAProject/ml/cracks-and-potholes-in-road-DatasetNinja/ds0/img/1045838_DF_060_060BDF0030_00577_RAW.jpg,/Users/anirudh/RoadConditionClassifier/FPGAProject/ml/preprocessed/grid_labels/1045838_DF_060_060BDF0030_00577_RAW.jpg.npy
/Users/anirudh/RoadConditionClassifier/FPGAProject/ml/cracks-and-potholes-in-road-DatasetNinja/ds0/img/1045857_DF_060_060BDF0030_00613_RAW.jpg,/Users/anirudh/RoadConditionClassifier/FPGAProject/ml/preprocessed/grid_labels/1045857_DF_060_060BDF0030_00613_RAW.jpg.npy
/Users/anirudh/RoadConditionClassifier/FPGAProject/ml/cracks-and-potholes-in-road-DatasetNinja/ds0/img/1046386_DF_060_060BDF0030_01575_RAW.jpg,/Users/anirudh/RoadConditionClassifier/FPGAProject/ml/preprocessed/grid_labels/1046386_DF_060_060BDF0030_01575_RAW.jpg.npy
/Users/anirudh/RoadConditionClassifier/FPGAProject/ml/cracks-and-potholes-in-road-DatasetNinja/ds0/img/1046387_DF_060_060BDF0030_01577_RAW.jpg,/Users/anirudh/RoadConditionClassifier/FPGAProject/ml/preprocessed/grid_labels/1046387_DF_060_060BDF0030_01577_RAW.jpg.npy
/Users/anirudh/RoadConditionClassifier/FPGAProject/ml/cracks-and-potholes-in-road-DatasetNinja/ds0/img/1046388_DF_060_060BDF0030_01578_RAW.jpg,/Users/anirudh/RoadConditionClassifier/FPGAProject/ml/preprocessed/grid_labels/1046388_DF_060_060BDF0030_01578_RAW.jpg.npy
/Users/anirudh/RoadConditionClassifier/FPGAProject/ml/cracks-and-potholes-in-road-DatasetNinja/ds0/img/1046852_DF_060_060BDF0030_02444_RAW.jpg,/Users/anirudh/RoadConditionClassifier/FPGAProject/ml/preprocessed/grid_labels/1046852_DF_060_060BDF0030_02444_RAW.jpg.npy
/Users/anirudh/RoadConditionClassifier/FPGAProject/ml/cracks-and-potholes-in-road-DatasetNinja/ds0/img/1047005_DF_060_060BDF0030_02725_RAW.jpg,/Users/anirudh/RoadConditionClassifier/FPGAProject/ml/preprocessed/grid_labels/1047005_DF_060_060BDF0030_02725_RAW.jpg.npy
/Users/anirudh/RoadConditionClassifier/FPGAProject/ml/cracks-and-potholes-in-road-DatasetNinja/ds0/img/1047047_DF_060_060BDF0030_02806_RAW.jpg,/Users/anirudh/RoadConditionClassifier/FPGAProject/ml/preprocessed/grid_labels/1047047_DF_060_060BDF0030_02806_RAW.jpg.npy
/Users/anirudh/RoadConditionClassifier/FPGAProject/ml/cracks-and-potholes-in-road-DatasetNinja/ds0/img/1047052_DF_060_060BDF0030_02817_RAW.jpg,/Users/anirudh/RoadConditionClassifier/FPGAProject/ml/preprocessed/grid_labels/1047052_DF_060_060BDF0030_02817_RAW.jpg.npy
/Users/anirudh/RoadConditionClassifier/FPGAProject/ml/cracks-and-potholes-in-road-DatasetNinja/ds0/img/1047314_DF_060_060BDF0030_03296_RAW.jpg,/Users/anirudh/RoadConditionClassifier/FPGAProject/ml/preprocessed/grid_labels/1047314_DF_060_060BDF0030_03296_RAW.jpg.npy
/Users/anirudh/RoadConditionClassifier/FPGAProject/ml/cracks-and-potholes-in-road-DatasetNinja/ds0/img/1048538_DF_060_060BDF0012_01656_RAW.jpg,/Users/anirudh/RoadConditionClassifier/FPGAProject/ml/preprocessed/grid_labels/1048538_DF_060_060BDF0012_01656_RAW.jpg.npy
/Users/anirudh/RoadConditionClassifier/FPGAProject/ml/cracks-and-potholes-in-road-DatasetNinja/ds0/img/1048685_DF_060_060BDF0010_00160_RAW.jpg,/Users/anirudh/RoadConditionClassifier/FPGAProject/ml/preprocessed/grid_labels/1048685_DF_060_060BDF0010_00160_RAW.jpg.npy
/Users/anirudh/RoadConditionClassifier/FPGAProject/ml/cracks-and-potholes-in-road-DatasetNinja/ds0/img/1050564_DF_080_080BDF0050_1_00368_RAW.jpg,/Users/anirudh/RoadConditionClassifier/FPGAProject/ml/preprocessed/grid_labels/1050564_DF_080_080BDF0050_1_00368_RAW.jpg.npy
/Users/anirudh/RoadConditionClassifier/FPGAProject/ml/cracks-and-potholes-in-road-DatasetNinja/ds0/img/1050931_DF_080_080BDF0050_00553_RAW.jpg,/Users/anirudh/RoadConditionClassifier/FPGAProject/ml/preprocessed/grid_labels/1050931_DF_080_080BDF0050_00553_RAW.jpg.npy
/Users/anirudh/RoadConditionClassifier/FPGAProject/ml/cracks-and-potholes-in-road-DatasetNinja/ds0/img/1051464_DF_020_020BDF0070_01099_RAW.jpg,/Users/anirudh/RoadConditionClassifier/FPGAProject/ml/preprocessed/grid_labels/1051464_DF_020_020BDF0070_01099_RAW.jpg.npy
/Users/anirudh/RoadConditionClassifier/FPGAProject/ml/cracks-and-potholes-in-road-DatasetNinja/ds0/img/1051465_DF_020_020BDF0070_01101_RAW.jpg,/Users/anirudh/RoadConditionClassifier/FPGAProject/ml/preprocessed/grid_labels/1051465_DF_020_020BDF0070_01101_RAW.jpg.npy
/Users/anirudh/RoadConditionClassifier/FPGAProject/ml/cracks-and-potholes-in-road-DatasetNinja/ds0/img/1051484_DF_020_020BDF0070_01140_RAW.jpg,/Users/anirudh/RoadConditionClassifier/FPGAProject/ml/preprocessed/grid_labels/1051484_DF_020_020BDF0070_01140_RAW.jpg.npy
/Users/anirudh/RoadConditionClassifier/FPGAProject/ml/cracks-and-potholes-in-road-DatasetNinja/ds0/img/1051753_DF_020_020BDF0070_01649_RAW.jpg,/Users/anirudh/RoadConditionClassifier/FPGAProject/ml/preprocessed/grid_labels/1051753_DF_020_020BDF0070_01649_RAW.jpg.npy
/Users/anirudh/RoadConditionClassifier/FPGAProject/ml/cracks-and-potholes-in-road-DatasetNinja/ds0/img/1051762_DF_020_020BDF0070_01668_RAW.jpg,/Users/anirudh/RoadConditionClassifier/FPGAProject/ml/preprocessed/grid_labels/1051762_DF_020_020BDF0070_01668_RAW.jpg.npy
/Users/anirudh/RoadConditionClassifier/FPGAProject/ml/cracks-and-potholes-in-road-DatasetNinja/ds0/img/1051763_DF_020_020BDF0070_01670_RAW.jpg,/Users/anirudh/RoadConditionClassifier/FPGAProject/ml/preprocessed/grid_labels/1051763_DF_020_020BDF0070_01670_RAW.jpg.npy
/Users/anirudh/RoadConditionClassifier/FPGAProject/ml/cracks-and-potholes-in-road-DatasetNinja/ds0/img/1051764_DF_020_020BDF0070_01672_RAW.jpg,/Users/anirudh/RoadConditionClassifier/FPGAProject/ml/preprocessed/grid_labels/1051764_DF_020_020BDF0070_01672_RAW.jpg.npy
/Users/anirudh/RoadConditionClassifier/FPGAProject/ml/cracks-and-potholes-in-road-DatasetNinja/ds0/img/1051765_DF_020_020BDF0070_01674_RAW.jpg,/Users/anirudh/RoadConditionClassifier/FPGAProject/ml/preprocessed/grid_labels/1051765_DF_020_020BDF0070_01674_RAW.jpg.npy
/Users/anirudh/RoadConditionClassifier/FPGAProject/ml/cracks-and-potholes-in-road-DatasetNinja/ds0/img/1051767_DF_020_020BDF0070_01678_RAW.jpg,/Users/anirudh/RoadConditionClassifier/FPGAProject/ml/preprocessed/grid_labels/1051767_DF_020_020BDF0070_01678_RAW.jpg.npy
/Users/anirudh/RoadConditionClassifier/FPGAProject/ml/cracks-and-potholes-in-road-DatasetNinja/ds0/img/1051768_DF_020_020BDF0070_01679_RAW.jpg,/Users/anirudh/RoadConditionClassifier/FPGAProject/ml/preprocessed/grid_labels/1051768_DF_020_020BDF0070_01679_RAW.jpg.npy
/Users/anirudh/RoadConditionClassifier/FPGAProject/ml/cracks-and-potholes-in-road-DatasetNinja/ds0/img/1051771_DF_020_020BDF0070_01684_RAW.jpg,/Users/anirudh/RoadConditionClassifier/FPGAProject/ml/preprocessed/grid_labels/1051771_DF_020_020BDF0070_01684_RAW.jpg.npy
/Users/anirudh/RoadConditionClassifier/FPGAProject/ml/cracks-and-potholes-in-road-DatasetNinja/ds0/img/1051772_DF_020_020BDF0070_01686_RAW.jpg,/Users/anirudh/RoadConditionClassifier/FPGAProject/ml/preprocessed/grid_labels/1051772_DF_020_020BDF0070_01686_RAW.jpg.npy
/Users/anirudh/RoadConditionClassifier/FPGAProject/ml/cracks-and-potholes-in-road-DatasetNinja/ds0/img/1051789_DF_020_020BDF0070_01722_RAW.jpg,/Users/anirudh/RoadConditionClassifier/FPGAProject/ml/preprocessed/grid_labels/1051789_DF_020_020BDF0070_01722_RAW.jpg.npy
/Users/anirudh/RoadConditionClassifier/FPGAProject/ml/cracks-and-potholes-in-road-DatasetNinja/ds0/img/1051790_DF_020_020BDF0070_01724_RAW.jpg,/Users/anirudh/RoadConditionClassifier/FPGAProject/ml/preprocessed/grid_labels/1051790_DF_020_020BDF0070_01724_RAW.jpg.npy
/Users/anirudh/RoadConditionClassifier/FPGAProject/ml/cracks-and-potholes-in-road-DatasetNinja/ds0/img/1051791_DF_020_020BDF0070_01726_RAW.jpg,/Users/anirudh/RoadConditionClassifier/FPGAProject/ml/preprocessed/grid_labels/1051791_DF_020_020BDF0070_01726_RAW.jpg.npy
/Users/anirudh/RoadConditionClassifier/FPGAProject/ml/cracks-and-potholes-in-road-DatasetNinja/ds0/img/1052120_DF_020_020BDF0070_02437_RAW.jpg,/Users/anirudh/RoadConditionClassifier/FPGAProject/ml/preprocessed/grid_labels/1052120_DF_020_020BDF0070_02437_RAW.jpg.npy
/Users/anirudh/RoadConditionClassifier/FPGAProject/ml/cracks-and-potholes-in-road-DatasetNinja/ds0/img/1052121_DF_020_020BDF0070_02438_RAW.jpg,/Users/anirudh/RoadConditionClassifier/FPGAProject/ml/preprocessed/grid_labels/1052121_DF_020_020BDF0070_02438_RAW.jpg.npy
/Users/anirudh/RoadConditionClassifier/FPGAProject/ml/cracks-and-potholes-in-road-DatasetNinja/ds0/img/1052123_DF_020_020BDF0070_02442_RAW.jpg,/Users/anirudh/RoadConditionClassifier/FPGAProject/ml/preprocessed/grid_labels/1052123_DF_020_020BDF0070_02442_RAW.jpg.npy
/Users/anirudh/RoadConditionClassifier/FPGAProject/ml/cracks-and-potholes-in-road-DatasetNinja/ds0/img/1052125_DF_020_020BDF0070_02446_RAW.jpg,/Users/anirudh/RoadConditionClassifier/FPGAProject/ml/preprocessed/grid_labels/1052125_DF_020_020BDF0070_02446_RAW.jpg.npy
/Users/anirudh/RoadConditionClassifier/FPGAProject/ml/cracks-and-potholes-in-road-DatasetNinja/ds0/img/1052129_DF_020_020BDF0070_02453_RAW.jpg,/Users/anirudh/RoadConditionClassifier/FPGAProject/ml/preprocessed/grid_labels/1052129_DF_020_020BDF0070_02453_RAW.jpg.npy
/Users/anirudh/RoadConditionClassifier/FPGAProject/ml/cracks-and-potholes-in-road-DatasetNinja/ds0/img/1053801_DF_020_020BDF0070_05925_RAW.jpg,/Users/anirudh/RoadConditionClassifier/FPGAProject/ml/preprocessed/grid_labels/1053801_DF_020_020BDF0070_05925_RAW.jpg.npy
/Users/anirudh/RoadConditionClassifier/FPGAProject/ml/cracks-and-potholes-in-road-DatasetNinja/ds0/img/1053802_DF_020_020BDF0070_05927_RAW.jpg,/Users/anirudh/RoadConditionClassifier/FPGAProject/ml/preprocessed/grid_labels/1053802_DF_020_020BDF0070_05927_RAW.jpg.npy
/Users/anirudh/RoadConditionClassifier/FPGAProject/ml/cracks-and-potholes-in-road-DatasetNinja/ds0/img/1053803_DF_020_020BDF0070_05929_RAW.jpg,/Users/anirudh/RoadConditionClassifier/FPGAProject/ml/preprocessed/grid_labels/1053803_DF_020_020BDF0070_05929_RAW.jpg.npy
/Users/anirudh/RoadConditionClassifier/FPGAProject/ml/cracks-and-potholes-in-road-DatasetNinja/ds0/img/1053813_DF_020_020BDF0070_05945_RAW.jpg,/Users/anirudh/RoadConditionClassifier/FPGAProject/ml/preprocessed/grid_labels/1053813_DF_020_020BDF0070_05945_RAW.jpg.npy
/Users/anirudh/RoadConditionClassifier/FPGAProject/ml/cracks-and-potholes-in-road-DatasetNinja/ds0/img/1053818_DF_020_020BDF0070_05954_RAW.jpg,/Users/anirudh/RoadConditionClassifier/FPGAProject/ml/preprocessed/grid_labels/1053818_DF_020_020BDF0070_05954_RAW.jpg.npy
/Users/anirudh/RoadConditionClassifier/FPGAProject/ml/cracks-and-potholes-in-road-DatasetNinja/ds0/img/1053828_DF_020_020BDF0070_05973_RAW.jpg,/Users/anirudh/RoadConditionClassifier/FPGAProject/ml/preprocessed/grid_labels/1053828_DF_020_020BDF0070_05973_RAW.jpg.npy
/Users/anirudh/RoadConditionClassifier/FPGAProject/ml/cracks-and-potholes-in-road-DatasetNinja/ds0/img/1053829_DF_020_020BDF0070_05975_RAW.jpg,/Users/anirudh/RoadConditionClassifier/FPGAProject/ml/preprocessed/grid_labels/1053829_DF_020_020BDF0070_05975_RAW.jpg.npy
/Users/anirudh/RoadConditionClassifier/FPGAProject/ml/cracks-and-potholes-in-road-DatasetNinja/ds0/img/1053836_DF_020_020BDF0070_05986_RAW.jpg,/Users/anirudh/RoadConditionClassifier/FPGAProject/ml/preprocessed/grid_labels/1053836_DF_020_020BDF0070_05986_RAW.jpg.npy
/Users/anirudh/RoadConditionClassifier/FPGAProject/ml/cracks-and-potholes-in-road-DatasetNinja/ds0/img/1053837_DF_020_020BDF0070_05988_RAW.jpg,/Users/anirudh/RoadConditionClassifier/FPGAProject/ml/preprocessed/grid_labels/1053837_DF_020_020BDF0070_05988_RAW.jpg.npy
/Users/anirudh/RoadConditionClassifier/FPGAProject/ml/cracks-and-potholes-in-road-DatasetNinja/ds0/img/1053848_DF_020_020BDF0070_06007_RAW.jpg,/Users/anirudh/RoadConditionClassifier/FPGAProject/ml/preprocessed/grid_labels/1053848_DF_020_020BDF0070_06007_RAW.jpg.npy
/Users/anirudh/RoadConditionClassifier/FPGAProject/ml/cracks-and-potholes-in-road-DatasetNinja/ds0/img/1053849_DF_020_020BDF0070_06009_RAW.jpg,/Users/anirudh/RoadConditionClassifier/FPGAProject/ml/preprocessed/grid_labels/1053849_DF_020_020BDF0070_06009_RAW.jpg.npy
/Users/anirudh/RoadConditionClassifier/FPGAProject/ml/cracks-and-potholes-in-road-DatasetNinja/ds0/img/1053862_DF_020_020BDF0070_06032_RAW.jpg,/Users/anirudh/RoadConditionClassifier/FPGAProject/ml/preprocessed/grid_labels/1053862_DF_020_020BDF0070_06032_RAW.jpg.npy
/Users/anirudh/RoadConditionClassifier/FPGAProject/ml/cracks-and-potholes-in-road-DatasetNinja/ds0/img/1053871_DF_020_020BDF0070_06046_RAW.jpg,/Users/anirudh/RoadConditionClassifier/FPGAProject/ml/preprocessed/grid_labels/1053871_DF_020_020BDF0070_06046_RAW.jpg.npy
/Users/anirudh/RoadConditionClassifier/FPGAProject/ml/cracks-and-potholes-in-road-DatasetNinja/ds0/img/1053879_DF_020_020BDF0070_06059_RAW.jpg,/Users/anirudh/RoadConditionClassifier/FPGAProject/ml/preprocessed/grid_labels/1053879_DF_020_020BDF0070_06059_RAW.jpg.npy
/Users/anirudh/RoadConditionClassifier/FPGAProject/ml/cracks-and-potholes-in-road-DatasetNinja/ds0/img/1053880_DF_020_020BDF0070_06061_RAW.jpg,/Users/anirudh/RoadConditionClassifier/FPGAProject/ml/preprocessed/grid_labels/1053880_DF_020_020BDF0070_06061_RAW.jpg.npy
/Users/anirudh/RoadConditionClassifier/FPGAProject/ml/cracks-and-potholes-in-road-DatasetNinja/ds0/img/1053881_DF_020_020BDF0070_06062_RAW.jpg,/Users/anirudh/RoadConditionClassifier/FPGAProject/ml/preprocessed/grid_labels/1053881_DF_020_020BDF0070_06062_RAW.jpg.npy
/Users/anirudh/RoadConditionClassifier/FPGAProject/ml/cracks-and-potholes-in-road-DatasetNinja/ds0/img/1053883_DF_020_020BDF0070_06066_RAW.jpg,/Users/anirudh/RoadConditionClassifier/FPGAProject/ml/preprocessed/grid_labels/1053883_DF_020_020BDF0070_06066_RAW.jpg.npy
/Users/anirudh/RoadConditionClassifier/FPGAProject/ml/cracks-and-potholes-in-road-DatasetNinja/ds0/img/1053888_DF_020_020BDF0070_06075_RAW.jpg,/Users/anirudh/RoadConditionClassifier/FPGAProject/ml/preprocessed/grid_labels/1053888_DF_020_020BDF0070_06075_RAW.jpg.npy
/Users/anirudh/RoadConditionClassifier/FPGAProject/ml/cracks-and-potholes-in-road-DatasetNinja/ds0/img/1053907_DF_020_020BDF0070_06107_RAW.jpg,/Users/anirudh/RoadConditionClassifier/FPGAProject/ml/preprocessed/grid_labels/1053907_DF_020_020BDF0070_06107_RAW.jpg.npy
/Users/anirudh/RoadConditionClassifier/FPGAProject/ml/cracks-and-potholes-in-road-DatasetNinja/ds0/img/1053908_DF_020_020BDF0070_06109_RAW.jpg,/Users/anirudh/RoadConditionClassifier/FPGAProject/ml/preprocessed/grid_labels/1053908_DF_020_020BDF0070_06109_RAW.jpg.npy
/Users/anirudh/RoadConditionClassifier/FPGAProject/ml/cracks-and-potholes-in-road-DatasetNinja/ds0/img/1053909_DF_020_020BDF0070_06111_RAW.jpg,/Users/anirudh/RoadConditionClassifier/FPGAProject/ml/preprocessed/grid_labels/1053909_DF_020_020BDF0070_06111_RAW.jpg.npy
/Users/anirudh/RoadConditionClassifier/FPGAProject/ml/cracks-and-potholes-in-road-DatasetNinja/ds0/img/1053938_DF_020_020BDF0070_06163_RAW.jpg,/Users/anirudh/RoadConditionClassifier/FPGAProject/ml/preprocessed/grid_labels/1053938_DF_020_020BDF0070_06163_RAW.jpg.npy
/Users/anirudh/RoadConditionClassifier/FPGAProject/ml/cracks-and-potholes-in-road-DatasetNinja/ds0/img/1053939_DF_020_020BDF0070_06165_RAW.jpg,/Users/anirudh/RoadConditionClassifier/FPGAProject/ml/preprocessed/grid_labels/1053939_DF_020_020BDF0070_06165_RAW.jpg.npy
/Users/anirudh/RoadConditionClassifier/FPGAProject/ml/cracks-and-potholes-in-road-DatasetNinja/ds0/img/1053943_DF_020_020BDF0070_06172_RAW.jpg,/Users/anirudh/RoadConditionClassifier/FPGAProject/ml/preprocessed/grid_labels/1053943_DF_020_020BDF0070_06172_RAW.jpg.npy
/Users/anirudh/RoadConditionClassifier/FPGAProject/ml/cracks-and-potholes-in-road-DatasetNinja/ds0/img/1053953_DF_020_020BDF0070_06192_RAW.jpg,/Users/anirudh/RoadConditionClassifier/FPGAProject/ml/preprocessed/grid_labels/1053953_DF_020_020BDF0070_06192_RAW.jpg.npy
/Users/anirudh/RoadConditionClassifier/FPGAProject/ml/cracks-and-potholes-in-road-DatasetNinja/ds0/img/1053954_DF_020_020BDF0070_06194_RAW.jpg,/Users/anirudh/RoadConditionClassifier/FPGAProject/ml/preprocessed/grid_labels/1053954_DF_020_020BDF0070_06194_RAW.jpg.npy
/Users/anirudh/RoadConditionClassifier/FPGAProject/ml/cracks-and-potholes-in-road-DatasetNinja/ds0/img/1053957_DF_020_020BDF0070_06199_RAW.jpg,/Users/anirudh/RoadConditionClassifier/FPGAProject/ml/preprocessed/grid_labels/1053957_DF_020_020BDF0070_06199_RAW.jpg.npy
/Users/anirudh/RoadConditionClassifier/FPGAProject/ml/cracks-and-potholes-in-road-DatasetNinja/ds0/img/1053958_DF_020_020BDF0070_06201_RAW.jpg,/Users/anirudh/RoadConditionClassifier/FPGAProject/ml/preprocessed/grid_labels/1053958_DF_020_020BDF0070_06201_RAW.jpg.npy
/Users/anirudh/RoadConditionClassifier/FPGAProject/ml/cracks-and-potholes-in-road-DatasetNinja/ds0/img/1053962_DF_020_020BDF0070_06208_RAW.jpg,/Users/anirudh/RoadConditionClassifier/FPGAProject/ml/preprocessed/grid_labels/1053962_DF_020_020BDF0070_06208_RAW.jpg.npy
/Users/anirudh/RoadConditionClassifier/FPGAProject/ml/cracks-and-potholes-in-road-DatasetNinja/ds0/img/1053963_DF_020_020BDF0070_06210_RAW.jpg,/Users/anirudh/RoadConditionClassifier/FPGAProject/ml/preprocessed/grid_labels/1053963_DF_020_020BDF0070_06210_RAW.jpg.npy
/Users/anirudh/RoadConditionClassifier/FPGAProject/ml/cracks-and-potholes-in-road-DatasetNinja/ds0/img/1053964_DF_020_020BDF0070_06212_RAW.jpg,/Users/anirudh/RoadConditionClassifier/FPGAProject/ml/preprocessed/grid_labels/1053964_DF_020_020BDF0070_06212_RAW.jpg.npy
/Users/anirudh/RoadConditionClassifier/FPGAProject/ml/cracks-and-potholes-in-road-DatasetNinja/ds0/img/1053965_DF_020_020BDF0070_06213_RAW.jpg,/Users/anirudh/RoadConditionClassifier/FPGAProject/ml/preprocessed/grid_labels/1053965_DF_020_020BDF0070_06213_RAW.jpg.npy
/Users/anirudh/RoadConditionClassifier/FPGAProject/ml/cracks-and-potholes-in-road-DatasetNinja/ds0/img/1053991_DF_020_020BDF0070_06265_RAW.jpg,/Users/anirudh/RoadConditionClassifier/FPGAProject/ml/preprocessed/grid_labels/1053991_DF_020_020BDF0070_06265_RAW.jpg.npy
/Users/anirudh/RoadConditionClassifier/FPGAProject/ml/cracks-and-potholes-in-road-DatasetNinja/ds0/img/1053992_DF_020_020BDF0070_06266_RAW.jpg,/Users/anirudh/RoadConditionClassifier/FPGAProject/ml/preprocessed/grid_labels/1053992_DF_020_020BDF0070_06266_RAW.jpg.npy
/Users/anirudh/RoadConditionClassifier/FPGAProject/ml/cracks-and-potholes-in-road-DatasetNinja/ds0/img/1053993_DF_020_020BDF0070_06268_RAW.jpg,/Users/anirudh/RoadConditionClassifier/FPGAProject/ml/preprocessed/grid_labels/1053993_DF_020_020BDF0070_06268_RAW.jpg.npy
/Users/anirudh/RoadConditionClassifier/FPGAProject/ml/cracks-and-potholes-in-road-DatasetNinja/ds0/img/1053996_DF_020_020BDF0070_06273_RAW.jpg,/Users/anirudh/RoadConditionClassifier/FPGAProject/ml/preprocessed/grid_labels/1053996_DF_020_020BDF0070_06273_RAW.jpg.npy
/Users/anirudh/RoadConditionClassifier/FPGAProject/ml/cracks-and-potholes-in-road-DatasetNinja/ds0/img/1053997_DF_020_020BDF0070_06275_RAW.jpg,/Users/anirudh/RoadConditionClassifier/FPGAProject/ml/preprocessed/grid_labels/1053997_DF_020_020BDF0070_06275_RAW.jpg.npy
/Users/anirudh/RoadConditionClassifier/FPGAProject/ml/cracks-and-potholes-in-road-DatasetNinja/ds0/img/1054198_DF_020_020BDF0070_06648_RAW.jpg,/Users/anirudh/RoadConditionClassifier/FPGAProject/ml/preprocessed/grid_labels/1054198_DF_020_020BDF0070_06648_RAW.jpg.npy
/Users/anirudh/RoadConditionClassifier/FPGAProject/ml/cracks-and-potholes-in-road-DatasetNinja/ds0/img/1054495_DF_020_020BDF0070_07197_RAW.jpg,/Users/anirudh/RoadConditionClassifier/FPGAProject/ml/preprocessed/grid_labels/1054495_DF_020_020BDF0070_07197_RAW.jpg.npy
/Users/anirudh/RoadConditionClassifier/FPGAProject/ml/cracks-and-potholes-in-road-DatasetNinja/ds0/img/1054891_DF_020_020BDF0070_07935_RAW.jpg,/Users/anirudh/RoadConditionClassifier/FPGAProject/ml/preprocessed/grid_labels/1054891_DF_020_020BDF0070_07935_RAW.jpg.npy
/Users/anirudh/RoadConditionClassifier/FPGAProject/ml/cracks-and-potholes-in-road-DatasetNinja/ds0/img/1054896_DF_020_020BDF0070_07944_RAW.jpg,/Users/anirudh/RoadConditionClassifier/FPGAProject/ml/preprocessed/grid_labels/1054896_DF_020_020BDF0070_07944_RAW.jpg.npy
/Users/anirudh/RoadConditionClassifier/FPGAProject/ml/cracks-and-potholes-in-road-DatasetNinja/ds0/img/1054897_DF_020_020BDF0070_07945_RAW.jpg,/Users/anirudh/RoadConditionClassifier/FPGAProject/ml/preprocessed/grid_labels/1054897_DF_020_020BDF0070_07945_RAW.jpg.npy
/Users/anirudh/RoadConditionClassifier/FPGAProject/ml/cracks-and-potholes-in-road-DatasetNinja/ds0/img/1054908_DF_020_020BDF0070_07965_RAW.jpg,/Users/anirudh/RoadConditionClassifier/FPGAProject/ml/preprocessed/grid_labels/1054908_DF_020_020BDF0070_07965_RAW.jpg.npy
/Users/anirudh/RoadConditionClassifier/FPGAProject/ml/cracks-and-potholes-in-road-DatasetNinja/ds0/img/1054923_DF_020_020BDF0070_07994_RAW.jpg,/Users/anirudh/RoadConditionClassifier/FPGAProject/ml/preprocessed/grid_labels/1054923_DF_020_020BDF0070_07994_RAW.jpg.npy
/Users/anirudh/RoadConditionClassifier/FPGAProject/ml/cracks-and-potholes-in-road-DatasetNinja/ds0/img/1054924_DF_020_020BDF0070_07996_RAW.jpg,/Users/anirudh/RoadConditionClassifier/FPGAProject/ml/preprocessed/grid_labels/1054924_DF_020_020BDF0070_07996_RAW.jpg.npy
/Users/anirudh/RoadConditionClassifier/FPGAProject/ml/cracks-and-potholes-in-road-DatasetNinja/ds0/img/1054926_DF_020_020BDF0070_07999_RAW.jpg,/Users/anirudh/RoadConditionClassifier/FPGAProject/ml/preprocessed/grid_labels/1054926_DF_020_020BDF0070_07999_RAW.jpg.npy
/Users/anirudh/RoadConditionClassifier/FPGAProject/ml/cracks-and-potholes-in-road-DatasetNinja/ds0/img/1054927_DF_020_020BDF0070_08001_RAW.jpg,/Users/anirudh/RoadConditionClassifier/FPGAProject/ml/preprocessed/grid_labels/1054927_DF_020_020BDF0070_08001_RAW.jpg.npy
/Users/anirudh/RoadConditionClassifier/FPGAProject/ml/cracks-and-potholes-in-road-DatasetNinja/ds0/img/1054928_DF_020_020BDF0070_08003_RAW.jpg,/Users/anirudh/RoadConditionClassifier/FPGAProject/ml/preprocessed/grid_labels/1054928_DF_020_020BDF0070_08003_RAW.jpg.npy
/Users/anirudh/RoadConditionClassifier/FPGAProject/ml/cracks-and-potholes-in-road-DatasetNinja/ds0/img/1054936_DF_020_020BDF0070_08017_RAW.jpg,/Users/anirudh/RoadConditionClassifier/FPGAProject/ml/preprocessed/grid_labels/1054936_DF_020_020BDF0070_08017_RAW.jpg.npy
/Users/anirudh/RoadConditionClassifier/FPGAProject/ml/cracks-and-potholes-in-road-DatasetNinja/ds0/img/1054937_DF_020_020BDF0070_08018_RAW.jpg,/Users/anirudh/RoadConditionClassifier/FPGAProject/ml/preprocessed/grid_labels/1054937_DF_020_020BDF0070_08018_RAW.jpg.npy
/Users/anirudh/RoadConditionClassifier/FPGAProject/ml/cracks-and-potholes-in-road-DatasetNinja/ds0/img/1054938_DF_020_020BDF0070_08020_RAW.jpg,/Users/anirudh/RoadConditionClassifier/FPGAProject/ml/preprocessed/grid_labels/1054938_DF_020_020BDF0070_08020_RAW.jpg.npy
/Users/anirudh/RoadConditionClassifier/FPGAProject/ml/cracks-and-potholes-in-road-DatasetNinja/ds0/img/1054939_DF_020_020BDF0070_08022_RAW.jpg,/Users/anirudh/RoadConditionClassifier/FPGAProject/ml/preprocessed/grid_labels/1054939_DF_020_020BDF0070_08022_RAW.jpg.npy
/Users/anirudh/RoadConditionClassifier/FPGAProject/ml/cracks-and-potholes-in-road-DatasetNinja/ds0/img/1054940_DF_020_020BDF0070_08024_RAW.jpg,/Users/anirudh/RoadConditionClassifier/FPGAProject/ml/preprocessed/grid_labels/1054940_DF_020_020BDF0070_08024_RAW.jpg.npy
/Users/anirudh/RoadConditionClassifier/FPGAProject/ml/cracks-and-potholes-in-road-DatasetNinja/ds0/img/1054941_DF_020_020BDF0070_08025_RAW.jpg,/Users/anirudh/RoadConditionClassifier/FPGAProject/ml/preprocessed/grid_labels/1054941_DF_020_020BDF0070_08025_RAW.jpg.npy
/Users/anirudh/RoadConditionClassifier/FPGAProject/ml/cracks-and-potholes-in-road-DatasetNinja/ds0/img/1054962_DF_020_020BDF0070_08063_RAW.jpg,/Users/anirudh/RoadConditionClassifier/FPGAProject/ml/preprocessed/grid_labels/1054962_DF_020_020BDF0070_08063_RAW.jpg.npy
/Users/anirudh/RoadConditionClassifier/FPGAProject/ml/cracks-and-potholes-in-road-DatasetNinja/ds0/img/1054963_DF_020_020BDF0070_08065_RAW.jpg,/Users/anirudh/RoadConditionClassifier/FPGAProject/ml/preprocessed/grid_labels/1054963_DF_020_020BDF0070_08065_RAW.jpg.npy
/Users/anirudh/RoadConditionClassifier/FPGAProject/ml/cracks-and-potholes-in-road-DatasetNinja/ds0/img/1055058_DF_020_020BDF0070_08244_RAW.jpg,/Users/anirudh/RoadConditionClassifier/FPGAProject/ml/preprocessed/grid_labels/1055058_DF_020_020BDF0070_08244_RAW.jpg.npy
/Users/anirudh/RoadConditionClassifier/FPGAProject/ml/cracks-and-potholes-in-road-DatasetNinja/ds0/img/1055059_DF_020_020BDF0070_08245_RAW.jpg,/Users/anirudh/RoadConditionClassifier/FPGAProject/ml/preprocessed/grid_labels/1055059_DF_020_020BDF0070_08245_RAW.jpg.npy
/Users/anirudh/RoadConditionClassifier/FPGAProject/ml/cracks-and-potholes-in-road-DatasetNinja/ds0/img/1055376_DF_020_020BDF0070_08828_RAW.jpg,/Users/anirudh/RoadConditionClassifier/FPGAProject/ml/preprocessed/grid_labels/1055376_DF_020_020BDF0070_08828_RAW.jpg.npy
/Users/anirudh/RoadConditionClassifier/FPGAProject/ml/cracks-and-potholes-in-road-DatasetNinja/ds0/img/1055466_DF_020_020BDF0070_09001_RAW.jpg,/Users/anirudh/RoadConditionClassifier/FPGAProject/ml/preprocessed/grid_labels/1055466_DF_020_020BDF0070_09001_RAW.jpg.npy
/Users/anirudh/RoadConditionClassifier/FPGAProject/ml/cracks-and-potholes-in-road-DatasetNinja/ds0/img/1055542_DF_020_020BDF0070_09147_RAW.jpg,/Users/anirudh/RoadConditionClassifier/FPGAProject/ml/preprocessed/grid_labels/1055542_DF_020_020BDF0070_09147_RAW.jpg.npy
/Users/anirudh/RoadConditionClassifier/FPGAProject/ml/cracks-and-potholes-in-road-DatasetNinja/ds0/img/1055550_DF_020_020BDF0070_09162_RAW.jpg,/Users/anirudh/RoadConditionClassifier/FPGAProject/ml/preprocessed/grid_labels/1055550_DF_020_020BDF0070_09162_RAW.jpg.npy
/Users/anirudh/RoadConditionClassifier/FPGAProject/ml/cracks-and-potholes-in-road-DatasetNinja/ds0/img/1055555_DF_020_020BDF0070_09174_RAW.jpg,/Users/anirudh/RoadConditionClassifier/FPGAProject/ml/preprocessed/grid_labels/1055555_DF_020_020BDF0070_09174_RAW.jpg.npy
/Users/anirudh/RoadConditionClassifier/FPGAProject/ml/cracks-and-potholes-in-road-DatasetNinja/ds0/img/1055614_DF_020_020BDF0070_09283_RAW.jpg,/Users/anirudh/RoadConditionClassifier/FPGAProject/ml/preprocessed/grid_labels/1055614_DF_020_020BDF0070_09283_RAW.jpg.npy
/Users/anirudh/RoadConditionClassifier/FPGAProject/ml/cracks-and-potholes-in-road-DatasetNinja/ds0/img/1055690_DF_020_020BDF0070_09415_RAW.jpg,/Users/anirudh/RoadConditionClassifier/FPGAProject/ml/preprocessed/grid_labels/1055690_DF_020_020BDF0070_09415_RAW.jpg.npy
/Users/anirudh/RoadConditionClassifier/FPGAProject/ml/cracks-and-potholes-in-road-DatasetNinja/ds0/img/1055711_DF_020_020BDF0070_09455_RAW.jpg,/Users/anirudh/RoadConditionClassifier/FPGAProject/ml/preprocessed/grid_labels/1055711_DF_020_020BDF0070_09455_RAW.jpg.npy
/Users/anirudh/RoadConditionClassifier/FPGAProject/ml/cracks-and-potholes-in-road-DatasetNinja/ds0/img/1055762_DF_020_020BDF0070_09552_RAW.jpg,/Users/anirudh/RoadConditionClassifier/FPGAProject/ml/preprocessed/grid_labels/1055762_DF_020_020BDF0070_09552_RAW.jpg.npy
/Users/anirudh/RoadConditionClassifier/FPGAProject/ml/cracks-and-potholes-in-road-DatasetNinja/ds0/img/1055763_DF_020_020BDF0070_09554_RAW.jpg,/Users/anirudh/RoadConditionClassifier/FPGAProject/ml/preprocessed/grid_labels/1055763_DF_020_020BDF0070_09554_RAW.jpg.npy
/Users/anirudh/RoadConditionClassifier/FPGAProject/ml/cracks-and-potholes-in-road-DatasetNinja/ds0/img/1055777_DF_020_020BDF0070_09579_RAW.jpg,/Users/anirudh/RoadConditionClassifier/FPGAProject/ml/preprocessed/grid_labels/1055777_DF_020_020BDF0070_09579_RAW.jpg.npy
/Users/anirudh/RoadConditionClassifier/FPGAProject/ml/cracks-and-potholes-in-road-DatasetNinja/ds0/img/1055780_DF_020_020BDF0070_09584_RAW.jpg,/Users/anirudh/RoadConditionClassifier/FPGAProject/ml/preprocessed/grid_labels/1055780_DF_020_020BDF0070_09584_RAW.jpg.npy
/Users/anirudh/RoadConditionClassifier/FPGAProject/ml/cracks-and-potholes-in-road-DatasetNinja/ds0/img/1055781_DF_020_020BDF0070_09586_RAW.jpg,/Users/anirudh/RoadConditionClassifier/FPGAProject/ml/preprocessed/grid_labels/1055781_DF_020_020BDF0070_09586_RAW.jpg.npy
/Users/anirudh/RoadConditionClassifier/FPGAProject/ml/cracks-and-potholes-in-road-DatasetNinja/ds0/img/1055782_DF_020_020BDF0070_09588_RAW.jpg,/Users/anirudh/RoadConditionClassifier/FPGAProject/ml/preprocessed/grid_labels/1055782_DF_020_020BDF0070_09588_RAW.jpg.npy
/Users/anirudh/RoadConditionClassifier/FPGAProject/ml/cracks-and-potholes-in-road-DatasetNinja/ds0/img/1055783_DF_020_020BDF0070_09590_RAW.jpg,/Users/anirudh/RoadConditionClassifier/FPGAProject/ml/preprocessed/grid_labels/1055783_DF_020_020BDF0070_09590_RAW.jpg.npy
/Users/anirudh/RoadConditionClassifier/FPGAProject/ml/cracks-and-potholes-in-road-DatasetNinja/ds0/img/1055790_DF_020_020BDF0070_09603_RAW.jpg,/Users/anirudh/RoadConditionClassifier/FPGAProject/ml/preprocessed/grid_labels/1055790_DF_020_020BDF0070_09603_RAW.jpg.npy
/Users/anirudh/RoadConditionClassifier/FPGAProject/ml/cracks-and-potholes-in-road-DatasetNinja/ds0/img/1055965_DF_010_010BDF0010_00119_RAW.jpg,/Users/anirudh/RoadConditionClassifier/FPGAProject/ml/preprocessed/grid_labels/1055965_DF_010_010BDF0010_00119_RAW.jpg.npy
/Users/anirudh/RoadConditionClassifier/FPGAProject/ml/cracks-and-potholes-in-road-DatasetNinja/ds0/img/1055969_DF_010_010BDF0010_00127_RAW.jpg,/Users/anirudh/RoadConditionClassifier/FPGAProject/ml/preprocessed/grid_labels/1055969_DF_010_010BDF0010_00127_RAW.jpg.npy
/Users/anirudh/RoadConditionClassifier/FPGAProject/ml/cracks-and-potholes-in-road-DatasetNinja/ds0/img/1055970_DF_010_010BDF0010_00128_RAW.jpg,/Users/anirudh/RoadConditionClassifier/FPGAProject/ml/preprocessed/grid_labels/1055970_DF_010_010BDF0010_00128_RAW.jpg.npy
/Users/anirudh/RoadConditionClassifier/FPGAProject/ml/cracks-and-potholes-in-road-DatasetNinja/ds0/img/1056900_DF_010_010BDF0010_01826_RAW.jpg,/Users/anirudh/RoadConditionClassifier/FPGAProject/ml/preprocessed/grid_labels/1056900_DF_010_010BDF0010_01826_RAW.jpg.npy
/Users/anirudh/RoadConditionClassifier/FPGAProject/ml/cracks-and-potholes-in-road-DatasetNinja/ds0/img/1058796_DF_010_010BDF0010_06132_RAW.jpg,/Users/anirudh/RoadConditionClassifier/FPGAProject/ml/preprocessed/grid_labels/1058796_DF_010_010BDF0010_06132_RAW.jpg.npy
/Users/anirudh/RoadConditionClassifier/FPGAProject/ml/cracks-and-potholes-in-road-DatasetNinja/ds0/img/1058797_DF_010_010BDF0010_06134_RAW.jpg,/Users/anirudh/RoadConditionClassifier/FPGAProject/ml/preprocessed/grid_labels/1058797_DF_010_010BDF0010_06134_RAW.jpg.npy
/Users/anirudh/RoadConditionClassifier/FPGAProject/ml/cracks-and-potholes-in-road-DatasetNinja/ds0/img/1058798_DF_010_010BDF0010_06135_RAW.jpg,/Users/anirudh/RoadConditionClassifier/FPGAProject/ml/preprocessed/grid_labels/1058798_DF_010_010BDF0010_06135_RAW.jpg.npy
/Users/anirudh/RoadConditionClassifier/FPGAProject/ml/cracks-and-potholes-in-road-DatasetNinja/ds0/img/1058912_DF_010_010BDF0010_06344_RAW.jpg,/Users/anirudh/RoadConditionClassifier/FPGAProject/ml/preprocessed/grid_labels/1058912_DF_010_010BDF0010_06344_RAW.jpg.npy
/Users/anirudh/RoadConditionClassifier/FPGAProject/ml/cracks-and-potholes-in-road-DatasetNinja/ds0/img/1058913_DF_010_010BDF0010_06346_RAW.jpg,/Users/anirudh/RoadConditionClassifier/FPGAProject/ml/preprocessed/grid_labels/1058913_DF_010_010BDF0010_06346_RAW.jpg.npy
/Users/anirudh/RoadConditionClassifier/FPGAProject/ml/cracks-and-potholes-in-road-DatasetNinja/ds0/img/1058931_DF_010_010BDF0010_06381_RAW.jpg,/Users/anirudh/RoadConditionClassifier/FPGAProject/ml/preprocessed/grid_labels/1058931_DF_010_010BDF0010_06381_RAW.jpg.npy
/Users/anirudh/RoadConditionClassifier/FPGAProject/ml/cracks-and-potholes-in-road-DatasetNinja/ds0/img/1059088_DF_010_010BDF0010_06677_RAW.jpg,/Users/anirudh/RoadConditionClassifier/FPGAProject/ml/preprocessed/grid_labels/1059088_DF_010_010BDF0010_06677_RAW.jpg.npy
/Users/anirudh/RoadConditionClassifier/FPGAProject/ml/cracks-and-potholes-in-road-DatasetNinja/ds0/img/1061031_DF_251_251BDF0525_00530_RAW.jpg,/Users/anirudh/RoadConditionClassifier/FPGAProject/ml/preprocessed/grid_labels/1061031_DF_251_251BDF0525_00530_RAW.jpg.npy
/Users/anirudh/RoadConditionClassifier/FPGAProject/ml/cracks-and-potholes-in-road-DatasetNinja/ds0/img/1061032_DF_251_251BDF0525_00532_RAW.jpg,/Users/anirudh/RoadConditionClassifier/FPGAProject/ml/preprocessed/grid_labels/1061032_DF_251_251BDF0525_00532_RAW.jpg.npy
/Users/anirudh/RoadConditionClassifier/FPGAProject/ml/cracks-and-potholes-in-road-DatasetNinja/ds0/img/1061033_DF_251_251BDF0525_00534_RAW.jpg,/Users/anirudh/RoadConditionClassifier/FPGAProject/ml/preprocessed/grid_labels/1061033_DF_251_251BDF0525_00534_RAW.jpg.npy
/Users/anirudh/RoadConditionClassifier/FPGAProject/ml/cracks-and-potholes-in-road-DatasetNinja/ds0/img/1061100_DF_251_251BDF0525_00653_RAW.jpg,/Users/anirudh/RoadConditionClassifier/FPGAProject/ml/preprocessed/grid_labels/1061100_DF_251_251BDF0525_00653_RAW.jpg.npy
/Users/anirudh/RoadConditionClassifier/FPGAProject/ml/cracks-and-potholes-in-road-DatasetNinja/ds0/img/1061101_DF_251_251BDF0525_00655_RAW.jpg,/Users/anirudh/RoadConditionClassifier/FPGAProject/ml/preprocessed/grid_labels/1061101_DF_251_251BDF0525_00655_RAW.jpg.npy
/Users/anirudh/RoadConditionClassifier/FPGAProject/ml/cracks-and-potholes-in-road-DatasetNinja/ds0/img/1061102_DF_251_251BDF0525_00657_RAW.jpg,/Users/anirudh/RoadConditionClassifier/FPGAProject/ml/preprocessed/grid_labels/1061102_DF_251_251BDF0525_00657_RAW.jpg.npy
/Users/anirudh/RoadConditionClassifier/FPGAProject/ml/cracks-and-potholes-in-road-DatasetNinja/ds0/img/1062514_DF_080_080BDF0032_00044_RAW.jpg,/Users/anirudh/RoadConditionClassifier/FPGAProject/ml/preprocessed/grid_labels/1062514_DF_080_080BDF0032_00044_RAW.jpg.npy
/Users/anirudh/RoadConditionClassifier/FPGAProject/ml/cracks-and-potholes-in-road-DatasetNinja/ds0/img/1063402_DF_080_080BDF0032_01673_RAW.jpg,/Users/anirudh/RoadConditionClassifier/FPGAProject/ml/preprocessed/grid_labels/1063402_DF_080_080BDF0032_01673_RAW.jpg.npy
/Users/anirudh/RoadConditionClassifier/FPGAProject/ml/cracks-and-potholes-in-road-DatasetNinja/ds0/img/1064688_DF_080_080BDF0032_04157_RAW.jpg,/Users/anirudh/RoadConditionClassifier/FPGAProject/ml/preprocessed/grid_labels/1064688_DF_080_080BDF0032_04157_RAW.jpg.npy
/Users/anirudh/RoadConditionClassifier/FPGAProject/ml/cracks-and-potholes-in-road-DatasetNinja/ds0/img/1066460_DF_010_010BDF0018_00939_RAW.jpg,/Users/anirudh/RoadConditionClassifier/FPGAProject/ml/preprocessed/grid_labels/1066460_DF_010_010BDF0018_00939_RAW.jpg.npy
/Users/anirudh/RoadConditionClassifier/FPGAProject/ml/cracks-and-potholes-in-road-DatasetNinja/ds0/img/1066461_DF_010_010BDF0018_00941_RAW.jpg,/Users/anirudh/RoadConditionClassifier/FPGAProject/ml/preprocessed/grid_labels/1066461_DF_010_010BDF0018_00941_RAW.jpg.npy
/Users/anirudh/RoadConditionClassifier/FPGAProject/ml/cracks-and-potholes-in-road-DatasetNinja/ds0/img/1066570_DF_010_010BDF0018_01156_RAW.jpg,/Users/anirudh/RoadConditionClassifier/FPGAProject/ml/preprocessed/grid_labels/1066570_DF_010_010BDF0018_01156_RAW.jpg.npy
/Users/anirudh/RoadConditionClassifier/FPGAProject/ml/cracks-and-potholes-in-road-DatasetNinja/ds0/img/1066571_DF_010_010BDF0018_01158_RAW.jpg,/Users/anirudh/RoadConditionClassifier/FPGAProject/ml/preprocessed/grid_labels/1066571_DF_010_010BDF0018_01158_RAW.jpg.npy
/Users/anirudh/RoadConditionClassifier/FPGAProject/ml/cracks-and-potholes-in-road-DatasetNinja/ds0/img/1067606_DF_010_010BDF0018_03300_RAW.jpg,/Users/anirudh/RoadConditionClassifier/FPGAProject/ml/preprocessed/grid_labels/1067606_DF_010_010BDF0018_03300_RAW.jpg.npy
/Users/anirudh/RoadConditionClassifier/FPGAProject/ml/cracks-and-potholes-in-road-DatasetNinja/ds0/img/1067607_DF_010_010BDF0018_03301_RAW.jpg,/Users/anirudh/RoadConditionClassifier/FPGAProject/ml/preprocessed/grid_labels/1067607_DF_010_010BDF0018_03301_RAW.jpg.npy
/Users/anirudh/RoadConditionClassifier/FPGAProject/ml/cracks-and-potholes-in-road-DatasetNinja/ds0/img/1067608_DF_010_010BDF0018_03303_RAW.jpg,/Users/anirudh/RoadConditionClassifier/FPGAProject/ml/preprocessed/grid_labels/1067608_DF_010_010BDF0018_03303_RAW.jpg.npy
/Users/anirudh/RoadConditionClassifier/FPGAProject/ml/cracks-and-potholes-in-road-DatasetNinja/ds0/img/1067754_DF_010_010BDF0018_03608_RAW.jpg,/Users/anirudh/RoadConditionClassifier/FPGAProject/ml/preprocessed/grid_labels/1067754_DF_010_010BDF0018_03608_RAW.jpg.npy
/Users/anirudh/RoadConditionClassifier/FPGAProject/ml/cracks-and-potholes-in-road-DatasetNinja/ds0/img/1067835_DF_010_010BDF0018_03802_RAW.jpg,/Users/anirudh/RoadConditionClassifier/FPGAProject/ml/preprocessed/grid_labels/1067835_DF_010_010BDF0018_03802_RAW.jpg.npy
/Users/anirudh/RoadConditionClassifier/FPGAProject/ml/cracks-and-potholes-in-road-DatasetNinja/ds0/img/1067841_DF_010_010BDF0018_03817_RAW.jpg,/Users/anirudh/RoadConditionClassifier/FPGAProject/ml/preprocessed/grid_labels/1067841_DF_010_010BDF0018_03817_RAW.jpg.npy
/Users/anirudh/RoadConditionClassifier/FPGAProject/ml/cracks-and-potholes-in-road-DatasetNinja/ds0/img/1067844_DF_010_010BDF0018_03824_RAW.jpg,/Users/anirudh/RoadConditionClassifier/FPGAProject/ml/preprocessed/grid_labels/1067844_DF_010_010BDF0018_03824_RAW.jpg.npy
/Users/anirudh/RoadConditionClassifier/FPGAProject/ml/cracks-and-potholes-in-road-DatasetNinja/ds0/img/1067847_DF_010_010BDF0018_03831_RAW.jpg,/Users/anirudh/RoadConditionClassifier/FPGAProject/ml/preprocessed/grid_labels/1067847_DF_010_010BDF0018_03831_RAW.jpg.npy
/Users/anirudh/RoadConditionClassifier/FPGAProject/ml/cracks-and-potholes-in-road-DatasetNinja/ds0/img/1067848_DF_010_010BDF0018_03834_RAW.jpg,/Users/anirudh/RoadConditionClassifier/FPGAProject/ml/preprocessed/grid_labels/1067848_DF_010_010BDF0018_03834_RAW.jpg.npy
/Users/anirudh/RoadConditionClassifier/FPGAProject/ml/cracks-and-potholes-in-road-DatasetNinja/ds0/img/1067948_DF_010_010BDF0018_04055_RAW.jpg,/Users/anirudh/RoadConditionClassifier/FPGAProject/ml/preprocessed/grid_labels/1067948_DF_010_010BDF0018_04055_RAW.jpg.npy
/Users/anirudh/RoadConditionClassifier/FPGAProject/ml/cracks-and-potholes-in-road-DatasetNinja/ds0/img/1068044_DF_010_010BDF0018_04237_RAW.jpg,/Users/anirudh/RoadConditionClassifier/FPGAProject/ml/preprocessed/grid_labels/1068044_DF_010_010BDF0018_04237_RAW.jpg.npy
/Users/anirudh/RoadConditionClassifier/FPGAProject/ml/cracks-and-potholes-in-road-DatasetNinja/ds0/img/1068045_DF_010_010BDF0018_04239_RAW.jpg,/Users/anirudh/RoadConditionClassifier/FPGAProject/ml/preprocessed/grid_labels/1068045_DF_010_010BDF0018_04239_RAW.jpg.npy
/Users/anirudh/RoadConditionClassifier/FPGAProject/ml/cracks-and-potholes-in-road-DatasetNinja/ds0/img/1068089_DF_010_010BDF0018_04320_RAW.jpg,/Users/anirudh/RoadConditionClassifier/FPGAProject/ml/preprocessed/grid_labels/1068089_DF_010_010BDF0018_04320_RAW.jpg.npy
/Users/anirudh/RoadConditionClassifier/FPGAProject/ml/cracks-and-potholes-in-road-DatasetNinja/ds0/img/1068090_DF_010_010BDF0018_04321_RAW.jpg,/Users/anirudh/RoadConditionClassifier/FPGAProject/ml/preprocessed/grid_labels/1068090_DF_010_010BDF0018_04321_RAW.jpg.npy
/Users/anirudh/RoadConditionClassifier/FPGAProject/ml/cracks-and-potholes-in-road-DatasetNinja/ds0/img/1068104_DF_010_010BDF0018_04348_RAW.jpg,/Users/anirudh/RoadConditionClassifier/FPGAProject/ml/preprocessed/grid_labels/1068104_DF_010_010BDF0018_04348_RAW.jpg.npy
/Users/anirudh/RoadConditionClassifier/FPGAProject/ml/cracks-and-potholes-in-road-DatasetNinja/ds0/img/1068310_DF_010_010BDF0018_04817_RAW.jpg,/Users/anirudh/RoadConditionClassifier/FPGAProject/ml/preprocessed/grid_labels/1068310_DF_010_010BDF0018_04817_RAW.jpg.npy
/Users/anirudh/RoadConditionClassifier/FPGAProject/ml/cracks-and-potholes-in-road-DatasetNinja/ds0/img/1068350_DF_010_010BDF0018_04909_RAW.jpg,/Users/anirudh/RoadConditionClassifier/FPGAProject/ml/preprocessed/grid_labels/1068350_DF_010_010BDF0018_04909_RAW.jpg.npy
/Users/anirudh/RoadConditionClassifier/FPGAProject/ml/cracks-and-potholes-in-road-DatasetNinja/ds0/img/1068373_DF_010_010BDF0018_04969_RAW.jpg,/Users/anirudh/RoadConditionClassifier/FPGAProject/ml/preprocessed/grid_labels/1068373_DF_010_010BDF0018_04969_RAW.jpg.npy
/Users/anirudh/RoadConditionClassifier/FPGAProject/ml/cracks-and-potholes-in-road-DatasetNinja/ds0/img/1068381_DF_010_010BDF0018_04986_RAW.jpg,/Users/anirudh/RoadConditionClassifier/FPGAProject/ml/preprocessed/grid_labels/1068381_DF_010_010BDF0018_04986_RAW.jpg.npy
/Users/anirudh/RoadConditionClassifier/FPGAProject/ml/cracks-and-potholes-in-road-DatasetNinja/ds0/img/1068382_DF_010_010BDF0018_04988_RAW.jpg,/Users/anirudh/RoadConditionClassifier/FPGAProject/ml/preprocessed/grid_labels/1068382_DF_010_010BDF0018_04988_RAW.jpg.npy
/Users/anirudh/RoadConditionClassifier/FPGAProject/ml/cracks-and-potholes-in-road-DatasetNinja/ds0/img/1068440_DF_010_010BDF0018_05096_RAW.jpg,/Users/anirudh/RoadConditionClassifier/FPGAProject/ml/preprocessed/grid_labels/1068440_DF_010_010BDF0018_05096_RAW.jpg.npy
/Users/anirudh/RoadConditionClassifier/FPGAProject/ml/cracks-and-potholes-in-road-DatasetNinja/ds0/img/1068447_DF_010_010BDF0018_05110_RAW.jpg,/Users/anirudh/RoadConditionClassifier/FPGAProject/ml/preprocessed/grid_labels/1068447_DF_010_010BDF0018_05110_RAW.jpg.npy
/Users/anirudh/RoadConditionClassifier/FPGAProject/ml/cracks-and-potholes-in-road-DatasetNinja/ds0/img/1068448_DF_010_010BDF0018_05112_RAW.jpg,/Users/anirudh/RoadConditionClassifier/FPGAProject/ml/preprocessed/grid_labels/1068448_DF_010_010BDF0018_05112_RAW.jpg.npy
/Users/anirudh/RoadConditionClassifier/FPGAProject/ml/cracks-and-potholes-in-road-DatasetNinja/ds0/img/1068449_DF_010_010BDF0018_05113_RAW.jpg,/Users/anirudh/RoadConditionClassifier/FPGAProject/ml/preprocessed/grid_labels/1068449_DF_010_010BDF0018_05113_RAW.jpg.npy
/Users/anirudh/RoadConditionClassifier/FPGAProject/ml/cracks-and-potholes-in-road-DatasetNinja/ds0/img/1074973_DF_251_251BDF0530_00800_RAW.jpg,/Users/anirudh/RoadConditionClassifier/FPGAProject/ml/preprocessed/grid_labels/1074973_DF_251_251BDF0530_00800_RAW.jpg.npy
/Users/anirudh/RoadConditionClassifier/FPGAProject/ml/cracks-and-potholes-in-road-DatasetNinja/ds0/img/1075250_DF_251_251BDF0530_01330_RAW.jpg,/Users/anirudh/RoadConditionClassifier/FPGAProject/ml/preprocessed/grid_labels/1075250_DF_251_251BDF0530_01330_RAW.jpg.npy
/Users/anirudh/RoadConditionClassifier/FPGAProject/ml/cracks-and-potholes-in-road-DatasetNinja/ds0/img/1075251_DF_251_251BDF0530_01332_RAW.jpg,/Users/anirudh/RoadConditionClassifier/FPGAProject/ml/preprocessed/grid_labels/1075251_DF_251_251BDF0530_01332_RAW.jpg.npy
/Users/anirudh/RoadConditionClassifier/FPGAProject/ml/cracks-and-potholes-in-road-DatasetNinja/ds0/img/1075536_DF_251_251BDF0530_01851_RAW.jpg,/Users/anirudh/RoadConditionClassifier/FPGAProject/ml/preprocessed/grid_labels/1075536_DF_251_251BDF0530_01851_RAW.jpg.npy
/Users/anirudh/RoadConditionClassifier/FPGAProject/ml/cracks-and-potholes-in-road-DatasetNinja/ds0/img/1075537_DF_251_251BDF0530_01853_RAW.jpg,/Users/anirudh/RoadConditionClassifier/FPGAProject/ml/preprocessed/grid_labels/1075537_DF_251_251BDF0530_01853_RAW.jpg.npy
/Users/anirudh/RoadConditionClassifier/FPGAProject/ml/cracks-and-potholes-in-road-DatasetNinja/ds0/img/1075538_DF_251_251BDF0530_01855_RAW.jpg,/Users/anirudh/RoadConditionClassifier/FPGAProject/ml/preprocessed/grid_labels/1075538_DF_251_251BDF0530_01855_RAW.jpg.npy
/Users/anirudh/RoadConditionClassifier/FPGAProject/ml/cracks-and-potholes-in-road-DatasetNinja/ds0/img/1075539_DF_251_251BDF0530_01857_RAW.jpg,/Users/anirudh/RoadConditionClassifier/FPGAProject/ml/preprocessed/grid_labels/1075539_DF_251_251BDF0530_01857_RAW.jpg.npy
/Users/anirudh/RoadConditionClassifier/FPGAProject/ml/cracks-and-potholes-in-road-DatasetNinja/ds0/img/1075545_DF_251_251BDF0530_01868_RAW.jpg,/Users/anirudh/RoadConditionClassifier/FPGAProject/ml/preprocessed/grid_labels/1075545_DF_251_251BDF0530_01868_RAW.jpg.npy
/Users/anirudh/RoadConditionClassifier/FPGAProject/ml/cracks-and-potholes-in-road-DatasetNinja/ds0/img/1075546_DF_251_251BDF0530_01869_RAW.jpg,/Users/anirudh/RoadConditionClassifier/FPGAProject/ml/preprocessed/grid_labels/1075546_DF_251_251BDF0530_01869_RAW.jpg.npy
/Users/anirudh/RoadConditionClassifier/FPGAProject/ml/cracks-and-potholes-in-road-DatasetNinja/ds0/img/1075547_DF_251_251BDF0530_01871_RAW.jpg,/Users/anirudh/RoadConditionClassifier/FPGAProject/ml/preprocessed/grid_labels/1075547_DF_251_251BDF0530_01871_RAW.jpg.npy
/Users/anirudh/RoadConditionClassifier/FPGAProject/ml/cracks-and-potholes-in-road-DatasetNinja/ds0/img/1075571_DF_251_251BDF0530_01915_RAW.jpg,/Users/anirudh/RoadConditionClassifier/FPGAProject/ml/preprocessed/grid_labels/1075571_DF_251_251BDF0530_01915_RAW.jpg.npy
/Users/anirudh/RoadConditionClassifier/FPGAProject/ml/cracks-and-potholes-in-road-DatasetNinja/ds0/img/1075576_DF_251_251BDF0530_01924_RAW.jpg,/Users/anirudh/RoadConditionClassifier/FPGAProject/ml/preprocessed/grid_labels/1075576_DF_251_251BDF0530_01924_RAW.jpg.npy
/Users/anirudh/RoadConditionClassifier/FPGAProject/ml/cracks-and-potholes-in-road-DatasetNinja/ds0/img/1075577_DF_251_251BDF0530_01925_RAW.jpg,/Users/anirudh/RoadConditionClassifier/FPGAProject/ml/preprocessed/grid_labels/1075577_DF_251_251BDF0530_01925_RAW.jpg.npy
/Users/anirudh/RoadConditionClassifier/FPGAProject/ml/cracks-and-potholes-in-road-DatasetNinja/ds0/img/1075584_DF_251_251BDF0530_01938_RAW.jpg,/Users/anirudh/RoadConditionClassifier/FPGAProject/ml/preprocessed/grid_labels/1075584_DF_251_251BDF0530_01938_RAW.jpg.npy
/Users/anirudh/RoadConditionClassifier/FPGAProject/ml/cracks-and-potholes-in-road-DatasetNinja/ds0/img/1075585_DF_251_251BDF0530_01939_RAW.jpg,/Users/anirudh/RoadConditionClassifier/FPGAProject/ml/preprocessed/grid_labels/1075585_DF_251_251BDF0530_01939_RAW.jpg.npy
/Users/anirudh/RoadConditionClassifier/FPGAProject/ml/cracks-and-potholes-in-road-DatasetNinja/ds0/img/1075612_DF_251_251BDF0530_01986_RAW.jpg,/Users/anirudh/RoadConditionClassifier/FPGAProject/ml/preprocessed/grid_labels/1075612_DF_251_251BDF0530_01986_RAW.jpg.npy
/Users/anirudh/RoadConditionClassifier/FPGAProject/ml/cracks-and-potholes-in-road-DatasetNinja/ds0/img/1075613_DF_251_251BDF0530_01988_RAW.jpg,/Users/anirudh/RoadConditionClassifier/FPGAProject/ml/preprocessed/grid_labels/1075613_DF_251_251BDF0530_01988_RAW.jpg.npy
/Users/anirudh/RoadConditionClassifier/FPGAProject/ml/cracks-and-potholes-in-road-DatasetNinja/ds0/img/1075617_DF_251_251BDF0530_01995_RAW.jpg,/Users/anirudh/RoadConditionClassifier/FPGAProject/ml/preprocessed/grid_labels/1075617_DF_251_251BDF0530_01995_RAW.jpg.npy
/Users/anirudh/RoadConditionClassifier/FPGAProject/ml/cracks-and-potholes-in-road-DatasetNinja/ds0/img/1075621_DF_251_251BDF0530_02002_RAW.jpg,/Users/anirudh/RoadConditionClassifier/FPGAProject/ml/preprocessed/grid_labels/1075621_DF_251_251BDF0530_02002_RAW.jpg.npy
/Users/anirudh/RoadConditionClassifier/FPGAProject/ml/cracks-and-potholes-in-road-DatasetNinja/ds0/img/1075626_DF_251_251BDF0530_02011_RAW.jpg,/Users/anirudh/RoadConditionClassifier/FPGAProject/ml/preprocessed/grid_labels/1075626_DF_251_251BDF0530_02011_RAW.jpg.npy
/Users/anirudh/RoadConditionClassifier/FPGAProject/ml/cracks-and-potholes-in-road-DatasetNinja/ds0/img/1075627_DF_251_251BDF0530_02013_RAW.jpg,/Users/anirudh/RoadConditionClassifier/FPGAProject/ml/preprocessed/grid_labels/1075627_DF_251_251BDF0530_02013_RAW.jpg.npy
/Users/anirudh/RoadConditionClassifier/FPGAProject/ml/cracks-and-potholes-in-road-DatasetNinja/ds0/img/1075638_DF_251_251BDF0530_02032_RAW.jpg,/Users/anirudh/RoadConditionClassifier/FPGAProject/ml/preprocessed/grid_labels/1075638_DF_251_251BDF0530_02032_RAW.jpg.npy
/Users/anirudh/RoadConditionClassifier/FPGAProject/ml/cracks-and-potholes-in-road-DatasetNinja/ds0/img/1075888_DF_251_251BDF0530_02487_RAW.jpg,/Users/anirudh/RoadConditionClassifier/FPGAProject/ml/preprocessed/grid_labels/1075888_DF_251_251BDF0530_02487_RAW.jpg.npy
/Users/anirudh/RoadConditionClassifier/FPGAProject/ml/cracks-and-potholes-in-road-DatasetNinja/ds0/img/1075897_DF_251_251BDF0530_02503_RAW.jpg,/Users/anirudh/RoadConditionClassifier/FPGAProject/ml/preprocessed/grid_labels/1075897_DF_251_251BDF0530_02503_RAW.jpg.npy
/Users/anirudh/RoadConditionClassifier/FPGAProject/ml/cracks-and-potholes-in-road-DatasetNinja/ds0/img/1075898_DF_251_251BDF0530_02505_RAW.jpg,/Users/anirudh/RoadConditionClassifier/FPGAProject/ml/preprocessed/grid_labels/1075898_DF_251_251BDF0530_02505_RAW.jpg.npy
/Users/anirudh/RoadConditionClassifier/FPGAProject/ml/cracks-and-potholes-in-road-DatasetNinja/ds0/img/1075938_DF_251_251BDF0530_02579_RAW.jpg,/Users/anirudh/RoadConditionClassifier/FPGAProject/ml/preprocessed/grid_labels/1075938_DF_251_251BDF0530_02579_RAW.jpg.npy
/Users/anirudh/RoadConditionClassifier/FPGAProject/ml/cracks-and-potholes-in-road-DatasetNinja/ds0/img/1075978_DF_251_251BDF0530_02656_RAW.jpg,/Users/anirudh/RoadConditionClassifier/FPGAProject/ml/preprocessed/grid_labels/1075978_DF_251_251BDF0530_02656_RAW.jpg.npy
/Users/anirudh/RoadConditionClassifier/FPGAProject/ml/cracks-and-potholes-in-road-DatasetNinja/ds0/img/1076069_DF_251_251BDF0530_02829_RAW.jpg,/Users/anirudh/RoadConditionClassifier/FPGAProject/ml/preprocessed/grid_labels/1076069_DF_251_251BDF0530_02829_RAW.jpg.npy
/Users/anirudh/RoadConditionClassifier/FPGAProject/ml/cracks-and-potholes-in-road-DatasetNinja/ds0/img/1076070_DF_251_251BDF0530_02832_RAW.jpg,/Users/anirudh/RoadConditionClassifier/FPGAProject/ml/preprocessed/grid_labels/1076070_DF_251_251BDF0530_02832_RAW.jpg.npy
/Users/anirudh/RoadConditionClassifier/FPGAProject/ml/cracks-and-potholes-in-road-DatasetNinja/ds0/img/1076073_DF_251_251BDF0530_02837_RAW.jpg,/Users/anirudh/RoadConditionClassifier/FPGAProject/ml/preprocessed/grid_labels/1076073_DF_251_251BDF0530_02837_RAW.jpg.npy
/Users/anirudh/RoadConditionClassifier/FPGAProject/ml/cracks-and-potholes-in-road-DatasetNinja/ds0/img/1076074_DF_251_251BDF0530_02840_RAW.jpg,/Users/anirudh/RoadConditionClassifier/FPGAProject/ml/preprocessed/grid_labels/1076074_DF_251_251BDF0530_02840_RAW.jpg.npy
/Users/anirudh/RoadConditionClassifier/FPGAProject/ml/cracks-and-potholes-in-road-DatasetNinja/ds0/img/1076329_DF_251_251BDF0530_03316_RAW.jpg,/Users/anirudh/RoadConditionClassifier/FPGAProject/ml/preprocessed/grid_labels/1076329_DF_251_251BDF0530_03316_RAW.jpg.npy
/Users/anirudh/RoadConditionClassifier/FPGAProject/ml/cracks-and-potholes-in-road-DatasetNinja/ds0/img/1076330_DF_251_251BDF0530_03317_RAW.jpg,/Users/anirudh/RoadConditionClassifier/FPGAProject/ml/preprocessed/grid_labels/1076330_DF_251_251BDF0530_03317_RAW.jpg.npy
/Users/anirudh/RoadConditionClassifier/FPGAProject/ml/cracks-and-potholes-in-road-DatasetNinja/ds0/img/1076331_DF_251_251BDF0530_03319_RAW.jpg,/Users/anirudh/RoadConditionClassifier/FPGAProject/ml/preprocessed/grid_labels/1076331_DF_251_251BDF0530_03319_RAW.jpg.npy
/Users/anirudh/RoadConditionClassifier/FPGAProject/ml/cracks-and-potholes-in-road-DatasetNinja/ds0/img/1076333_DF_251_251BDF0530_03323_RAW.jpg,/Users/anirudh/RoadConditionClassifier/FPGAProject/ml/preprocessed/grid_labels/1076333_DF_251_251BDF0530_03323_RAW.jpg.npy
/Users/anirudh/RoadConditionClassifier/FPGAProject/ml/cracks-and-potholes-in-road-DatasetNinja/ds0/img/1076435_DF_251_251BDF0530_03507_RAW.jpg,/Users/anirudh/RoadConditionClassifier/FPGAProject/ml/preprocessed/grid_labels/1076435_DF_251_251BDF0530_03507_RAW.jpg.npy
/Users/anirudh/RoadConditionClassifier/FPGAProject/ml/cracks-and-potholes-in-road-DatasetNinja/ds0/img/1076436_DF_251_251BDF0530_03509_RAW.jpg,/Users/anirudh/RoadConditionClassifier/FPGAProject/ml/preprocessed/grid_labels/1076436_DF_251_251BDF0530_03509_RAW.jpg.npy
/Users/anirudh/RoadConditionClassifier/FPGAProject/ml/cracks-and-potholes-in-road-DatasetNinja/ds0/img/1076437_DF_251_251BDF0530_03511_RAW.jpg,/Users/anirudh/RoadConditionClassifier/FPGAProject/ml/preprocessed/grid_labels/1076437_DF_251_251BDF0530_03511_RAW.jpg.npy
/Users/anirudh/RoadConditionClassifier/FPGAProject/ml/cracks-and-potholes-in-road-DatasetNinja/ds0/img/1076438_DF_251_251BDF0530_03513_RAW.jpg,/Users/anirudh/RoadConditionClassifier/FPGAProject/ml/preprocessed/grid_labels/1076438_DF_251_251BDF0530_03513_RAW.jpg.npy
/Users/anirudh/RoadConditionClassifier/FPGAProject/ml/cracks-and-potholes-in-road-DatasetNinja/ds0/img/1076487_DF_251_251BDF0530_03603_RAW.jpg,/Users/anirudh/RoadConditionClassifier/FPGAProject/ml/preprocessed/grid_labels/1076487_DF_251_251BDF0530_03603_RAW.jpg.npy
/Users/anirudh/RoadConditionClassifier/FPGAProject/ml/cracks-and-potholes-in-road-DatasetNinja/ds0/img/1076488_DF_251_251BDF0530_03605_RAW.jpg,/Users/anirudh/RoadConditionClassifier/FPGAProject/ml/preprocessed/grid_labels/1076488_DF_251_251BDF0530_03605_RAW.jpg.npy
/Users/anirudh/RoadConditionClassifier/FPGAProject/ml/cracks-and-potholes-in-road-DatasetNinja/ds0/img/1076608_DF_251_251BDF0530_03838_RAW.jpg,/Users/anirudh/RoadConditionClassifier/FPGAProject/ml/preprocessed/grid_labels/1076608_DF_251_251BDF0530_03838_RAW.jpg.npy
/Users/anirudh/RoadConditionClassifier/FPGAProject/ml/cracks-and-potholes-in-road-DatasetNinja/ds0/img/1076609_DF_251_251BDF0530_03839_RAW.jpg,/Users/anirudh/RoadConditionClassifier/FPGAProject/ml/preprocessed/grid_labels/1076609_DF_251_251BDF0530_03839_RAW.jpg.npy
/Users/anirudh/RoadConditionClassifier/FPGAProject/ml/cracks-and-potholes-in-road-DatasetNinja/ds0/img/1076632_DF_251_251BDF0530_03880_RAW.jpg,/Users/anirudh/RoadConditionClassifier/FPGAProject/ml/preprocessed/grid_labels/1076632_DF_251_251BDF0530_03880_RAW.jpg.npy
/Users/anirudh/RoadConditionClassifier/FPGAProject/ml/cracks-and-potholes-in-road-DatasetNinja/ds0/img/1076633_DF_251_251BDF0530_03882_RAW.jpg,/Users/anirudh/RoadConditionClassifier/FPGAProject/ml/preprocessed/grid_labels/1076633_DF_251_251BDF0530_03882_RAW.jpg.npy
/Users/anirudh/RoadConditionClassifier/FPGAProject/ml/cracks-and-potholes-in-road-DatasetNinja/ds0/img/1076638_DF_251_251BDF0530_03892_RAW.jpg,/Users/anirudh/RoadConditionClassifier/FPGAProject/ml/preprocessed/grid_labels/1076638_DF_251_251BDF0530_03892_RAW.jpg.npy
/Users/anirudh/RoadConditionClassifier/FPGAProject/ml/cracks-and-potholes-in-road-DatasetNinja/ds0/img/1076639_DF_251_251BDF0530_03893_RAW.jpg,/Users/anirudh/RoadConditionClassifier/FPGAProject/ml/preprocessed/grid_labels/1076639_DF_251_251BDF0530_03893_RAW.jpg.npy
/Users/anirudh/RoadConditionClassifier/FPGAProject/ml/cracks-and-potholes-in-road-DatasetNinja/ds0/img/1076640_DF_251_251BDF0530_03895_RAW.jpg,/Users/anirudh/RoadConditionClassifier/FPGAProject/ml/preprocessed/grid_labels/1076640_DF_251_251BDF0530_03895_RAW.jpg.npy
/Users/anirudh/RoadConditionClassifier/FPGAProject/ml/cracks-and-potholes-in-road-DatasetNinja/ds0/img/1076641_DF_251_251BDF0530_03897_RAW.jpg,/Users/anirudh/RoadConditionClassifier/FPGAProject/ml/preprocessed/grid_labels/1076641_DF_251_251BDF0530_03897_RAW.jpg.npy
/Users/anirudh/RoadConditionClassifier/FPGAProject/ml/cracks-and-potholes-in-road-DatasetNinja/ds0/img/1076683_DF_251_251BDF0530_03975_RAW.jpg,/Users/anirudh/RoadConditionClassifier/FPGAProject/ml/preprocessed/grid_labels/1076683_DF_251_251BDF0530_03975_RAW.jpg.npy
/Users/anirudh/RoadConditionClassifier/FPGAProject/ml/cracks-and-potholes-in-road-DatasetNinja/ds0/img/1076684_DF_251_251BDF0530_03977_RAW.jpg,/Users/anirudh/RoadConditionClassifier/FPGAProject/ml/preprocessed/grid_labels/1076684_DF_251_251BDF0530_03977_RAW.jpg.npy
/Users/anirudh/RoadConditionClassifier/FPGAProject/ml/cracks-and-potholes-in-road-DatasetNinja/ds0/img/1076685_DF_251_251BDF0530_03978_RAW.jpg,/Users/anirudh/RoadConditionClassifier/FPGAProject/ml/preprocessed/grid_labels/1076685_DF_251_251BDF0530_03978_RAW.jpg.npy
/Users/anirudh/RoadConditionClassifier/FPGAProject/ml/cracks-and-potholes-in-road-DatasetNinja/ds0/img/1076695_DF_251_251BDF0530_03997_RAW.jpg,/Users/anirudh/RoadConditionClassifier/FPGAProject/ml/preprocessed/grid_labels/1076695_DF_251_251BDF0530_03997_RAW.jpg.npy
/Users/anirudh/RoadConditionClassifier/FPGAProject/ml/cracks-and-potholes-in-road-DatasetNinja/ds0/img/1076696_DF_251_251BDF0530_03999_RAW.jpg,/Users/anirudh/RoadConditionClassifier/FPGAProject/ml/preprocessed/grid_labels/1076696_DF_251_251BDF0530_03999_RAW.jpg.npy
/Users/anirudh/RoadConditionClassifier/FPGAProject/ml/cracks-and-potholes-in-road-DatasetNinja/ds0/img/1076756_DF_251_251BDF0530_04109_RAW.jpg,/Users/anirudh/RoadConditionClassifier/FPGAProject/ml/preprocessed/grid_labels/1076756_DF_251_251BDF0530_04109_RAW.jpg.npy
/Users/anirudh/RoadConditionClassifier/FPGAProject/ml/cracks-and-potholes-in-road-DatasetNinja/ds0/img/1076757_DF_251_251BDF0530_04111_RAW.jpg,/Users/anirudh/RoadConditionClassifier/FPGAProject/ml/preprocessed/grid_labels/1076757_DF_251_251BDF0530_04111_RAW.jpg.npy
/Users/anirudh/RoadConditionClassifier/FPGAProject/ml/cracks-and-potholes-in-road-DatasetNinja/ds0/img/1076758_DF_251_251BDF0530_04113_RAW.jpg,/Users/anirudh/RoadConditionClassifier/FPGAProject/ml/preprocessed/grid_labels/1076758_DF_251_251BDF0530_04113_RAW.jpg.npy
/Users/anirudh/RoadConditionClassifier/FPGAProject/ml/cracks-and-potholes-in-road-DatasetNinja/ds0/img/1076888_DF_251_251BDF0530_04351_RAW.jpg,/Users/anirudh/RoadConditionClassifier/FPGAProject/ml/preprocessed/grid_labels/1076888_DF_251_251BDF0530_04351_RAW.jpg.npy
/Users/anirudh/RoadConditionClassifier/FPGAProject/ml/cracks-and-potholes-in-road-DatasetNinja/ds0/img/1076999_DF_251_251BDF0530_04555_RAW.jpg,/Users/anirudh/RoadConditionClassifier/FPGAProject/ml/preprocessed/grid_labels/1076999_DF_251_251BDF0530_04555_RAW.jpg.npy
/Users/anirudh/RoadConditionClassifier/FPGAProject/ml/cracks-and-potholes-in-road-DatasetNinja/ds0/img/1077140_DF_251_251BDF0530_04826_RAW.jpg,/Users/anirudh/RoadConditionClassifier/FPGAProject/ml/preprocessed/grid_labels/1077140_DF_251_251BDF0530_04826_RAW.jpg.npy
/Users/anirudh/RoadConditionClassifier/FPGAProject/ml/cracks-and-potholes-in-road-DatasetNinja/ds0/img/1077141_DF_251_251BDF0530_04829_RAW.jpg,/Users/anirudh/RoadConditionClassifier/FPGAProject/ml/preprocessed/grid_labels/1077141_DF_251_251BDF0530_04829_RAW.jpg.npy
/Users/anirudh/RoadConditionClassifier/FPGAProject/ml/cracks-and-potholes-in-road-DatasetNinja/ds0/img/1077169_DF_251_251BDF0530_04882_RAW.jpg,/Users/anirudh/RoadConditionClassifier/FPGAProject/ml/preprocessed/grid_labels/1077169_DF_251_251BDF0530_04882_RAW.jpg.npy
/Users/anirudh/RoadConditionClassifier/FPGAProject/ml/cracks-and-potholes-in-road-DatasetNinja/ds0/img/1077170_DF_251_251BDF0530_04883_RAW.jpg,/Users/anirudh/RoadConditionClassifier/FPGAProject/ml/preprocessed/grid_labels/1077170_DF_251_251BDF0530_04883_RAW.jpg.npy
/Users/anirudh/RoadConditionClassifier/FPGAProject/ml/cracks-and-potholes-in-road-DatasetNinja/ds0/img/1077179_DF_251_251BDF0530_04900_RAW.jpg,/Users/anirudh/RoadConditionClassifier/FPGAProject/ml/preprocessed/grid_labels/1077179_DF_251_251BDF0530_04900_RAW.jpg.npy
/Users/anirudh/RoadConditionClassifier/FPGAProject/ml/cracks-and-potholes-in-road-DatasetNinja/ds0/img/1077199_DF_251_251BDF0530_04936_RAW.jpg,/Users/anirudh/RoadConditionClassifier/FPGAProject/ml/preprocessed/grid_labels/1077199_DF_251_251BDF0530_04936_RAW.jpg.npy
/Users/anirudh/RoadConditionClassifier/FPGAProject/ml/cracks-and-potholes-in-road-DatasetNinja/ds0/img/1077204_DF_251_251BDF0530_04946_RAW.jpg,/Users/anirudh/RoadConditionClassifier/FPGAProject/ml/preprocessed/grid_labels/1077204_DF_251_251BDF0530_04946_RAW.jpg.npy
/Users/anirudh/RoadConditionClassifier/FPGAProject/ml/cracks-and-potholes-in-road-DatasetNinja/ds0/img/1077206_DF_251_251BDF0530_04950_RAW.jpg,/Users/anirudh/RoadConditionClassifier/FPGAProject/ml/preprocessed/grid_labels/1077206_DF_251_251BDF0530_04950_RAW.jpg.npy
/Users/anirudh/RoadConditionClassifier/FPGAProject/ml/cracks-and-potholes-in-road-DatasetNinja/ds0/img/1077207_DF_251_251BDF0530_04952_RAW.jpg,/Users/anirudh/RoadConditionClassifier/FPGAProject/ml/preprocessed/grid_labels/1077207_DF_251_251BDF0530_04952_RAW.jpg.npy
/Users/anirudh/RoadConditionClassifier/FPGAProject/ml/cracks-and-potholes-in-road-DatasetNinja/ds0/img/1077208_DF_251_251BDF0530_04954_RAW.jpg,/Users/anirudh/RoadConditionClassifier/FPGAProject/ml/preprocessed/grid_labels/1077208_DF_251_251BDF0530_04954_RAW.jpg.npy
/Users/anirudh/RoadConditionClassifier/FPGAProject/ml/cracks-and-potholes-in-road-DatasetNinja/ds0/img/1077210_DF_251_251BDF0530_04958_RAW.jpg,/Users/anirudh/RoadConditionClassifier/FPGAProject/ml/preprocessed/grid_labels/1077210_DF_251_251BDF0530_04958_RAW.jpg.npy
/Users/anirudh/RoadConditionClassifier/FPGAProject/ml/cracks-and-potholes-in-road-DatasetNinja/ds0/img/1077212_DF_251_251BDF0530_04962_RAW.jpg,/Users/anirudh/RoadConditionClassifier/FPGAProject/ml/preprocessed/grid_labels/1077212_DF_251_251BDF0530_04962_RAW.jpg.npy
/Users/anirudh/RoadConditionClassifier/FPGAProject/ml/cracks-and-potholes-in-road-DatasetNinja/ds0/img/1077234_DF_251_251BDF0530_05003_RAW.jpg,/Users/anirudh/RoadConditionClassifier/FPGAProject/ml/preprocessed/grid_labels/1077234_DF_251_251BDF0530_05003_RAW.jpg.npy
/Users/anirudh/RoadConditionClassifier/FPGAProject/ml/cracks-and-potholes-in-road-DatasetNinja/ds0/img/1077242_DF_251_251BDF0530_05018_RAW.jpg,/Users/anirudh/RoadConditionClassifier/FPGAProject/ml/preprocessed/grid_labels/1077242_DF_251_251BDF0530_05018_RAW.jpg.npy
/Users/anirudh/RoadConditionClassifier/FPGAProject/ml/cracks-and-potholes-in-road-DatasetNinja/ds0/img/1077243_DF_251_251BDF0530_05020_RAW.jpg,/Users/anirudh/RoadConditionClassifier/FPGAProject/ml/preprocessed/grid_labels/1077243_DF_251_251BDF0530_05020_RAW.jpg.npy
/Users/anirudh/RoadConditionClassifier/FPGAProject/ml/cracks-and-potholes-in-road-DatasetNinja/ds0/img/1077244_DF_251_251BDF0530_05022_RAW.jpg,/Users/anirudh/RoadConditionClassifier/FPGAProject/ml/preprocessed/grid_labels/1077244_DF_251_251BDF0530_05022_RAW.jpg.npy
/Users/anirudh/RoadConditionClassifier/FPGAProject/ml/cracks-and-potholes-in-road-DatasetNinja/ds0/img/1077245_DF_251_251BDF0530_05023_RAW.jpg,/Users/anirudh/RoadConditionClassifier/FPGAProject/ml/preprocessed/grid_labels/1077245_DF_251_251BDF0530_05023_RAW.jpg.npy
/Users/anirudh/RoadConditionClassifier/FPGAProject/ml/cracks-and-potholes-in-road-DatasetNinja/ds0/img/1077246_DF_251_251BDF0530_05025_RAW.jpg,/Users/anirudh/RoadConditionClassifier/FPGAProject/ml/preprocessed/grid_labels/1077246_DF_251_251BDF0530_05025_RAW.jpg.npy
/Users/anirudh/RoadConditionClassifier/FPGAProject/ml/cracks-and-potholes-in-road-DatasetNinja/ds0/img/1077247_DF_251_251BDF0530_05027_RAW.jpg,/Users/anirudh/RoadConditionClassifier/FPGAProject/ml/preprocessed/grid_labels/1077247_DF_251_251BDF0530_05027_RAW.jpg.npy
/Users/anirudh/RoadConditionClassifier/FPGAProject/ml/cracks-and-potholes-in-road-DatasetNinja/ds0/img/1077248_DF_251_251BDF0530_05029_RAW.jpg,/Users/anirudh/RoadConditionClassifier/FPGAProject/ml/preprocessed/grid_labels/1077248_DF_251_251BDF0530_05029_RAW.jpg.npy
/Users/anirudh/RoadConditionClassifier/FPGAProject/ml/cracks-and-potholes-in-road-DatasetNinja/ds0/img/1077249_DF_251_251BDF0530_05031_RAW.jpg,/Users/anirudh/RoadConditionClassifier/FPGAProject/ml/preprocessed/grid_labels/1077249_DF_251_251BDF0530_05031_RAW.jpg.npy
/Users/anirudh/RoadConditionClassifier/FPGAProject/ml/cracks-and-potholes-in-road-DatasetNinja/ds0/img/1077277_DF_251_251BDF0530_05079_RAW.jpg,/Users/anirudh/RoadConditionClassifier/FPGAProject/ml/preprocessed/grid_labels/1077277_DF_251_251BDF0530_05079_RAW.jpg.npy
/Users/anirudh/RoadConditionClassifier/FPGAProject/ml/cracks-and-potholes-in-road-DatasetNinja/ds0/img/1077333_DF_251_251BDF0530_05183_RAW.jpg,/Users/anirudh/RoadConditionClassifier/FPGAProject/ml/preprocessed/grid_labels/1077333_DF_251_251BDF0530_05183_RAW.jpg.npy
/Users/anirudh/RoadConditionClassifier/FPGAProject/ml/cracks-and-potholes-in-road-DatasetNinja/ds0/img/1077334_DF_251_251BDF0530_05186_RAW.jpg,/Users/anirudh/RoadConditionClassifier/FPGAProject/ml/preprocessed/grid_labels/1077334_DF_251_251BDF0530_05186_RAW.jpg.npy
/Users/anirudh/RoadConditionClassifier/FPGAProject/ml/cracks-and-potholes-in-road-DatasetNinja/ds0/img/1077335_DF_251_251BDF0530_05188_RAW.jpg,/Users/anirudh/RoadConditionClassifier/FPGAProject/ml/preprocessed/grid_labels/1077335_DF_251_251BDF0530_05188_RAW.jpg.npy
/Users/anirudh/RoadConditionClassifier/FPGAProject/ml/cracks-and-potholes-in-road-DatasetNinja/ds0/img/1077336_DF_251_251BDF0530_05189_RAW.jpg,/Users/anirudh/RoadConditionClassifier/FPGAProject/ml/preprocessed/grid_labels/1077336_DF_251_251BDF0530_05189_RAW.jpg.npy
/Users/anirudh/RoadConditionClassifier/FPGAProject/ml/cracks-and-potholes-in-road-DatasetNinja/ds0/img/1077337_DF_251_251BDF0530_05192_RAW.jpg,/Users/anirudh/RoadConditionClassifier/FPGAProject/ml/preprocessed/grid_labels/1077337_DF_251_251BDF0530_05192_RAW.jpg.npy
/Users/anirudh/RoadConditionClassifier/FPGAProject/ml/cracks-and-potholes-in-road-DatasetNinja/ds0/img/1077338_DF_251_251BDF0530_05194_RAW.jpg,/Users/anirudh/RoadConditionClassifier/FPGAProject/ml/preprocessed/grid_labels/1077338_DF_251_251BDF0530_05194_RAW.jpg.npy
/Users/anirudh/RoadConditionClassifier/FPGAProject/ml/cracks-and-potholes-in-road-DatasetNinja/ds0/img/1077339_DF_251_251BDF0530_05197_RAW.jpg,/Users/anirudh/RoadConditionClassifier/FPGAProject/ml/preprocessed/grid_labels/1077339_DF_251_251BDF0530_05197_RAW.jpg.npy
/Users/anirudh/RoadConditionClassifier/FPGAProject/ml/cracks-and-potholes-in-road-DatasetNinja/ds0/img/1077340_DF_251_251BDF0530_05199_RAW.jpg,/Users/anirudh/RoadConditionClassifier/FPGAProject/ml/preprocessed/grid_labels/1077340_DF_251_251BDF0530_05199_RAW.jpg.npy
/Users/anirudh/RoadConditionClassifier/FPGAProject/ml/cracks-and-potholes-in-road-DatasetNinja/ds0/img/1077341_DF_251_251BDF0530_05200_RAW.jpg,/Users/anirudh/RoadConditionClassifier/FPGAProject/ml/preprocessed/grid_labels/1077341_DF_251_251BDF0530_05200_RAW.jpg.npy
/Users/anirudh/RoadConditionClassifier/FPGAProject/ml/cracks-and-potholes-in-road-DatasetNinja/ds0/img/1077522_DF_251_251BDF0530_05541_RAW.jpg,/Users/anirudh/RoadConditionClassifier/FPGAProject/ml/preprocessed/grid_labels/1077522_DF_251_251BDF0530_05541_RAW.jpg.npy
/Users/anirudh/RoadConditionClassifier/FPGAProject/ml/cracks-and-potholes-in-road-DatasetNinja/ds0/img/1077523_DF_251_251BDF0530_05543_RAW.jpg,/Users/anirudh/RoadConditionClassifier/FPGAProject/ml/preprocessed/grid_labels/1077523_DF_251_251BDF0530_05543_RAW.jpg.npy
/Users/anirudh/RoadConditionClassifier/FPGAProject/ml/cracks-and-potholes-in-road-DatasetNinja/ds0/img/1078403_DF_010_010BDF0030_1_00189_RAW.jpg,/Users/anirudh/RoadConditionClassifier/FPGAProject/ml/preprocessed/grid_labels/1078403_DF_010_010BDF0030_1_00189_RAW.jpg.npy
/Users/anirudh/RoadConditionClassifier/FPGAProject/ml/cracks-and-potholes-in-road-DatasetNinja/ds0/img/1078404_DF_010_010BDF0030_1_00191_RAW.jpg,/Users/anirudh/RoadConditionClassifier/FPGAProject/ml/preprocessed/grid_labels/1078404_DF_010_010BDF0030_1_00191_RAW.jpg.npy
/Users/anirudh/RoadConditionClassifier/FPGAProject/ml/cracks-and-potholes-in-road-DatasetNinja/ds0/img/1080089_DF_010_010BDF0030_1_03336_RAW.jpg,/Users/anirudh/RoadConditionClassifier/FPGAProject/ml/preprocessed/grid_labels/1080089_DF_010_010BDF0030_1_03336_RAW.jpg.npy
/Users/anirudh/RoadConditionClassifier/FPGAProject/ml/cracks-and-potholes-in-road-DatasetNinja/ds0/img/1081349_DF_080_080BDF0070_00023_RAW.jpg,/Users/anirudh/RoadConditionClassifier/FPGAProject/ml/preprocessed/grid_labels/1081349_DF_080_080BDF0070_00023_RAW.jpg.npy
/Users/anirudh/RoadConditionClassifier/FPGAProject/ml/cracks-and-potholes-in-road-DatasetNinja/ds0/img/1081350_DF_080_080BDF0070_00026_RAW.jpg,/Users/anirudh/RoadConditionClassifier/FPGAProject/ml/preprocessed/grid_labels/1081350_DF_080_080BDF0070_00026_RAW.jpg.npy
/Users/anirudh/RoadConditionClassifier/FPGAProject/ml/cracks-and-potholes-in-road-DatasetNinja/ds0/img/1081458_DF_080_080BDF0070_00239_RAW.jpg,/Users/anirudh/RoadConditionClassifier/FPGAProject/ml/preprocessed/grid_labels/1081458_DF_080_080BDF0070_00239_RAW.jpg.npy
/Users/anirudh/RoadConditionClassifier/FPGAProject/ml/cracks-and-potholes-in-road-DatasetNinja/ds0/img/1081459_DF_080_080BDF0070_00240_RAW.jpg,/Users/anirudh/RoadConditionClassifier/FPGAProject/ml/preprocessed/grid_labels/1081459_DF_080_080BDF0070_00240_RAW.jpg.npy
/Users/anirudh/RoadConditionClassifier/FPGAProject/ml/cracks-and-potholes-in-road-DatasetNinja/ds0/img/1081471_DF_080_080BDF0070_00262_RAW.jpg,/Users/anirudh/RoadConditionClassifier/FPGAProject/ml/preprocessed/grid_labels/1081471_DF_080_080BDF0070_00262_RAW.jpg.npy
/Users/anirudh/RoadConditionClassifier/FPGAProject/ml/cracks-and-potholes-in-road-DatasetNinja/ds0/img/1081472_DF_080_080BDF0070_00264_RAW.jpg,/Users/anirudh/RoadConditionClassifier/FPGAProject/ml/preprocessed/grid_labels/1081472_DF_080_080BDF0070_00264_RAW.jpg.npy
/Users/anirudh/RoadConditionClassifier/FPGAProject/ml/cracks-and-potholes-in-road-DatasetNinja/ds0/img/1081477_DF_080_080BDF0070_00272_RAW.jpg,/Users/anirudh/RoadConditionClassifier/FPGAProject/ml/preprocessed/grid_labels/1081477_DF_080_080BDF0070_00272_RAW.jpg.npy
/Users/anirudh/RoadConditionClassifier/FPGAProject/ml/cracks-and-potholes-in-road-DatasetNinja/ds0/img/1081487_DF_080_080BDF0070_00291_RAW.jpg,/Users/anirudh/RoadConditionClassifier/FPGAProject/ml/preprocessed/grid_labels/1081487_DF_080_080BDF0070_00291_RAW.jpg.npy
/Users/anirudh/RoadConditionClassifier/FPGAProject/ml/cracks-and-potholes-in-road-DatasetNinja/ds0/img/1081492_DF_080_080BDF0070_00299_RAW.jpg,/Users/anirudh/RoadConditionClassifier/FPGAProject/ml/preprocessed/grid_labels/1081492_DF_080_080BDF0070_00299_RAW.jpg.npy
/Users/anirudh/RoadConditionClassifier/FPGAProject/ml/cracks-and-potholes-in-road-DatasetNinja/ds0/img/1081494_DF_080_080BDF0070_00303_RAW.jpg,/Users/anirudh/RoadConditionClassifier/FPGAProject/ml/preprocessed/grid_labels/1081494_DF_080_080BDF0070_00303_RAW.jpg.npy
/Users/anirudh/RoadConditionClassifier/FPGAProject/ml/cracks-and-potholes-in-road-DatasetNinja/ds0/img/1081495_DF_080_080BDF0070_00305_RAW.jpg,/Users/anirudh/RoadConditionClassifier/FPGAProject/ml/preprocessed/grid_labels/1081495_DF_080_080BDF0070_00305_RAW.jpg.npy
/Users/anirudh/RoadConditionClassifier/FPGAProject/ml/cracks-and-potholes-in-road-DatasetNinja/ds0/img/1081496_DF_080_080BDF0070_00307_RAW.jpg,/Users/anirudh/RoadConditionClassifier/FPGAProject/ml/preprocessed/grid_labels/1081496_DF_080_080BDF0070_00307_RAW.jpg.npy
/Users/anirudh/RoadConditionClassifier/FPGAProject/ml/cracks-and-potholes-in-road-DatasetNinja/ds0/img/1081499_DF_080_080BDF0070_00313_RAW.jpg,/Users/anirudh/RoadConditionClassifier/FPGAProject/ml/preprocessed/grid_labels/1081499_DF_080_080BDF0070_00313_RAW.jpg.npy
/Users/anirudh/RoadConditionClassifier/FPGAProject/ml/cracks-and-potholes-in-road-DatasetNinja/ds0/img/1081502_DF_080_080BDF0070_00319_RAW.jpg,/Users/anirudh/RoadConditionClassifier/FPGAProject/ml/preprocessed/grid_labels/1081502_DF_080_080BDF0070_00319_RAW.jpg.npy
/Users/anirudh/RoadConditionClassifier/FPGAProject/ml/cracks-and-potholes-in-road-DatasetNinja/ds0/img/1081503_DF_080_080BDF0070_00321_RAW.jpg,/Users/anirudh/RoadConditionClassifier/FPGAProject/ml/preprocessed/grid_labels/1081503_DF_080_080BDF0070_00321_RAW.jpg.npy
/Users/anirudh/RoadConditionClassifier/FPGAProject/ml/cracks-and-potholes-in-road-DatasetNinja/ds0/img/1081506_DF_080_080BDF0070_00327_RAW.jpg,/Users/anirudh/RoadConditionClassifier/FPGAProject/ml/preprocessed/grid_labels/1081506_DF_080_080BDF0070_00327_RAW.jpg.npy
/Users/anirudh/RoadConditionClassifier/FPGAProject/ml/cracks-and-potholes-in-road-DatasetNinja/ds0/img/1081507_DF_080_080BDF0070_00328_RAW.jpg,/Users/anirudh/RoadConditionClassifier/FPGAProject/ml/preprocessed/grid_labels/1081507_DF_080_080BDF0070_00328_RAW.jpg.npy
/Users/anirudh/RoadConditionClassifier/FPGAProject/ml/cracks-and-potholes-in-road-DatasetNinja/ds0/img/1081508_DF_080_080BDF0070_00331_RAW.jpg,/Users/anirudh/RoadConditionClassifier/FPGAProject/ml/preprocessed/grid_labels/1081508_DF_080_080BDF0070_00331_RAW.jpg.npy
/Users/anirudh/RoadConditionClassifier/FPGAProject/ml/cracks-and-potholes-in-road-DatasetNinja/ds0/img/1081509_DF_080_080BDF0070_00332_RAW.jpg,/Users/anirudh/RoadConditionClassifier/FPGAProject/ml/preprocessed/grid_labels/1081509_DF_080_080BDF0070_00332_RAW.jpg.npy
/Users/anirudh/RoadConditionClassifier/FPGAProject/ml/cracks-and-potholes-in-road-DatasetNinja/ds0/img/1081511_DF_080_080BDF0070_00336_RAW.jpg,/Users/anirudh/RoadConditionClassifier/FPGAProject/ml/preprocessed/grid_labels/1081511_DF_080_080BDF0070_00336_RAW.jpg.npy
/Users/anirudh/RoadConditionClassifier/FPGAProject/ml/cracks-and-potholes-in-road-DatasetNinja/ds0/img/1081512_DF_080_080BDF0070_00338_RAW.jpg,/Users/anirudh/RoadConditionClassifier/FPGAProject/ml/preprocessed/grid_labels/1081512_DF_080_080BDF0070_00338_RAW.jpg.npy
/Users/anirudh/RoadConditionClassifier/FPGAProject/ml/cracks-and-potholes-in-road-DatasetNinja/ds0/img/1081513_DF_080_080BDF0070_00340_RAW.jpg,/Users/anirudh/RoadConditionClassifier/FPGAProject/ml/preprocessed/grid_labels/1081513_DF_080_080BDF0070_00340_RAW.jpg.npy
/Users/anirudh/RoadConditionClassifier/FPGAProject/ml/cracks-and-potholes-in-road-DatasetNinja/ds0/img/1081514_DF_080_080BDF0070_00342_RAW.jpg,/Users/anirudh/RoadConditionClassifier/FPGAProject/ml/preprocessed/grid_labels/1081514_DF_080_080BDF0070_00342_RAW.jpg.npy
/Users/anirudh/RoadConditionClassifier/FPGAProject/ml/cracks-and-potholes-in-road-DatasetNinja/ds0/img/1081515_DF_080_080BDF0070_00344_RAW.jpg,/Users/anirudh/RoadConditionClassifier/FPGAProject/ml/preprocessed/grid_labels/1081515_DF_080_080BDF0070_00344_RAW.jpg.npy
/Users/anirudh/RoadConditionClassifier/FPGAProject/ml/cracks-and-potholes-in-road-DatasetNinja/ds0/img/1081516_DF_080_080BDF0070_00346_RAW.jpg,/Users/anirudh/RoadConditionClassifier/FPGAProject/ml/preprocessed/grid_labels/1081516_DF_080_080BDF0070_00346_RAW.jpg.npy
/Users/anirudh/RoadConditionClassifier/FPGAProject/ml/cracks-and-potholes-in-road-DatasetNinja/ds0/img/1081519_DF_080_080BDF0070_00351_RAW.jpg,/Users/anirudh/RoadConditionClassifier/FPGAProject/ml/preprocessed/grid_labels/1081519_DF_080_080BDF0070_00351_RAW.jpg.npy
/Users/anirudh/RoadConditionClassifier/FPGAProject/ml/cracks-and-potholes-in-road-DatasetNinja/ds0/img/1081522_DF_080_080BDF0070_00358_RAW.jpg,/Users/anirudh/RoadConditionClassifier/FPGAProject/ml/preprocessed/grid_labels/1081522_DF_080_080BDF0070_00358_RAW.jpg.npy
/Users/anirudh/RoadConditionClassifier/FPGAProject/ml/cracks-and-potholes-in-road-DatasetNinja/ds0/img/1081523_DF_080_080BDF0070_00360_RAW.jpg,/Users/anirudh/RoadConditionClassifier/FPGAProject/ml/preprocessed/grid_labels/1081523_DF_080_080BDF0070_00360_RAW.jpg.npy
/Users/anirudh/RoadConditionClassifier/FPGAProject/ml/cracks-and-potholes-in-road-DatasetNinja/ds0/img/1081524_DF_080_080BDF0070_00362_RAW.jpg,/Users/anirudh/RoadConditionClassifier/FPGAProject/ml/preprocessed/grid_labels/1081524_DF_080_080BDF0070_00362_RAW.jpg.npy
/Users/anirudh/RoadConditionClassifier/FPGAProject/ml/cracks-and-potholes-in-road-DatasetNinja/ds0/img/1081525_DF_080_080BDF0070_00364_RAW.jpg,/Users/anirudh/RoadConditionClassifier/FPGAProject/ml/preprocessed/grid_labels/1081525_DF_080_080BDF0070_00364_RAW.jpg.npy
/Users/anirudh/RoadConditionClassifier/FPGAProject/ml/cracks-and-potholes-in-road-DatasetNinja/ds0/img/1081538_DF_080_080BDF0070_00388_RAW.jpg,/Users/anirudh/RoadConditionClassifier/FPGAProject/ml/preprocessed/grid_labels/1081538_DF_080_080BDF0070_00388_RAW.jpg.npy
/Users/anirudh/RoadConditionClassifier/FPGAProject/ml/cracks-and-potholes-in-road-DatasetNinja/ds0/img/1081539_DF_080_080BDF0070_00390_RAW.jpg,/Users/anirudh/RoadConditionClassifier/FPGAProject/ml/preprocessed/grid_labels/1081539_DF_080_080BDF0070_00390_RAW.jpg.npy
/Users/anirudh/RoadConditionClassifier/FPGAProject/ml/cracks-and-potholes-in-road-DatasetNinja/ds0/img/1081540_DF_080_080BDF0070_00392_RAW.jpg,/Users/anirudh/RoadConditionClassifier/FPGAProject/ml/preprocessed/grid_labels/1081540_DF_080_080BDF0070_00392_RAW.jpg.npy
/Users/anirudh/RoadConditionClassifier/FPGAProject/ml/cracks-and-potholes-in-road-DatasetNinja/ds0/img/1081541_DF_080_080BDF0070_00394_RAW.jpg,/Users/anirudh/RoadConditionClassifier/FPGAProject/ml/preprocessed/grid_labels/1081541_DF_080_080BDF0070_00394_RAW.jpg.npy
/Users/anirudh/RoadConditionClassifier/FPGAProject/ml/cracks-and-potholes-in-road-DatasetNinja/ds0/img/1081558_DF_080_080BDF0070_00423_RAW.jpg,/Users/anirudh/RoadConditionClassifier/FPGAProject/ml/preprocessed/grid_labels/1081558_DF_080_080BDF0070_00423_RAW.jpg.npy
/Users/anirudh/RoadConditionClassifier/FPGAProject/ml/cracks-and-potholes-in-road-DatasetNinja/ds0/img/1081559_DF_080_080BDF0070_00425_RAW.jpg,/Users/anirudh/RoadConditionClassifier/FPGAProject/ml/preprocessed/grid_labels/1081559_DF_080_080BDF0070_00425_RAW.jpg.npy
/Users/anirudh/RoadConditionClassifier/FPGAProject/ml/cracks-and-potholes-in-road-DatasetNinja/ds0/img/1081565_DF_080_080BDF0070_00435_RAW.jpg,/Users/anirudh/RoadConditionClassifier/FPGAProject/ml/preprocessed/grid_labels/1081565_DF_080_080BDF0070_00435_RAW.jpg.npy
/Users/anirudh/RoadConditionClassifier/FPGAProject/ml/cracks-and-potholes-in-road-DatasetNinja/ds0/img/1081566_DF_080_080BDF0070_00437_RAW.jpg,/Users/anirudh/RoadConditionClassifier/FPGAProject/ml/preprocessed/grid_labels/1081566_DF_080_080BDF0070_00437_RAW.jpg.npy
/Users/anirudh/RoadConditionClassifier/FPGAProject/ml/cracks-and-potholes-in-road-DatasetNinja/ds0/img/1081568_DF_080_080BDF0070_00441_RAW.jpg,/Users/anirudh/RoadConditionClassifier/FPGAProject/ml/preprocessed/grid_labels/1081568_DF_080_080BDF0070_00441_RAW.jpg.npy
/Users/anirudh/RoadConditionClassifier/FPGAProject/ml/cracks-and-potholes-in-road-DatasetNinja/ds0/img/1081576_DF_080_080BDF0070_00455_RAW.jpg,/Users/anirudh/RoadConditionClassifier/FPGAProject/ml/preprocessed/grid_labels/1081576_DF_080_080BDF0070_00455_RAW.jpg.npy
/Users/anirudh/RoadConditionClassifier/FPGAProject/ml/cracks-and-potholes-in-road-DatasetNinja/ds0/img/1081577_DF_080_080BDF0070_00457_RAW.jpg,/Users/anirudh/RoadConditionClassifier/FPGAProject/ml/preprocessed/grid_labels/1081577_DF_080_080BDF0070_00457_RAW.jpg.npy
/Users/anirudh/RoadConditionClassifier/FPGAProject/ml/cracks-and-potholes-in-road-DatasetNinja/ds0/img/1081579_DF_080_080BDF0070_00460_RAW.jpg,/Users/anirudh/RoadConditionClassifier/FPGAProject/ml/preprocessed/grid_labels/1081579_DF_080_080BDF0070_00460_RAW.jpg.npy
/Users/anirudh/RoadConditionClassifier/FPGAProject/ml/cracks-and-potholes-in-road-DatasetNinja/ds0/img/1081589_DF_080_080BDF0070_00478_RAW.jpg,/Users/anirudh/RoadConditionClassifier/FPGAProject/ml/preprocessed/grid_labels/1081589_DF_080_080BDF0070_00478_RAW.jpg.npy
/Users/anirudh/RoadConditionClassifier/FPGAProject/ml/cracks-and-potholes-in-road-DatasetNinja/ds0/img/1081591_DF_080_080BDF0070_00482_RAW.jpg,/Users/anirudh/RoadConditionClassifier/FPGAProject/ml/preprocessed/grid_labels/1081591_DF_080_080BDF0070_00482_RAW.jpg.npy
/Users/anirudh/RoadConditionClassifier/FPGAProject/ml/cracks-and-potholes-in-road-DatasetNinja/ds0/img/1081595_DF_080_080BDF0070_00490_RAW.jpg,/Users/anirudh/RoadConditionClassifier/FPGAProject/ml/preprocessed/grid_labels/1081595_DF_080_080BDF0070_00490_RAW.jpg.npy
/Users/anirudh/RoadConditionClassifier/FPGAProject/ml/cracks-and-potholes-in-road-DatasetNinja/ds0/img/1081596_DF_080_080BDF0070_00491_RAW.jpg,/Users/anirudh/RoadConditionClassifier/FPGAProject/ml/preprocessed/grid_labels/1081596_DF_080_080BDF0070_00491_RAW.jpg.npy
/Users/anirudh/RoadConditionClassifier/FPGAProject/ml/cracks-and-potholes-in-road-DatasetNinja/ds0/img/1081597_DF_080_080BDF0070_00493_RAW.jpg,/Users/anirudh/RoadConditionClassifier/FPGAProject/ml/preprocessed/grid_labels/1081597_DF_080_080BDF0070_00493_RAW.jpg.npy
/Users/anirudh/RoadConditionClassifier/FPGAProject/ml/cracks-and-potholes-in-road-DatasetNinja/ds0/img/1081598_DF_080_080BDF0070_00496_RAW.jpg,/Users/anirudh/RoadConditionClassifier/FPGAProject/ml/preprocessed/grid_labels/1081598_DF_080_080BDF0070_00496_RAW.jpg.npy
/Users/anirudh/RoadConditionClassifier/FPGAProject/ml/cracks-and-potholes-in-road-DatasetNinja/ds0/img/1081599_DF_080_080BDF0070_00498_RAW.jpg,/Users/anirudh/RoadConditionClassifier/FPGAProject/ml/preprocessed/grid_labels/1081599_DF_080_080BDF0070_00498_RAW.jpg.npy
/Users/anirudh/RoadConditionClassifier/FPGAProject/ml/cracks-and-potholes-in-road-DatasetNinja/ds0/img/1081605_DF_080_080BDF0070_00508_RAW.jpg,/Users/anirudh/RoadConditionClassifier/FPGAProject/ml/preprocessed/grid_labels/1081605_DF_080_080BDF0070_00508_RAW.jpg.npy
/Users/anirudh/RoadConditionClassifier/FPGAProject/ml/cracks-and-potholes-in-road-DatasetNinja/ds0/img/1081606_DF_080_080BDF0070_00510_RAW.jpg,/Users/anirudh/RoadConditionClassifier/FPGAProject/ml/preprocessed/grid_labels/1081606_DF_080_080BDF0070_00510_RAW.jpg.npy
/Users/anirudh/RoadConditionClassifier/FPGAProject/ml/cracks-and-potholes-in-road-DatasetNinja/ds0/img/1081659_DF_080_080BDF0070_00606_RAW.jpg,/Users/anirudh/RoadConditionClassifier/FPGAProject/ml/preprocessed/grid_labels/1081659_DF_080_080BDF0070_00606_RAW.jpg.npy
/Users/anirudh/RoadConditionClassifier/FPGAProject/ml/cracks-and-potholes-in-road-DatasetNinja/ds0/img/1081660_DF_080_080BDF0070_00608_RAW.jpg,/Users/anirudh/RoadConditionClassifier/FPGAProject/ml/preprocessed/grid_labels/1081660_DF_080_080BDF0070_00608_RAW.jpg.npy
/Users/anirudh/RoadConditionClassifier/FPGAProject/ml/cracks-and-potholes-in-road-DatasetNinja/ds0/img/1081661_DF_080_080BDF0070_00610_RAW.jpg,/Users/anirudh/RoadConditionClassifier/FPGAProject/ml/preprocessed/grid_labels/1081661_DF_080_080BDF0070_00610_RAW.jpg.npy
/Users/anirudh/RoadConditionClassifier/FPGAProject/ml/cracks-and-potholes-in-road-DatasetNinja/ds0/img/1081670_DF_080_080BDF0070_00627_RAW.jpg,/Users/anirudh/RoadConditionClassifier/FPGAProject/ml/preprocessed/grid_labels/1081670_DF_080_080BDF0070_00627_RAW.jpg.npy
/Users/anirudh/RoadConditionClassifier/FPGAProject/ml/cracks-and-potholes-in-road-DatasetNinja/ds0/img/1081672_DF_080_080BDF0070_00630_RAW.jpg,/Users/anirudh/RoadConditionClassifier/FPGAProject/ml/preprocessed/grid_labels/1081672_DF_080_080BDF0070_00630_RAW.jpg.npy
/Users/anirudh/RoadConditionClassifier/FPGAProject/ml/cracks-and-potholes-in-road-DatasetNinja/ds0/img/1081676_DF_080_080BDF0070_00638_RAW.jpg,/Users/anirudh/RoadConditionClassifier/FPGAProject/ml/preprocessed/grid_labels/1081676_DF_080_080BDF0070_00638_RAW.jpg.npy
/Users/anirudh/RoadConditionClassifier/FPGAProject/ml/cracks-and-potholes-in-road-DatasetNinja/ds0/img/1081677_DF_080_080BDF0070_00640_RAW.jpg,/Users/anirudh/RoadConditionClassifier/FPGAProject/ml/preprocessed/grid_labels/1081677_DF_080_080BDF0070_00640_RAW.jpg.npy
/Users/anirudh/RoadConditionClassifier/FPGAProject/ml/cracks-and-potholes-in-road-DatasetNinja/ds0/img/1081678_DF_080_080BDF0070_00641_RAW.jpg,/Users/anirudh/RoadConditionClassifier/FPGAProject/ml/preprocessed/grid_labels/1081678_DF_080_080BDF0070_00641_RAW.jpg.npy
/Users/anirudh/RoadConditionClassifier/FPGAProject/ml/cracks-and-potholes-in-road-DatasetNinja/ds0/img/1081703_DF_080_080BDF0070_00686_RAW.jpg,/Users/anirudh/RoadConditionClassifier/FPGAProject/ml/preprocessed/grid_labels/1081703_DF_080_080BDF0070_00686_RAW.jpg.npy
/Users/anirudh/RoadConditionClassifier/FPGAProject/ml/cracks-and-potholes-in-road-DatasetNinja/ds0/img/1081728_DF_080_080BDF0070_00731_RAW.jpg,/Users/anirudh/RoadConditionClassifier/FPGAProject/ml/preprocessed/grid_labels/1081728_DF_080_080BDF0070_00731_RAW.jpg.npy
/Users/anirudh/RoadConditionClassifier/FPGAProject/ml/cracks-and-potholes-in-road-DatasetNinja/ds0/img/1081729_DF_080_080BDF0070_00733_RAW.jpg,/Users/anirudh/RoadConditionClassifier/FPGAProject/ml/preprocessed/grid_labels/1081729_DF_080_080BDF0070_00733_RAW.jpg.npy
/Users/anirudh/RoadConditionClassifier/FPGAProject/ml/cracks-and-potholes-in-road-DatasetNinja/ds0/img/1081738_DF_080_080BDF0070_00749_RAW.jpg,/Users/anirudh/RoadConditionClassifier/FPGAProject/ml/preprocessed/grid_labels/1081738_DF_080_080BDF0070_00749_RAW.jpg.npy
/Users/anirudh/RoadConditionClassifier/FPGAProject/ml/cracks-and-potholes-in-road-DatasetNinja/ds0/img/1081739_DF_080_080BDF0070_00751_RAW.jpg,/Users/anirudh/RoadConditionClassifier/FPGAProject/ml/preprocessed/grid_labels/1081739_DF_080_080BDF0070_00751_RAW.jpg.npy
/Users/anirudh/RoadConditionClassifier/FPGAProject/ml/cracks-and-potholes-in-road-DatasetNinja/ds0/img/1081740_DF_080_080BDF0070_00753_RAW.jpg,/Users/anirudh/RoadConditionClassifier/FPGAProject/ml/preprocessed/grid_labels/1081740_DF_080_080BDF0070_00753_RAW.jpg.npy
/Users/anirudh/RoadConditionClassifier/FPGAProject/ml/cracks-and-potholes-in-road-DatasetNinja/ds0/img/1081757_DF_080_080BDF0070_00783_RAW.jpg,/Users/anirudh/RoadConditionClassifier/FPGAProject/ml/preprocessed/grid_labels/1081757_DF_080_080BDF0070_00783_RAW.jpg.npy
/Users/anirudh/RoadConditionClassifier/FPGAProject/ml/cracks-and-potholes-in-road-DatasetNinja/ds0/img/1081769_DF_080_080BDF0070_00808_RAW.jpg,/Users/anirudh/RoadConditionClassifier/FPGAProject/ml/preprocessed/grid_labels/1081769_DF_080_080BDF0070_00808_RAW.jpg.npy
/Users/anirudh/RoadConditionClassifier/FPGAProject/ml/cracks-and-potholes-in-road-DatasetNinja/ds0/img/1081770_DF_080_080BDF0070_00810_RAW.jpg,/Users/anirudh/RoadConditionClassifier/FPGAProject/ml/preprocessed/grid_labels/1081770_DF_080_080BDF0070_00810_RAW.jpg.npy
/Users/anirudh/RoadConditionClassifier/FPGAProject/ml/cracks-and-potholes-in-road-DatasetNinja/ds0/img/1081771_DF_080_080BDF0070_00811_RAW.jpg,/Users/anirudh/RoadConditionClassifier/FPGAProject/ml/preprocessed/grid_labels/1081771_DF_080_080BDF0070_00811_RAW.jpg.npy
/Users/anirudh/RoadConditionClassifier/FPGAProject/ml/cracks-and-potholes-in-road-DatasetNinja/ds0/img/1081792_DF_080_080BDF0070_00850_RAW.jpg,/Users/anirudh/RoadConditionClassifier/FPGAProject/ml/preprocessed/grid_labels/1081792_DF_080_080BDF0070_00850_RAW.jpg.npy
/Users/anirudh/RoadConditionClassifier/FPGAProject/ml/cracks-and-potholes-in-road-DatasetNinja/ds0/img/1081794_DF_080_080BDF0070_00855_RAW.jpg,/Users/anirudh/RoadConditionClassifier/FPGAProject/ml/preprocessed/grid_labels/1081794_DF_080_080BDF0070_00855_RAW.jpg.npy
/Users/anirudh/RoadConditionClassifier/FPGAProject/ml/cracks-and-potholes-in-road-DatasetNinja/ds0/img/1081800_DF_080_080BDF0070_00867_RAW.jpg,/Users/anirudh/RoadConditionClassifier/FPGAProject/ml/preprocessed/grid_labels/1081800_DF_080_080BDF0070_00867_RAW.jpg.npy
/Users/anirudh/RoadConditionClassifier/FPGAProject/ml/cracks-and-potholes-in-road-DatasetNinja/ds0/img/1081803_DF_080_080BDF0070_00873_RAW.jpg,/Users/anirudh/RoadConditionClassifier/FPGAProject/ml/preprocessed/grid_labels/1081803_DF_080_080BDF0070_00873_RAW.jpg.npy
/Users/anirudh/RoadConditionClassifier/FPGAProject/ml/cracks-and-potholes-in-road-DatasetNinja/ds0/img/1081804_DF_080_080BDF0070_00875_RAW.jpg,/Users/anirudh/RoadConditionClassifier/FPGAProject/ml/preprocessed/grid_labels/1081804_DF_080_080BDF0070_00875_RAW.jpg.npy
/Users/anirudh/RoadConditionClassifier/FPGAProject/ml/cracks-and-potholes-in-road-DatasetNinja/ds0/img/1081805_DF_080_080BDF0070_00877_RAW.jpg,/Users/anirudh/RoadConditionClassifier/FPGAProject/ml/preprocessed/grid_labels/1081805_DF_080_080BDF0070_00877_RAW.jpg.npy
/Users/anirudh/RoadConditionClassifier/FPGAProject/ml/cracks-and-potholes-in-road-DatasetNinja/ds0/img/1081806_DF_080_080BDF0070_00878_RAW.jpg,/Users/anirudh/RoadConditionClassifier/FPGAProject/ml/preprocessed/grid_labels/1081806_DF_080_080BDF0070_00878_RAW.jpg.npy
/Users/anirudh/RoadConditionClassifier/FPGAProject/ml/cracks-and-potholes-in-road-DatasetNinja/ds0/img/1081807_DF_080_080BDF0070_00880_RAW.jpg,/Users/anirudh/RoadConditionClassifier/FPGAProject/ml/preprocessed/grid_labels/1081807_DF_080_080BDF0070_00880_RAW.jpg.npy
/Users/anirudh/RoadConditionClassifier/FPGAProject/ml/cracks-and-potholes-in-road-DatasetNinja/ds0/img/1081808_DF_080_080BDF0070_00882_RAW.jpg,/Users/anirudh/RoadConditionClassifier/FPGAProject/ml/preprocessed/grid_labels/1081808_DF_080_080BDF0070_00882_RAW.jpg.npy
/Users/anirudh/RoadConditionClassifier/FPGAProject/ml/cracks-and-potholes-in-road-DatasetNinja/ds0/img/1081809_DF_080_080BDF0070_00884_RAW.jpg,/Users/anirudh/RoadConditionClassifier/FPGAProject/ml/preprocessed/grid_labels/1081809_DF_080_080BDF0070_00884_RAW.jpg.npy
/Users/anirudh/RoadConditionClassifier/FPGAProject/ml/cracks-and-potholes-in-road-DatasetNinja/ds0/img/1081812_DF_080_080BDF0070_00890_RAW.jpg,/Users/anirudh/RoadConditionClassifier/FPGAProject/ml/preprocessed/grid_labels/1081812_DF_080_080BDF0070_00890_RAW.jpg.npy
/Users/anirudh/RoadConditionClassifier/FPGAProject/ml/cracks-and-potholes-in-road-DatasetNinja/ds0/img/1081813_DF_080_080BDF0070_00891_RAW.jpg,/Users/anirudh/RoadConditionClassifier/FPGAProject/ml/preprocessed/grid_labels/1081813_DF_080_080BDF0070_00891_RAW.jpg.npy
/Users/anirudh/RoadConditionClassifier/FPGAProject/ml/cracks-and-potholes-in-road-DatasetNinja/ds0/img/1081817_DF_080_080BDF0070_00898_RAW.jpg,/Users/anirudh/RoadConditionClassifier/FPGAProject/ml/preprocessed/grid_labels/1081817_DF_080_080BDF0070_00898_RAW.jpg.npy
/Users/anirudh/RoadConditionClassifier/FPGAProject/ml/cracks-and-potholes-in-road-DatasetNinja/ds0/img/1081818_DF_080_080BDF0070_00900_RAW.jpg,/Users/anirudh/RoadConditionClassifier/FPGAProject/ml/preprocessed/grid_labels/1081818_DF_080_080BDF0070_00900_RAW.jpg.npy
/Users/anirudh/RoadConditionClassifier/FPGAProject/ml/cracks-and-potholes-in-road-DatasetNinja/ds0/img/1081828_DF_080_080BDF0070_00918_RAW.jpg,/Users/anirudh/RoadConditionClassifier/FPGAProject/ml/preprocessed/grid_labels/1081828_DF_080_080BDF0070_00918_RAW.jpg.npy
/Users/anirudh/RoadConditionClassifier/FPGAProject/ml/cracks-and-potholes-in-road-DatasetNinja/ds0/img/1081889_DF_080_080BDF0070_01028_RAW.jpg,/Users/anirudh/RoadConditionClassifier/FPGAProject/ml/preprocessed/grid_labels/1081889_DF_080_080BDF0070_01028_RAW.jpg.npy
/Users/anirudh/RoadConditionClassifier/FPGAProject/ml/cracks-and-potholes-in-road-DatasetNinja/ds0/img/1081890_DF_080_080BDF0070_01030_RAW.jpg,/Users/anirudh/RoadConditionClassifier/FPGAProject/ml/preprocessed/grid_labels/1081890_DF_080_080BDF0070_01030_RAW.jpg.npy
/Users/anirudh/RoadConditionClassifier/FPGAProject/ml/cracks-and-potholes-in-road-DatasetNinja/ds0/img/1081891_DF_080_080BDF0070_01032_RAW.jpg,/Users/anirudh/RoadConditionClassifier/FPGAProject/ml/preprocessed/grid_labels/1081891_DF_080_080BDF0070_01032_RAW.jpg.npy
/Users/anirudh/RoadConditionClassifier/FPGAProject/ml/cracks-and-potholes-in-road-DatasetNinja/ds0/img/1081894_DF_080_080BDF0070_01037_RAW.jpg,/Users/anirudh/RoadConditionClassifier/FPGAProject/ml/preprocessed/grid_labels/1081894_DF_080_080BDF0070_01037_RAW.jpg.npy
/Users/anirudh/RoadConditionClassifier/FPGAProject/ml/cracks-and-potholes-in-road-DatasetNinja/ds0/img/1081895_DF_080_080BDF0070_01039_RAW.jpg,/Users/anirudh/RoadConditionClassifier/FPGAProject/ml/preprocessed/grid_labels/1081895_DF_080_080BDF0070_01039_RAW.jpg.npy
/Users/anirudh/RoadConditionClassifier/FPGAProject/ml/cracks-and-potholes-in-road-DatasetNinja/ds0/img/1081896_DF_080_080BDF0070_01041_RAW.jpg,/Users/anirudh/RoadConditionClassifier/FPGAProject/ml/preprocessed/grid_labels/1081896_DF_080_080BDF0070_01041_RAW.jpg.npy
/Users/anirudh/RoadConditionClassifier/FPGAProject/ml/cracks-and-potholes-in-road-DatasetNinja/ds0/img/1081908_DF_080_080BDF0070_01067_RAW.jpg,/Users/anirudh/RoadConditionClassifier/FPGAProject/ml/preprocessed/grid_labels/1081908_DF_080_080BDF0070_01067_RAW.jpg.npy
/Users/anirudh/RoadConditionClassifier/FPGAProject/ml/cracks-and-potholes-in-road-DatasetNinja/ds0/img/1081923_DF_080_080BDF0070_01095_RAW.jpg,/Users/anirudh/RoadConditionClassifier/FPGAProject/ml/preprocessed/grid_labels/1081923_DF_080_080BDF0070_01095_RAW.jpg.npy
/Users/anirudh/RoadConditionClassifier/FPGAProject/ml/cracks-and-potholes-in-road-DatasetNinja/ds0/img/1082104_DF_080_080BDF0070_01444_RAW.jpg,/Users/anirudh/RoadConditionClassifier/FPGAProject/ml/preprocessed/grid_labels/1082104_DF_080_080BDF0070_01444_RAW.jpg.npy
/Users/anirudh/RoadConditionClassifier/FPGAProject/ml/cracks-and-potholes-in-road-DatasetNinja/ds0/img/1082211_DF_080_080BDF0070_01699_RAW.jpg,/Users/anirudh/RoadConditionClassifier/FPGAProject/ml/preprocessed/grid_labels/1082211_DF_080_080BDF0070_01699_RAW.jpg.npy
/Users/anirudh/RoadConditionClassifier/FPGAProject/ml/cracks-and-potholes-in-road-DatasetNinja/ds0/img/1082212_DF_080_080BDF0070_01703_RAW.jpg,/Users/anirudh/RoadConditionClassifier/FPGAProject/ml/preprocessed/grid_labels/1082212_DF_080_080BDF0070_01703_RAW.jpg.npy
/Users/anirudh/RoadConditionClassifier/FPGAProject/ml/cracks-and-potholes-in-road-DatasetNinja/ds0/img/1082215_DF_080_080BDF0070_01712_RAW.jpg,/Users/anirudh/RoadConditionClassifier/FPGAProject/ml/preprocessed/grid_labels/1082215_DF_080_080BDF0070_01712_RAW.jpg.npy
/Users/anirudh/RoadConditionClassifier/FPGAProject/ml/cracks-and-potholes-in-road-DatasetNinja/ds0/img/1082216_DF_080_080BDF0070_01715_RAW.jpg,/Users/anirudh/RoadConditionClassifier/FPGAProject/ml/preprocessed/grid_labels/1082216_DF_080_080BDF0070_01715_RAW.jpg.npy
/Users/anirudh/RoadConditionClassifier/FPGAProject/ml/cracks-and-potholes-in-road-DatasetNinja/ds0/img/1082217_DF_080_080BDF0070_01718_RAW.jpg,/Users/anirudh/RoadConditionClassifier/FPGAProject/ml/preprocessed/grid_labels/1082217_DF_080_080BDF0070_01718_RAW.jpg.npy
/Users/anirudh/RoadConditionClassifier/FPGAProject/ml/cracks-and-potholes-in-road-DatasetNinja/ds0/img/1082218_DF_080_080BDF0070_01721_RAW.jpg,/Users/anirudh/RoadConditionClassifier/FPGAProject/ml/preprocessed/grid_labels/1082218_DF_080_080BDF0070_01721_RAW.jpg.npy
/Users/anirudh/RoadConditionClassifier/FPGAProject/ml/cracks-and-potholes-in-road-DatasetNinja/ds0/img/1082219_DF_080_080BDF0070_01724_RAW.jpg,/Users/anirudh/RoadConditionClassifier/FPGAProject/ml/preprocessed/grid_labels/1082219_DF_080_080BDF0070_01724_RAW.jpg.npy
/Users/anirudh/RoadConditionClassifier/FPGAProject/ml/cracks-and-potholes-in-road-DatasetNinja/ds0/img/1082220_DF_080_080BDF0070_01727_RAW.jpg,/Users/anirudh/RoadConditionClassifier/FPGAProject/ml/preprocessed/grid_labels/1082220_DF_080_080BDF0070_01727_RAW.jpg.npy
/Users/anirudh/RoadConditionClassifier/FPGAProject/ml/cracks-and-potholes-in-road-DatasetNinja/ds0/img/1082223_DF_080_080BDF0070_01734_RAW.jpg,/Users/anirudh/RoadConditionClassifier/FPGAProject/ml/preprocessed/grid_labels/1082223_DF_080_080BDF0070_01734_RAW.jpg.npy
/Users/anirudh/RoadConditionClassifier/FPGAProject/ml/cracks-and-potholes-in-road-DatasetNinja/ds0/img/1082224_DF_080_080BDF0070_01737_RAW.jpg,/Users/anirudh/RoadConditionClassifier/FPGAProject/ml/preprocessed/grid_labels/1082224_DF_080_080BDF0070_01737_RAW.jpg.npy
/Users/anirudh/RoadConditionClassifier/FPGAProject/ml/cracks-and-potholes-in-road-DatasetNinja/ds0/img/1082234_DF_080_080BDF0070_01764_RAW.jpg,/Users/anirudh/RoadConditionClassifier/FPGAProject/ml/preprocessed/grid_labels/1082234_DF_080_080BDF0070_01764_RAW.jpg.npy
/Users/anirudh/RoadConditionClassifier/FPGAProject/ml/cracks-and-potholes-in-road-DatasetNinja/ds0/img/1082253_DF_080_080BDF0070_01829_RAW.jpg,/Users/anirudh/RoadConditionClassifier/FPGAProject/ml/preprocessed/grid_labels/1082253_DF_080_080BDF0070_01829_RAW.jpg.npy
/Users/anirudh/RoadConditionClassifier/FPGAProject/ml/cracks-and-potholes-in-road-DatasetNinja/ds0/img/1082254_DF_080_080BDF0070_01831_RAW.jpg,/Users/anirudh/RoadConditionClassifier/FPGAProject/ml/preprocessed/grid_labels/1082254_DF_080_080BDF0070_01831_RAW.jpg.npy
/Users/anirudh/RoadConditionClassifier/FPGAProject/ml/cracks-and-potholes-in-road-DatasetNinja/ds0/img/1082300_DF_080_080BDF0070_01927_RAW.jpg,/Users/anirudh/RoadConditionClassifier/FPGAProject/ml/preprocessed/grid_labels/1082300_DF_080_080BDF0070_01927_RAW.jpg.npy
/Users/anirudh/RoadConditionClassifier/FPGAProject/ml/cracks-and-potholes-in-road-DatasetNinja/ds0/img/1082758_DF_080_080BDF0070_02801_RAW.jpg,/Users/anirudh/RoadConditionClassifier/FPGAProject/ml/preprocessed/grid_labels/1082758_DF_080_080BDF0070_02801_RAW.jpg.npy
/Users/anirudh/RoadConditionClassifier/FPGAProject/ml/cracks-and-potholes-in-road-DatasetNinja/ds0/img/1082821_DF_080_080BDF0070_02915_RAW.jpg,/Users/anirudh/RoadConditionClassifier/FPGAProject/ml/preprocessed/grid_labels/1082821_DF_080_080BDF0070_02915_RAW.jpg.npy
/Users/anirudh/RoadConditionClassifier/FPGAProject/ml/cracks-and-potholes-in-road-DatasetNinja/ds0/img/1082916_DF_080_080BDF0070_03088_RAW.jpg,/Users/anirudh/RoadConditionClassifier/FPGAProject/ml/preprocessed/grid_labels/1082916_DF_080_080BDF0070_03088_RAW.jpg.npy
/Users/anirudh/RoadConditionClassifier/FPGAProject/ml/cracks-and-potholes-in-road-DatasetNinja/ds0/img/1082972_DF_080_080BDF0070_03191_RAW.jpg,/Users/anirudh/RoadConditionClassifier/FPGAProject/ml/preprocessed/grid_labels/1082972_DF_080_080BDF0070_03191_RAW.jpg.npy
/Users/anirudh/RoadConditionClassifier/FPGAProject/ml/cracks-and-potholes-in-road-DatasetNinja/ds0/img/1083021_DF_080_080BDF0070_03280_RAW.jpg,/Users/anirudh/RoadConditionClassifier/FPGAProject/ml/preprocessed/grid_labels/1083021_DF_080_080BDF0070_03280_RAW.jpg.npy
/Users/anirudh/RoadConditionClassifier/FPGAProject/ml/cracks-and-potholes-in-road-DatasetNinja/ds0/img/1083104_DF_080_080BDF0070_03436_RAW.jpg,/Users/anirudh/RoadConditionClassifier/FPGAProject/ml/preprocessed/grid_labels/1083104_DF_080_080BDF0070_03436_RAW.jpg.npy
/Users/anirudh/RoadConditionClassifier/FPGAProject/ml/cracks-and-potholes-in-road-DatasetNinja/ds0/img/1083231_DF_080_080BDF0070_03759_RAW.jpg,/Users/anirudh/RoadConditionClassifier/FPGAProject/ml/preprocessed/grid_labels/1083231_DF_080_080BDF0070_03759_RAW.jpg.npy
/Users/anirudh/RoadConditionClassifier/FPGAProject/ml/cracks-and-potholes-in-road-DatasetNinja/ds0/img/1083232_DF_080_080BDF0070_03764_RAW.jpg,/Users/anirudh/RoadConditionClassifier/FPGAProject/ml/preprocessed/grid_labels/1083232_DF_080_080BDF0070_03764_RAW.jpg.npy
/Users/anirudh/RoadConditionClassifier/FPGAProject/ml/cracks-and-potholes-in-road-DatasetNinja/ds0/img/1083252_DF_080_080BDF0070_03824_RAW.jpg,/Users/anirudh/RoadConditionClassifier/FPGAProject/ml/preprocessed/grid_labels/1083252_DF_080_080BDF0070_03824_RAW.jpg.npy
/Users/anirudh/RoadConditionClassifier/FPGAProject/ml/cracks-and-potholes-in-road-DatasetNinja/ds0/img/1083253_DF_080_080BDF0070_03828_RAW.jpg,/Users/anirudh/RoadConditionClassifier/FPGAProject/ml/preprocessed/grid_labels/1083253_DF_080_080BDF0070_03828_RAW.jpg.npy
/Users/anirudh/RoadConditionClassifier/FPGAProject/ml/cracks-and-potholes-in-road-DatasetNinja/ds0/img/1083340_DF_080_080BDF0070_04015_RAW.jpg,/Users/anirudh/RoadConditionClassifier/FPGAProject/ml/preprocessed/grid_labels/1083340_DF_080_080BDF0070_04015_RAW.jpg.npy
/Users/anirudh/RoadConditionClassifier/FPGAProject/ml/cracks-and-potholes-in-road-DatasetNinja/ds0/img/1083731_DF_080_080BDF0090_00251_RAW.jpg,/Users/anirudh/RoadConditionClassifier/FPGAProject/ml/preprocessed/grid_labels/1083731_DF_080_080BDF0090_00251_RAW.jpg.npy
/Users/anirudh/RoadConditionClassifier/FPGAProject/ml/cracks-and-potholes-in-road-DatasetNinja/ds0/img/1083752_DF_080_080BDF0090_00291_RAW.jpg,/Users/anirudh/RoadConditionClassifier/FPGAProject/ml/preprocessed/grid_labels/1083752_DF_080_080BDF0090_00291_RAW.jpg.npy
/Users/anirudh/RoadConditionClassifier/FPGAProject/ml/cracks-and-potholes-in-road-DatasetNinja/ds0/img/1083758_DF_080_080BDF0090_00303_RAW.jpg,/Users/anirudh/RoadConditionClassifier/FPGAProject/ml/preprocessed/grid_labels/1083758_DF_080_080BDF0090_00303_RAW.jpg.npy
/Users/anirudh/RoadConditionClassifier/FPGAProject/ml/cracks-and-potholes-in-road-DatasetNinja/ds0/img/1083759_DF_080_080BDF0090_00306_RAW.jpg,/Users/anirudh/RoadConditionClassifier/FPGAProject/ml/preprocessed/grid_labels/1083759_DF_080_080BDF0090_00306_RAW.jpg.npy
/Users/anirudh/RoadConditionClassifier/FPGAProject/ml/cracks-and-potholes-in-road-DatasetNinja/ds0/img/1083760_DF_080_080BDF0090_00307_RAW.jpg,/Users/anirudh/RoadConditionClassifier/FPGAProject/ml/preprocessed/grid_labels/1083760_DF_080_080BDF0090_00307_RAW.jpg.npy
/Users/anirudh/RoadConditionClassifier/FPGAProject/ml/cracks-and-potholes-in-road-DatasetNinja/ds0/img/1083771_DF_080_080BDF0090_00328_RAW.jpg,/Users/anirudh/RoadConditionClassifier/FPGAProject/ml/preprocessed/grid_labels/1083771_DF_080_080BDF0090_00328_RAW.jpg.npy
/Users/anirudh/RoadConditionClassifier/FPGAProject/ml/cracks-and-potholes-in-road-DatasetNinja/ds0/img/1083772_DF_080_080BDF0090_00331_RAW.jpg,/Users/anirudh/RoadConditionClassifier/FPGAProject/ml/preprocessed/grid_labels/1083772_DF_080_080BDF0090_00331_RAW.jpg.npy
/Users/anirudh/RoadConditionClassifier/FPGAProject/ml/cracks-and-potholes-in-road-DatasetNinja/ds0/img/1083773_DF_080_080BDF0090_00332_RAW.jpg,/Users/anirudh/RoadConditionClassifier/FPGAProject/ml/preprocessed/grid_labels/1083773_DF_080_080BDF0090_00332_RAW.jpg.npy
/Users/anirudh/RoadConditionClassifier/FPGAProject/ml/cracks-and-potholes-in-road-DatasetNinja/ds0/img/1083774_DF_080_080BDF0090_00334_RAW.jpg,/Users/anirudh/RoadConditionClassifier/FPGAProject/ml/preprocessed/grid_labels/1083774_DF_080_080BDF0090_00334_RAW.jpg.npy
/Users/anirudh/RoadConditionClassifier/FPGAProject/ml/cracks-and-potholes-in-road-DatasetNinja/ds0/img/1083783_DF_080_080BDF0090_00352_RAW.jpg,/Users/anirudh/RoadConditionClassifier/FPGAProject/ml/preprocessed/grid_labels/1083783_DF_080_080BDF0090_00352_RAW.jpg.npy
/Users/anirudh/RoadConditionClassifier/FPGAProject/ml/cracks-and-potholes-in-road-DatasetNinja/ds0/img/1083784_DF_080_080BDF0090_00354_RAW.jpg,/Users/anirudh/RoadConditionClassifier/FPGAProject/ml/preprocessed/grid_labels/1083784_DF_080_080BDF0090_00354_RAW.jpg.npy
/Users/anirudh/RoadConditionClassifier/FPGAProject/ml/cracks-and-potholes-in-road-DatasetNinja/ds0/img/1083785_DF_080_080BDF0090_00355_RAW.jpg,/Users/anirudh/RoadConditionClassifier/FPGAProject/ml/preprocessed/grid_labels/1083785_DF_080_080BDF0090_00355_RAW.jpg.npy
/Users/anirudh/RoadConditionClassifier/FPGAProject/ml/cracks-and-potholes-in-road-DatasetNinja/ds0/img/1083786_DF_080_080BDF0090_00357_RAW.jpg,/Users/anirudh/RoadConditionClassifier/FPGAProject/ml/preprocessed/grid_labels/1083786_DF_080_080BDF0090_00357_RAW.jpg.npy
/Users/anirudh/RoadConditionClassifier/FPGAProject/ml/cracks-and-potholes-in-road-DatasetNinja/ds0/img/1083787_DF_080_080BDF0090_00359_RAW.jpg,/Users/anirudh/RoadConditionClassifier/FPGAProject/ml/preprocessed/grid_labels/1083787_DF_080_080BDF0090_00359_RAW.jpg.npy
/Users/anirudh/RoadConditionClassifier/FPGAProject/ml/cracks-and-potholes-in-road-DatasetNinja/ds0/img/1083821_DF_080_080BDF0090_00423_RAW.jpg,/Users/anirudh/RoadConditionClassifier/FPGAProject/ml/preprocessed/grid_labels/1083821_DF_080_080BDF0090_00423_RAW.jpg.npy
/Users/anirudh/RoadConditionClassifier/FPGAProject/ml/cracks-and-potholes-in-road-DatasetNinja/ds0/img/1083994_DF_080_080BDF0090_00778_RAW.jpg,/Users/anirudh/RoadConditionClassifier/FPGAProject/ml/preprocessed/grid_labels/1083994_DF_080_080BDF0090_00778_RAW.jpg.npy
/Users/anirudh/RoadConditionClassifier/FPGAProject/ml/cracks-and-potholes-in-road-DatasetNinja/ds0/img/1083995_DF_080_080BDF0090_00780_RAW.jpg,/Users/anirudh/RoadConditionClassifier/FPGAProject/ml/preprocessed/grid_labels/1083995_DF_080_080BDF0090_00780_RAW.jpg.npy
/Users/anirudh/RoadConditionClassifier/FPGAProject/ml/cracks-and-potholes-in-road-DatasetNinja/ds0/img/1084105_DF_080_080BDF0090_00984_RAW.jpg,/Users/anirudh/RoadConditionClassifier/FPGAProject/ml/preprocessed/grid_labels/1084105_DF_080_080BDF0090_00984_RAW.jpg.npy
/Users/anirudh/RoadConditionClassifier/FPGAProject/ml/cracks-and-potholes-in-road-DatasetNinja/ds0/img/1084106_DF_080_080BDF0090_00986_RAW.jpg,/Users/anirudh/RoadConditionClassifier/FPGAProject/ml/preprocessed/grid_labels/1084106_DF_080_080BDF0090_00986_RAW.jpg.npy
/Users/anirudh/RoadConditionClassifier/FPGAProject/ml/cracks-and-potholes-in-road-DatasetNinja/ds0/img/1084107_DF_080_080BDF0090_00987_RAW.jpg,/Users/anirudh/RoadConditionClassifier/FPGAProject/ml/preprocessed/grid_labels/1084107_DF_080_080BDF0090_00987_RAW.jpg.npy
/Users/anirudh/RoadConditionClassifier/FPGAProject/ml/cracks-and-potholes-in-road-DatasetNinja/ds0/img/1084108_DF_080_080BDF0090_00989_RAW.jpg,/Users/anirudh/RoadConditionClassifier/FPGAProject/ml/preprocessed/grid_labels/1084108_DF_080_080BDF0090_00989_RAW.jpg.npy
/Users/anirudh/RoadConditionClassifier/FPGAProject/ml/cracks-and-potholes-in-road-DatasetNinja/ds0/img/1084119_DF_080_080BDF0090_01009_RAW.jpg,/Users/anirudh/RoadConditionClassifier/FPGAProject/ml/preprocessed/grid_labels/1084119_DF_080_080BDF0090_01009_RAW.jpg.npy
/Users/anirudh/RoadConditionClassifier/FPGAProject/ml/cracks-and-potholes-in-road-DatasetNinja/ds0/img/1084157_DF_080_080BDF0090_01081_RAW.jpg,/Users/anirudh/RoadConditionClassifier/FPGAProject/ml/preprocessed/grid_labels/1084157_DF_080_080BDF0090_01081_RAW.jpg.npy
/Users/anirudh/RoadConditionClassifier/FPGAProject/ml/cracks-and-potholes-in-road-DatasetNinja/ds0/img/1084257_DF_080_080BDF0090_01340_RAW.jpg,/Users/anirudh/RoadConditionClassifier/FPGAProject/ml/preprocessed/grid_labels/1084257_DF_080_080BDF0090_01340_RAW.jpg.npy
/Users/anirudh/RoadConditionClassifier/FPGAProject/ml/cracks-and-potholes-in-road-DatasetNinja/ds0/img/1084259_DF_080_080BDF0090_01344_RAW.jpg,/Users/anirudh/RoadConditionClassifier/FPGAProject/ml/preprocessed/grid_labels/1084259_DF_080_080BDF0090_01344_RAW.jpg.npy
/Users/anirudh/RoadConditionClassifier/FPGAProject/ml/cracks-and-potholes-in-road-DatasetNinja/ds0/img/1084264_DF_080_080BDF0090_01353_RAW.jpg,/Users/anirudh/RoadConditionClassifier/FPGAProject/ml/preprocessed/grid_labels/1084264_DF_080_080BDF0090_01353_RAW.jpg.npy
/Users/anirudh/RoadConditionClassifier/FPGAProject/ml/cracks-and-potholes-in-road-DatasetNinja/ds0/img/1084273_DF_080_080BDF0090_01371_RAW.jpg,/Users/anirudh/RoadConditionClassifier/FPGAProject/ml/preprocessed/grid_labels/1084273_DF_080_080BDF0090_01371_RAW.jpg.npy
/Users/anirudh/RoadConditionClassifier/FPGAProject/ml/cracks-and-potholes-in-road-DatasetNinja/ds0/img/1084274_DF_080_080BDF0090_01373_RAW.jpg,/Users/anirudh/RoadConditionClassifier/FPGAProject/ml/preprocessed/grid_labels/1084274_DF_080_080BDF0090_01373_RAW.jpg.npy
/Users/anirudh/RoadConditionClassifier/FPGAProject/ml/cracks-and-potholes-in-road-DatasetNinja/ds0/img/1084276_DF_080_080BDF0090_01376_RAW.jpg,/Users/anirudh/RoadConditionClassifier/FPGAProject/ml/preprocessed/grid_labels/1084276_DF_080_080BDF0090_01376_RAW.jpg.npy
/Users/anirudh/RoadConditionClassifier/FPGAProject/ml/cracks-and-potholes-in-road-DatasetNinja/ds0/img/1084279_DF_080_080BDF0090_01382_RAW.jpg,/Users/anirudh/RoadConditionClassifier/FPGAProject/ml/preprocessed/grid_labels/1084279_DF_080_080BDF0090_01382_RAW.jpg.npy
/Users/anirudh/RoadConditionClassifier/FPGAProject/ml/cracks-and-potholes-in-road-DatasetNinja/ds0/img/1084280_DF_080_080BDF0090_01384_RAW.jpg,/Users/anirudh/RoadConditionClassifier/FPGAProject/ml/preprocessed/grid_labels/1084280_DF_080_080BDF0090_01384_RAW.jpg.npy
/Users/anirudh/RoadConditionClassifier/FPGAProject/ml/cracks-and-potholes-in-road-DatasetNinja/ds0/img/1084281_DF_080_080BDF0090_01385_RAW.jpg,/Users/anirudh/RoadConditionClassifier/FPGAProject/ml/preprocessed/grid_labels/1084281_DF_080_080BDF0090_01385_RAW.jpg.npy
/Users/anirudh/RoadConditionClassifier/FPGAProject/ml/cracks-and-potholes-in-road-DatasetNinja/ds0/img/1084296_DF_080_080BDF0090_01413_RAW.jpg,/Users/anirudh/RoadConditionClassifier/FPGAProject/ml/preprocessed/grid_labels/1084296_DF_080_080BDF0090_01413_RAW.jpg.npy
/Users/anirudh/RoadConditionClassifier/FPGAProject/ml/cracks-and-potholes-in-road-DatasetNinja/ds0/img/1084307_DF_080_080BDF0090_01435_RAW.jpg,/Users/anirudh/RoadConditionClassifier/FPGAProject/ml/preprocessed/grid_labels/1084307_DF_080_080BDF0090_01435_RAW.jpg.npy
/Users/anirudh/RoadConditionClassifier/FPGAProject/ml/cracks-and-potholes-in-road-DatasetNinja/ds0/img/1084314_DF_080_080BDF0090_01448_RAW.jpg,/Users/anirudh/RoadConditionClassifier/FPGAProject/ml/preprocessed/grid_labels/1084314_DF_080_080BDF0090_01448_RAW.jpg.npy
/Users/anirudh/RoadConditionClassifier/FPGAProject/ml/cracks-and-potholes-in-road-DatasetNinja/ds0/img/1084318_DF_080_080BDF0090_01454_RAW.jpg,/Users/anirudh/RoadConditionClassifier/FPGAProject/ml/preprocessed/grid_labels/1084318_DF_080_080BDF0090_01454_RAW.jpg.npy
/Users/anirudh/RoadConditionClassifier/FPGAProject/ml/cracks-and-potholes-in-road-DatasetNinja/ds0/img/1084319_DF_080_080BDF0090_01456_RAW.jpg,/Users/anirudh/RoadConditionClassifier/FPGAProject/ml/preprocessed/grid_labels/1084319_DF_080_080BDF0090_01456_RAW.jpg.npy
/Users/anirudh/RoadConditionClassifier/FPGAProject/ml/cracks-and-potholes-in-road-DatasetNinja/ds0/img/1084344_DF_080_080BDF0090_01499_RAW.jpg,/Users/anirudh/RoadConditionClassifier/FPGAProject/ml/preprocessed/grid_labels/1084344_DF_080_080BDF0090_01499_RAW.jpg.npy
/Users/anirudh/RoadConditionClassifier/FPGAProject/ml/cracks-and-potholes-in-road-DatasetNinja/ds0/img/1084345_DF_080_080BDF0090_01501_RAW.jpg,/Users/anirudh/RoadConditionClassifier/FPGAProject/ml/preprocessed/grid_labels/1084345_DF_080_080BDF0090_01501_RAW.jpg.npy
/Users/anirudh/RoadConditionClassifier/FPGAProject/ml/cracks-and-potholes-in-road-DatasetNinja/ds0/img/1084354_DF_080_080BDF0090_01515_RAW.jpg,/Users/anirudh/RoadConditionClassifier/FPGAProject/ml/preprocessed/grid_labels/1084354_DF_080_080BDF0090_01515_RAW.jpg.npy
/Users/anirudh/RoadConditionClassifier/FPGAProject/ml/cracks-and-potholes-in-road-DatasetNinja/ds0/img/1084355_DF_080_080BDF0090_01517_RAW.jpg,/Users/anirudh/RoadConditionClassifier/FPGAProject/ml/preprocessed/grid_labels/1084355_DF_080_080BDF0090_01517_RAW.jpg.npy
/Users/anirudh/RoadConditionClassifier/FPGAProject/ml/cracks-and-potholes-in-road-DatasetNinja/ds0/img/1084356_DF_080_080BDF0090_01519_RAW.jpg,/Users/anirudh/RoadConditionClassifier/FPGAProject/ml/preprocessed/grid_labels/1084356_DF_080_080BDF0090_01519_RAW.jpg.npy
/Users/anirudh/RoadConditionClassifier/FPGAProject/ml/cracks-and-potholes-in-road-DatasetNinja/ds0/img/1084371_DF_080_080BDF0090_01543_RAW.jpg,/Users/anirudh/RoadConditionClassifier/FPGAProject/ml/preprocessed/grid_labels/1084371_DF_080_080BDF0090_01543_RAW.jpg.npy
/Users/anirudh/RoadConditionClassifier/FPGAProject/ml/cracks-and-potholes-in-road-DatasetNinja/ds0/img/1084379_DF_080_080BDF0090_01558_RAW.jpg,/Users/anirudh/RoadConditionClassifier/FPGAProject/ml/preprocessed/grid_labels/1084379_DF_080_080BDF0090_01558_RAW.jpg.npy
/Users/anirudh/RoadConditionClassifier/FPGAProject/ml/cracks-and-potholes-in-road-DatasetNinja/ds0/img/1084380_DF_080_080BDF0090_01559_RAW.jpg,/Users/anirudh/RoadConditionClassifier/FPGAProject/ml/preprocessed/grid_labels/1084380_DF_080_080BDF0090_01559_RAW.jpg.npy
/Users/anirudh/RoadConditionClassifier/FPGAProject/ml/cracks-and-potholes-in-road-DatasetNinja/ds0/img/1084381_DF_080_080BDF0090_01560_RAW.jpg,/Users/anirudh/RoadConditionClassifier/FPGAProject/ml/preprocessed/grid_labels/1084381_DF_080_080BDF0090_01560_RAW.jpg.npy
/Users/anirudh/RoadConditionClassifier/FPGAProject/ml/cracks-and-potholes-in-road-DatasetNinja/ds0/img/1084398_DF_080_080BDF0090_01592_RAW.jpg,/Users/anirudh/RoadConditionClassifier/FPGAProject/ml/preprocessed/grid_labels/1084398_DF_080_080BDF0090_01592_RAW.jpg.npy
/Users/anirudh/RoadConditionClassifier/FPGAProject/ml/cracks-and-potholes-in-road-DatasetNinja/ds0/img/1084399_DF_080_080BDF0090_01595_RAW.jpg,/Users/anirudh/RoadConditionClassifier/FPGAProject/ml/preprocessed/grid_labels/1084399_DF_080_080BDF0090_01595_RAW.jpg.npy
/Users/anirudh/RoadConditionClassifier/FPGAProject/ml/cracks-and-potholes-in-road-DatasetNinja/ds0/img/1084417_DF_080_080BDF0090_01630_RAW.jpg,/Users/anirudh/RoadConditionClassifier/FPGAProject/ml/preprocessed/grid_labels/1084417_DF_080_080BDF0090_01630_RAW.jpg.npy
/Users/anirudh/RoadConditionClassifier/FPGAProject/ml/cracks-and-potholes-in-road-DatasetNinja/ds0/img/1084418_DF_080_080BDF0090_01632_RAW.jpg,/Users/anirudh/RoadConditionClassifier/FPGAProject/ml/preprocessed/grid_labels/1084418_DF_080_080BDF0090_01632_RAW.jpg.npy
/Users/anirudh/RoadConditionClassifier/FPGAProject/ml/cracks-and-potholes-in-road-DatasetNinja/ds0/img/1084435_DF_080_080BDF0090_01660_RAW.jpg,/Users/anirudh/RoadConditionClassifier/FPGAProject/ml/preprocessed/grid_labels/1084435_DF_080_080BDF0090_01660_RAW.jpg.npy
/Users/anirudh/RoadConditionClassifier/FPGAProject/ml/cracks-and-potholes-in-road-DatasetNinja/ds0/img/1084436_DF_080_080BDF0090_01661_RAW.jpg,/Users/anirudh/RoadConditionClassifier/FPGAProject/ml/preprocessed/grid_labels/1084436_DF_080_080BDF0090_01661_RAW.jpg.npy
/Users/anirudh/RoadConditionClassifier/FPGAProject/ml/cracks-and-potholes-in-road-DatasetNinja/ds0/img/1084437_DF_080_080BDF0090_01663_RAW.jpg,/Users/anirudh/RoadConditionClassifier/FPGAProject/ml/preprocessed/grid_labels/1084437_DF_080_080BDF0090_01663_RAW.jpg.npy
/Users/anirudh/RoadConditionClassifier/FPGAProject/ml/cracks-and-potholes-in-road-DatasetNinja/ds0/img/1084438_DF_080_080BDF0090_01665_RAW.jpg,/Users/anirudh/RoadConditionClassifier/FPGAProject/ml/preprocessed/grid_labels/1084438_DF_080_080BDF0090_01665_RAW.jpg.npy
/Users/anirudh/RoadConditionClassifier/FPGAProject/ml/cracks-and-potholes-in-road-DatasetNinja/ds0/img/1084440_DF_080_080BDF0090_01668_RAW.jpg,/Users/anirudh/RoadConditionClassifier/FPGAProject/ml/preprocessed/grid_labels/1084440_DF_080_080BDF0090_01668_RAW.jpg.npy
/Users/anirudh/RoadConditionClassifier/FPGAProject/ml/cracks-and-potholes-in-road-DatasetNinja/ds0/img/1084455_DF_080_080BDF0090_01696_RAW.jpg,/Users/anirudh/RoadConditionClassifier/FPGAProject/ml/preprocessed/grid_labels/1084455_DF_080_080BDF0090_01696_RAW.jpg.npy
/Users/anirudh/RoadConditionClassifier/FPGAProject/ml/cracks-and-potholes-in-road-DatasetNinja/ds0/img/1084457_DF_080_080BDF0090_01700_RAW.jpg,/Users/anirudh/RoadConditionClassifier/FPGAProject/ml/preprocessed/grid_labels/1084457_DF_080_080BDF0090_01700_RAW.jpg.npy
/Users/anirudh/RoadConditionClassifier/FPGAProject/ml/cracks-and-potholes-in-road-DatasetNinja/ds0/img/1084458_DF_080_080BDF0090_01701_RAW.jpg,/Users/anirudh/RoadConditionClassifier/FPGAProject/ml/preprocessed/grid_labels/1084458_DF_080_080BDF0090_01701_RAW.jpg.npy
/Users/anirudh/RoadConditionClassifier/FPGAProject/ml/cracks-and-potholes-in-road-DatasetNinja/ds0/img/1084459_DF_080_080BDF0090_01703_RAW.jpg,/Users/anirudh/RoadConditionClassifier/FPGAProject/ml/preprocessed/grid_labels/1084459_DF_080_080BDF0090_01703_RAW.jpg.npy
/Users/anirudh/RoadConditionClassifier/FPGAProject/ml/cracks-and-potholes-in-road-DatasetNinja/ds0/img/1084476_DF_080_080BDF0090_01732_RAW.jpg,/Users/anirudh/RoadConditionClassifier/FPGAProject/ml/preprocessed/grid_labels/1084476_DF_080_080BDF0090_01732_RAW.jpg.npy
/Users/anirudh/RoadConditionClassifier/FPGAProject/ml/cracks-and-potholes-in-road-DatasetNinja/ds0/img/1084513_DF_080_080BDF0090_01797_RAW.jpg,/Users/anirudh/RoadConditionClassifier/FPGAProject/ml/preprocessed/grid_labels/1084513_DF_080_080BDF0090_01797_RAW.jpg.npy
/Users/anirudh/RoadConditionClassifier/FPGAProject/ml/cracks-and-potholes-in-road-DatasetNinja/ds0/img/1084514_DF_080_080BDF0090_01799_RAW.jpg,/Users/anirudh/RoadConditionClassifier/FPGAProject/ml/preprocessed/grid_labels/1084514_DF_080_080BDF0090_01799_RAW.jpg.npy
/Users/anirudh/RoadConditionClassifier/FPGAProject/ml/cracks-and-potholes-in-road-DatasetNinja/ds0/img/1084517_DF_080_080BDF0090_01804_RAW.jpg,/Users/anirudh/RoadConditionClassifier/FPGAProject/ml/preprocessed/grid_labels/1084517_DF_080_080BDF0090_01804_RAW.jpg.npy
/Users/anirudh/RoadConditionClassifier/FPGAProject/ml/cracks-and-potholes-in-road-DatasetNinja/ds0/img/1084527_DF_080_080BDF0090_01823_RAW.jpg,/Users/anirudh/RoadConditionClassifier/FPGAProject/ml/preprocessed/grid_labels/1084527_DF_080_080BDF0090_01823_RAW.jpg.npy
/Users/anirudh/RoadConditionClassifier/FPGAProject/ml/cracks-and-potholes-in-road-DatasetNinja/ds0/img/1084529_DF_080_080BDF0090_01827_RAW.jpg,/Users/anirudh/RoadConditionClassifier/FPGAProject/ml/preprocessed/grid_labels/1084529_DF_080_080BDF0090_01827_RAW.jpg.npy
/Users/anirudh/RoadConditionClassifier/FPGAProject/ml/cracks-and-potholes-in-road-DatasetNinja/ds0/img/1084530_DF_080_080BDF0090_01828_RAW.jpg,/Users/anirudh/RoadConditionClassifier/FPGAProject/ml/preprocessed/grid_labels/1084530_DF_080_080BDF0090_01828_RAW.jpg.npy
/Users/anirudh/RoadConditionClassifier/FPGAProject/ml/cracks-and-potholes-in-road-DatasetNinja/ds0/img/1084546_DF_080_080BDF0090_01855_RAW.jpg,/Users/anirudh/RoadConditionClassifier/FPGAProject/ml/preprocessed/grid_labels/1084546_DF_080_080BDF0090_01855_RAW.jpg.npy
/Users/anirudh/RoadConditionClassifier/FPGAProject/ml/cracks-and-potholes-in-road-DatasetNinja/ds0/img/1084547_DF_080_080BDF0090_01856_RAW.jpg,/Users/anirudh/RoadConditionClassifier/FPGAProject/ml/preprocessed/grid_labels/1084547_DF_080_080BDF0090_01856_RAW.jpg.npy
/Users/anirudh/RoadConditionClassifier/FPGAProject/ml/cracks-and-potholes-in-road-DatasetNinja/ds0/img/1085367_DF_080_080BDF0090_03485_RAW.jpg,/Users/anirudh/RoadConditionClassifier/FPGAProject/ml/preprocessed/grid_labels/1085367_DF_080_080BDF0090_03485_RAW.jpg.npy
/Users/anirudh/RoadConditionClassifier/FPGAProject/ml/cracks-and-potholes-in-road-DatasetNinja/ds0/img/1085368_DF_080_080BDF0090_03487_RAW.jpg,/Users/anirudh/RoadConditionClassifier/FPGAProject/ml/preprocessed/grid_labels/1085368_DF_080_080BDF0090_03487_RAW.jpg.npy
/Users/anirudh/RoadConditionClassifier/FPGAProject/ml/cracks-and-potholes-in-road-DatasetNinja/ds0/img/1085369_DF_080_080BDF0090_03488_RAW.jpg,/Users/anirudh/RoadConditionClassifier/FPGAProject/ml/preprocessed/grid_labels/1085369_DF_080_080BDF0090_03488_RAW.jpg.npy
/Users/anirudh/RoadConditionClassifier/FPGAProject/ml/cracks-and-potholes-in-road-DatasetNinja/ds0/img/1085370_DF_080_080BDF0090_03489_RAW.jpg,/Users/anirudh/RoadConditionClassifier/FPGAProject/ml/preprocessed/grid_labels/1085370_DF_080_080BDF0090_03489_RAW.jpg.npy
/Users/anirudh/RoadConditionClassifier/FPGAProject/ml/cracks-and-potholes-in-road-DatasetNinja/ds0/img/1085376_DF_080_080BDF0090_03501_RAW.jpg,/Users/anirudh/RoadConditionClassifier/FPGAProject/ml/preprocessed/grid_labels/1085376_DF_080_080BDF0090_03501_RAW.jpg.npy
/Users/anirudh/RoadConditionClassifier/FPGAProject/ml/cracks-and-potholes-in-road-DatasetNinja/ds0/img/1085383_DF_080_080BDF0090_03514_RAW.jpg,/Users/anirudh/RoadConditionClassifier/FPGAProject/ml/preprocessed/grid_labels/1085383_DF_080_080BDF0090_03514_RAW.jpg.npy
/Users/anirudh/RoadConditionClassifier/FPGAProject/ml/cracks-and-potholes-in-road-DatasetNinja/ds0/img/1085386_DF_080_080BDF0090_03519_RAW.jpg,/Users/anirudh/RoadConditionClassifier/FPGAProject/ml/preprocessed/grid_labels/1085386_DF_080_080BDF0090_03519_RAW.jpg.npy
/Users/anirudh/RoadConditionClassifier/FPGAProject/ml/cracks-and-potholes-in-road-DatasetNinja/ds0/img/1085393_DF_080_080BDF0090_03531_RAW.jpg,/Users/anirudh/RoadConditionClassifier/FPGAProject/ml/preprocessed/grid_labels/1085393_DF_080_080BDF0090_03531_RAW.jpg.npy
/Users/anirudh/RoadConditionClassifier/FPGAProject/ml/cracks-and-potholes-in-road-DatasetNinja/ds0/img/1085394_DF_080_080BDF0090_03533_RAW.jpg,/Users/anirudh/RoadConditionClassifier/FPGAProject/ml/preprocessed/grid_labels/1085394_DF_080_080BDF0090_03533_RAW.jpg.npy
/Users/anirudh/RoadConditionClassifier/FPGAProject/ml/cracks-and-potholes-in-road-DatasetNinja/ds0/img/1085398_DF_080_080BDF0090_03541_RAW.jpg,/Users/anirudh/RoadConditionClassifier/FPGAProject/ml/preprocessed/grid_labels/1085398_DF_080_080BDF0090_03541_RAW.jpg.npy
/Users/anirudh/RoadConditionClassifier/FPGAProject/ml/cracks-and-potholes-in-road-DatasetNinja/ds0/img/1085399_DF_080_080BDF0090_03543_RAW.jpg,/Users/anirudh/RoadConditionClassifier/FPGAProject/ml/preprocessed/grid_labels/1085399_DF_080_080BDF0090_03543_RAW.jpg.npy
/Users/anirudh/RoadConditionClassifier/FPGAProject/ml/cracks-and-potholes-in-road-DatasetNinja/ds0/img/1085400_DF_080_080BDF0090_03545_RAW.jpg,/Users/anirudh/RoadConditionClassifier/FPGAProject/ml/preprocessed/grid_labels/1085400_DF_080_080BDF0090_03545_RAW.jpg.npy
/Users/anirudh/RoadConditionClassifier/FPGAProject/ml/cracks-and-potholes-in-road-DatasetNinja/ds0/img/1085404_DF_080_080BDF0090_03552_RAW.jpg,/Users/anirudh/RoadConditionClassifier/FPGAProject/ml/preprocessed/grid_labels/1085404_DF_080_080BDF0090_03552_RAW.jpg.npy
/Users/anirudh/RoadConditionClassifier/FPGAProject/ml/cracks-and-potholes-in-road-DatasetNinja/ds0/img/1085406_DF_080_080BDF0090_03556_RAW.jpg,/Users/anirudh/RoadConditionClassifier/FPGAProject/ml/preprocessed/grid_labels/1085406_DF_080_080BDF0090_03556_RAW.jpg.npy
/Users/anirudh/RoadConditionClassifier/FPGAProject/ml/cracks-and-potholes-in-road-DatasetNinja/ds0/img/1085407_DF_080_080BDF0090_03558_RAW.jpg,/Users/anirudh/RoadConditionClassifier/FPGAProject/ml/preprocessed/grid_labels/1085407_DF_080_080BDF0090_03558_RAW.jpg.npy
/Users/anirudh/RoadConditionClassifier/FPGAProject/ml/cracks-and-potholes-in-road-DatasetNinja/ds0/img/1085408_DF_080_080BDF0090_03560_RAW.jpg,/Users/anirudh/RoadConditionClassifier/FPGAProject/ml/preprocessed/grid_labels/1085408_DF_080_080BDF0090_03560_RAW.jpg.npy
/Users/anirudh/RoadConditionClassifier/FPGAProject/ml/cracks-and-potholes-in-road-DatasetNinja/ds0/img/1085409_DF_080_080BDF0090_03562_RAW.jpg,/Users/anirudh/RoadConditionClassifier/FPGAProject/ml/preprocessed/grid_labels/1085409_DF_080_080BDF0090_03562_RAW.jpg.npy
/Users/anirudh/RoadConditionClassifier/FPGAProject/ml/cracks-and-potholes-in-road-DatasetNinja/ds0/img/1085429_DF_080_080BDF0090_03601_RAW.jpg,/Users/anirudh/RoadConditionClassifier/FPGAProject/ml/preprocessed/grid_labels/1085429_DF_080_080BDF0090_03601_RAW.jpg.npy
/Users/anirudh/RoadConditionClassifier/FPGAProject/ml/cracks-and-potholes-in-road-DatasetNinja/ds0/img/1085430_DF_080_080BDF0090_03602_RAW.jpg,/Users/anirudh/RoadConditionClassifier/FPGAProject/ml/preprocessed/grid_labels/1085430_DF_080_080BDF0090_03602_RAW.jpg.npy
/Users/anirudh/RoadConditionClassifier/FPGAProject/ml/cracks-and-potholes-in-road-DatasetNinja/ds0/img/1085449_DF_080_080BDF0090_03640_RAW.jpg,/Users/anirudh/RoadConditionClassifier/FPGAProject/ml/preprocessed/grid_labels/1085449_DF_080_080BDF0090_03640_RAW.jpg.npy
/Users/anirudh/RoadConditionClassifier/FPGAProject/ml/cracks-and-potholes-in-road-DatasetNinja/ds0/img/1085450_DF_080_080BDF0090_03642_RAW.jpg,/Users/anirudh/RoadConditionClassifier/FPGAProject/ml/preprocessed/grid_labels/1085450_DF_080_080BDF0090_03642_RAW.jpg.npy
/Users/anirudh/RoadConditionClassifier/FPGAProject/ml/cracks-and-potholes-in-road-DatasetNinja/ds0/img/1085451_DF_080_080BDF0090_03644_RAW.jpg,/Users/anirudh/RoadConditionClassifier/FPGAProject/ml/preprocessed/grid_labels/1085451_DF_080_080BDF0090_03644_RAW.jpg.npy
/Users/anirudh/RoadConditionClassifier/FPGAProject/ml/cracks-and-potholes-in-road-DatasetNinja/ds0/img/1089713_DF_070_070BDF0050_04713_RAW.jpg,/Users/anirudh/RoadConditionClassifier/FPGAProject/ml/preprocessed/grid_labels/1089713_DF_070_070BDF0050_04713_RAW.jpg.npy
/Users/anirudh/RoadConditionClassifier/FPGAProject/ml/cracks-and-potholes-in-road-DatasetNinja/ds0/img/1089879_DF_070_070BDF0050_05037_RAW.jpg,/Users/anirudh/RoadConditionClassifier/FPGAProject/ml/preprocessed/grid_labels/1089879_DF_070_070BDF0050_05037_RAW.jpg.npy
/Users/anirudh/RoadConditionClassifier/FPGAProject/ml/cracks-and-potholes-in-road-DatasetNinja/ds0/img/1090135_DF_070_070BDF0050_05559_RAW.jpg,/Users/anirudh/RoadConditionClassifier/FPGAProject/ml/preprocessed/grid_labels/1090135_DF_070_070BDF0050_05559_RAW.jpg.npy
/Users/anirudh/RoadConditionClassifier/FPGAProject/ml/cracks-and-potholes-in-road-DatasetNinja/ds0/img/1090136_DF_070_070BDF0050_05561_RAW.jpg,/Users/anirudh/RoadConditionClassifier/FPGAProject/ml/preprocessed/grid_labels/1090136_DF_070_070BDF0050_05561_RAW.jpg.npy
/Users/anirudh/RoadConditionClassifier/FPGAProject/ml/cracks-and-potholes-in-road-DatasetNinja/ds0/img/1090167_DF_070_070BDF0050_05616_RAW.jpg,/Users/anirudh/RoadConditionClassifier/FPGAProject/ml/preprocessed/grid_labels/1090167_DF_070_070BDF0050_05616_RAW.jpg.npy
/Users/anirudh/RoadConditionClassifier/FPGAProject/ml/cracks-and-potholes-in-road-DatasetNinja/ds0/img/1090172_DF_070_070BDF0050_05625_RAW.jpg,/Users/anirudh/RoadConditionClassifier/FPGAProject/ml/preprocessed/grid_labels/1090172_DF_070_070BDF0050_05625_RAW.jpg.npy
/Users/anirudh/RoadConditionClassifier/FPGAProject/ml/cracks-and-potholes-in-road-DatasetNinja/ds0/img/1090283_DF_070_070BDF0050_05829_RAW.jpg,/Users/anirudh/RoadConditionClassifier/FPGAProject/ml/preprocessed/grid_labels/1090283_DF_070_070BDF0050_05829_RAW.jpg.npy
/Users/anirudh/RoadConditionClassifier/FPGAProject/ml/cracks-and-potholes-in-road-DatasetNinja/ds0/img/1090284_DF_070_070BDF0050_05831_RAW.jpg,/Users/anirudh/RoadConditionClassifier/FPGAProject/ml/preprocessed/grid_labels/1090284_DF_070_070BDF0050_05831_RAW.jpg.npy
/Users/anirudh/RoadConditionClassifier/FPGAProject/ml/cracks-and-potholes-in-road-DatasetNinja/ds0/img/1090285_DF_070_070BDF0050_05833_RAW.jpg,/Users/anirudh/RoadConditionClassifier/FPGAProject/ml/preprocessed/grid_labels/1090285_DF_070_070BDF0050_05833_RAW.jpg.npy
/Users/anirudh/RoadConditionClassifier/FPGAProject/ml/cracks-and-potholes-in-road-DatasetNinja/ds0/img/1090286_DF_070_070BDF0050_05835_RAW.jpg,/Users/anirudh/RoadConditionClassifier/FPGAProject/ml/preprocessed/grid_labels/1090286_DF_070_070BDF0050_05835_RAW.jpg.npy
/Users/anirudh/RoadConditionClassifier/FPGAProject/ml/cracks-and-potholes-in-road-DatasetNinja/ds0/img/1090287_DF_070_070BDF0050_05837_RAW.jpg,/Users/anirudh/RoadConditionClassifier/FPGAProject/ml/preprocessed/grid_labels/1090287_DF_070_070BDF0050_05837_RAW.jpg.npy
/Users/anirudh/RoadConditionClassifier/FPGAProject/ml/cracks-and-potholes-in-road-DatasetNinja/ds0/img/1090288_DF_070_070BDF0050_05839_RAW.jpg,/Users/anirudh/RoadConditionClassifier/FPGAProject/ml/preprocessed/grid_labels/1090288_DF_070_070BDF0050_05839_RAW.jpg.npy
/Users/anirudh/RoadConditionClassifier/FPGAProject/ml/cracks-and-potholes-in-road-DatasetNinja/ds0/img/1090300_DF_070_070BDF0050_05861_RAW.jpg,/Users/anirudh/RoadConditionClassifier/FPGAProject/ml/preprocessed/grid_labels/1090300_DF_070_070BDF0050_05861_RAW.jpg.npy
/Users/anirudh/RoadConditionClassifier/FPGAProject/ml/cracks-and-potholes-in-road-DatasetNinja/ds0/img/1090501_DF_070_070BDF0050_06235_RAW.jpg,/Users/anirudh/RoadConditionClassifier/FPGAProject/ml/preprocessed/grid_labels/1090501_DF_070_070BDF0050_06235_RAW.jpg.npy
/Users/anirudh/RoadConditionClassifier/FPGAProject/ml/cracks-and-potholes-in-road-DatasetNinja/ds0/img/1090502_DF_070_070BDF0050_06236_RAW.jpg,/Users/anirudh/RoadConditionClassifier/FPGAProject/ml/preprocessed/grid_labels/1090502_DF_070_070BDF0050_06236_RAW.jpg.npy
/Users/anirudh/RoadConditionClassifier/FPGAProject/ml/cracks-and-potholes-in-road-DatasetNinja/ds0/img/1090503_DF_070_070BDF0050_06238_RAW.jpg,/Users/anirudh/RoadConditionClassifier/FPGAProject/ml/preprocessed/grid_labels/1090503_DF_070_070BDF0050_06238_RAW.jpg.npy
/Users/anirudh/RoadConditionClassifier/FPGAProject/ml/cracks-and-potholes-in-road-DatasetNinja/ds0/img/1090617_DF_070_070BDF0050_06453_RAW.jpg,/Users/anirudh/RoadConditionClassifier/FPGAProject/ml/preprocessed/grid_labels/1090617_DF_070_070BDF0050_06453_RAW.jpg.npy
/Users/anirudh/RoadConditionClassifier/FPGAProject/ml/cracks-and-potholes-in-road-DatasetNinja/ds0/img/1090732_DF_070_070BDF0050_06657_RAW.jpg,/Users/anirudh/RoadConditionClassifier/FPGAProject/ml/preprocessed/grid_labels/1090732_DF_070_070BDF0050_06657_RAW.jpg.npy
/Users/anirudh/RoadConditionClassifier/FPGAProject/ml/cracks-and-potholes-in-road-DatasetNinja/ds0/img/1090864_DF_070_070BDF0050_06899_RAW.jpg,/Users/anirudh/RoadConditionClassifier/FPGAProject/ml/preprocessed/grid_labels/1090864_DF_070_070BDF0050_06899_RAW.jpg.npy
/Users/anirudh/RoadConditionClassifier/FPGAProject/ml/cracks-and-potholes-in-road-DatasetNinja/ds0/img/1091094_DF_070_070BDF0050_07370_RAW.jpg,/Users/anirudh/RoadConditionClassifier/FPGAProject/ml/preprocessed/grid_labels/1091094_DF_070_070BDF0050_07370_RAW.jpg.npy
/Users/anirudh/RoadConditionClassifier/FPGAProject/ml/cracks-and-potholes-in-road-DatasetNinja/ds0/img/1091095_DF_070_070BDF0050_07372_RAW.jpg,/Users/anirudh/RoadConditionClassifier/FPGAProject/ml/preprocessed/grid_labels/1091095_DF_070_070BDF0050_07372_RAW.jpg.npy
/Users/anirudh/RoadConditionClassifier/FPGAProject/ml/cracks-and-potholes-in-road-DatasetNinja/ds0/img/1091170_DF_070_070BDF0050_07510_RAW.jpg,/Users/anirudh/RoadConditionClassifier/FPGAProject/ml/preprocessed/grid_labels/1091170_DF_070_070BDF0050_07510_RAW.jpg.npy
/Users/anirudh/RoadConditionClassifier/FPGAProject/ml/cracks-and-potholes-in-road-DatasetNinja/ds0/img/1091171_DF_070_070BDF0050_07512_RAW.jpg,/Users/anirudh/RoadConditionClassifier/FPGAProject/ml/preprocessed/grid_labels/1091171_DF_070_070BDF0050_07512_RAW.jpg.npy
/Users/anirudh/RoadConditionClassifier/FPGAProject/ml/cracks-and-potholes-in-road-DatasetNinja/ds0/img/1091172_DF_070_070BDF0050_07513_RAW.jpg,/Users/anirudh/RoadConditionClassifier/FPGAProject/ml/preprocessed/grid_labels/1091172_DF_070_070BDF0050_07513_RAW.jpg.npy
/Users/anirudh/RoadConditionClassifier/FPGAProject/ml/cracks-and-potholes-in-road-DatasetNinja/ds0/img/1091607_DF_251_251BDF0490_00579_RAW.jpg,/Users/anirudh/RoadConditionClassifier/FPGAProject/ml/preprocessed/grid_labels/1091607_DF_251_251BDF0490_00579_RAW.jpg.npy
/Users/anirudh/RoadConditionClassifier/FPGAProject/ml/cracks-and-potholes-in-road-DatasetNinja/ds0/img/1091608_DF_251_251BDF0490_00581_RAW.jpg,/Users/anirudh/RoadConditionClassifier/FPGAProject/ml/preprocessed/grid_labels/1091608_DF_251_251BDF0490_00581_RAW.jpg.npy
/Users/anirudh/RoadConditionClassifier/FPGAProject/ml/cracks-and-potholes-in-road-DatasetNinja/ds0/img/1091611_DF_251_251BDF0490_00586_RAW.jpg,/Users/anirudh/RoadConditionClassifier/FPGAProject/ml/preprocessed/grid_labels/1091611_DF_251_251BDF0490_00586_RAW.jpg.npy
/Users/anirudh/RoadConditionClassifier/FPGAProject/ml/cracks-and-potholes-in-road-DatasetNinja/ds0/img/1091612_DF_251_251BDF0490_00589_RAW.jpg,/Users/anirudh/RoadConditionClassifier/FPGAProject/ml/preprocessed/grid_labels/1091612_DF_251_251BDF0490_00589_RAW.jpg.npy
/Users/anirudh/RoadConditionClassifier/FPGAProject/ml/cracks-and-potholes-in-road-DatasetNinja/ds0/img/1091613_DF_251_251BDF0490_00590_RAW.jpg,/Users/anirudh/RoadConditionClassifier/FPGAProject/ml/preprocessed/grid_labels/1091613_DF_251_251BDF0490_00590_RAW.jpg.npy
/Users/anirudh/RoadConditionClassifier/FPGAProject/ml/cracks-and-potholes-in-road-DatasetNinja/ds0/img/1091614_DF_251_251BDF0490_00592_RAW.jpg,/Users/anirudh/RoadConditionClassifier/FPGAProject/ml/preprocessed/grid_labels/1091614_DF_251_251BDF0490_00592_RAW.jpg.npy
/Users/anirudh/RoadConditionClassifier/FPGAProject/ml/cracks-and-potholes-in-road-DatasetNinja/ds0/img/1091615_DF_251_251BDF0490_00594_RAW.jpg,/Users/anirudh/RoadConditionClassifier/FPGAProject/ml/preprocessed/grid_labels/1091615_DF_251_251BDF0490_00594_RAW.jpg.npy
/Users/anirudh/RoadConditionClassifier/FPGAProject/ml/cracks-and-potholes-in-road-DatasetNinja/ds0/img/1091616_DF_251_251BDF0490_00595_RAW.jpg,/Users/anirudh/RoadConditionClassifier/FPGAProject/ml/preprocessed/grid_labels/1091616_DF_251_251BDF0490_00595_RAW.jpg.npy
/Users/anirudh/RoadConditionClassifier/FPGAProject/ml/cracks-and-potholes-in-road-DatasetNinja/ds0/img/1091617_DF_251_251BDF0490_00597_RAW.jpg,/Users/anirudh/RoadConditionClassifier/FPGAProject/ml/preprocessed/grid_labels/1091617_DF_251_251BDF0490_00597_RAW.jpg.npy
/Users/anirudh/RoadConditionClassifier/FPGAProject/ml/cracks-and-potholes-in-road-DatasetNinja/ds0/img/1091618_DF_251_251BDF0490_00599_RAW.jpg,/Users/anirudh/RoadConditionClassifier/FPGAProject/ml/preprocessed/grid_labels/1091618_DF_251_251BDF0490_00599_RAW.jpg.npy
/Users/anirudh/RoadConditionClassifier/FPGAProject/ml/cracks-and-potholes-in-road-DatasetNinja/ds0/img/1091619_DF_251_251BDF0490_00601_RAW.jpg,/Users/anirudh/RoadConditionClassifier/FPGAProject/ml/preprocessed/grid_labels/1091619_DF_251_251BDF0490_00601_RAW.jpg.npy
/Users/anirudh/RoadConditionClassifier/FPGAProject/ml/cracks-and-potholes-in-road-DatasetNinja/ds0/img/1091620_DF_251_251BDF0490_00603_RAW.jpg,/Users/anirudh/RoadConditionClassifier/FPGAProject/ml/preprocessed/grid_labels/1091620_DF_251_251BDF0490_00603_RAW.jpg.npy
/Users/anirudh/RoadConditionClassifier/FPGAProject/ml/cracks-and-potholes-in-road-DatasetNinja/ds0/img/1091621_DF_251_251BDF0490_00604_RAW.jpg,/Users/anirudh/RoadConditionClassifier/FPGAProject/ml/preprocessed/grid_labels/1091621_DF_251_251BDF0490_00604_RAW.jpg.npy
/Users/anirudh/RoadConditionClassifier/FPGAProject/ml/cracks-and-potholes-in-road-DatasetNinja/ds0/img/1091622_DF_251_251BDF0490_00606_RAW.jpg,/Users/anirudh/RoadConditionClassifier/FPGAProject/ml/preprocessed/grid_labels/1091622_DF_251_251BDF0490_00606_RAW.jpg.npy
/Users/anirudh/RoadConditionClassifier/FPGAProject/ml/cracks-and-potholes-in-road-DatasetNinja/ds0/img/1091626_DF_251_251BDF0490_00613_RAW.jpg,/Users/anirudh/RoadConditionClassifier/FPGAProject/ml/preprocessed/grid_labels/1091626_DF_251_251BDF0490_00613_RAW.jpg.npy
/Users/anirudh/RoadConditionClassifier/FPGAProject/ml/cracks-and-potholes-in-road-DatasetNinja/ds0/img/1091633_DF_251_251BDF0490_00627_RAW.jpg,/Users/anirudh/RoadConditionClassifier/FPGAProject/ml/preprocessed/grid_labels/1091633_DF_251_251BDF0490_00627_RAW.jpg.npy
/Users/anirudh/RoadConditionClassifier/FPGAProject/ml/cracks-and-potholes-in-road-DatasetNinja/ds0/img/1091634_DF_251_251BDF0490_00628_RAW.jpg,/Users/anirudh/RoadConditionClassifier/FPGAProject/ml/preprocessed/grid_labels/1091634_DF_251_251BDF0490_00628_RAW.jpg.npy
/Users/anirudh/RoadConditionClassifier/FPGAProject/ml/cracks-and-potholes-in-road-DatasetNinja/ds0/img/1091646_DF_251_251BDF0490_00650_RAW.jpg,/Users/anirudh/RoadConditionClassifier/FPGAProject/ml/preprocessed/grid_labels/1091646_DF_251_251BDF0490_00650_RAW.jpg.npy
/Users/anirudh/RoadConditionClassifier/FPGAProject/ml/cracks-and-potholes-in-road-DatasetNinja/ds0/img/1091647_DF_251_251BDF0490_00652_RAW.jpg,/Users/anirudh/RoadConditionClassifier/FPGAProject/ml/preprocessed/grid_labels/1091647_DF_251_251BDF0490_00652_RAW.jpg.npy
/Users/anirudh/RoadConditionClassifier/FPGAProject/ml/cracks-and-potholes-in-road-DatasetNinja/ds0/img/1091666_DF_251_251BDF0490_00687_RAW.jpg,/Users/anirudh/RoadConditionClassifier/FPGAProject/ml/preprocessed/grid_labels/1091666_DF_251_251BDF0490_00687_RAW.jpg.npy
/Users/anirudh/RoadConditionClassifier/FPGAProject/ml/cracks-and-potholes-in-road-DatasetNinja/ds0/img/1091672_DF_251_251BDF0490_00698_RAW.jpg,/Users/anirudh/RoadConditionClassifier/FPGAProject/ml/preprocessed/grid_labels/1091672_DF_251_251BDF0490_00698_RAW.jpg.npy
/Users/anirudh/RoadConditionClassifier/FPGAProject/ml/cracks-and-potholes-in-road-DatasetNinja/ds0/img/1091673_DF_251_251BDF0490_00700_RAW.jpg,/Users/anirudh/RoadConditionClassifier/FPGAProject/ml/preprocessed/grid_labels/1091673_DF_251_251BDF0490_00700_RAW.jpg.npy
/Users/anirudh/RoadConditionClassifier/FPGAProject/ml/cracks-and-potholes-in-road-DatasetNinja/ds0/img/1091694_DF_251_251BDF0490_00742_RAW.jpg,/Users/anirudh/RoadConditionClassifier/FPGAProject/ml/preprocessed/grid_labels/1091694_DF_251_251BDF0490_00742_RAW.jpg.npy
/Users/anirudh/RoadConditionClassifier/FPGAProject/ml/cracks-and-potholes-in-road-DatasetNinja/ds0/img/1091695_DF_251_251BDF0490_00744_RAW.jpg,/Users/anirudh/RoadConditionClassifier/FPGAProject/ml/preprocessed/grid_labels/1091695_DF_251_251BDF0490_00744_RAW.jpg.npy
/Users/anirudh/RoadConditionClassifier/FPGAProject/ml/cracks-and-potholes-in-road-DatasetNinja/ds0/img/1091701_DF_251_251BDF0490_00756_RAW.jpg,/Users/anirudh/RoadConditionClassifier/FPGAProject/ml/preprocessed/grid_labels/1091701_DF_251_251BDF0490_00756_RAW.jpg.npy
/Users/anirudh/RoadConditionClassifier/FPGAProject/ml/cracks-and-potholes-in-road-DatasetNinja/ds0/img/1091702_DF_251_251BDF0490_00758_RAW.jpg,/Users/anirudh/RoadConditionClassifier/FPGAProject/ml/preprocessed/grid_labels/1091702_DF_251_251BDF0490_00758_RAW.jpg.npy
/Users/anirudh/RoadConditionClassifier/FPGAProject/ml/cracks-and-potholes-in-road-DatasetNinja/ds0/img/1091703_DF_251_251BDF0490_00760_RAW.jpg,/Users/anirudh/RoadConditionClassifier/FPGAProject/ml/preprocessed/grid_labels/1091703_DF_251_251BDF0490_00760_RAW.jpg.npy
/Users/anirudh/RoadConditionClassifier/FPGAProject/ml/cracks-and-potholes-in-road-DatasetNinja/ds0/img/1091704_DF_251_251BDF0490_00762_RAW.jpg,/Users/anirudh/RoadConditionClassifier/FPGAProject/ml/preprocessed/grid_labels/1091704_DF_251_251BDF0490_00762_RAW.jpg.npy
/Users/anirudh/RoadConditionClassifier/FPGAProject/ml/cracks-and-potholes-in-road-DatasetNinja/ds0/img/1091705_DF_251_251BDF0490_00764_RAW.jpg,/Users/anirudh/RoadConditionClassifier/FPGAProject/ml/preprocessed/grid_labels/1091705_DF_251_251BDF0490_00764_RAW.jpg.npy
/Users/anirudh/RoadConditionClassifier/FPGAProject/ml/cracks-and-potholes-in-road-DatasetNinja/ds0/img/1091706_DF_251_251BDF0490_00765_RAW.jpg,/Users/anirudh/RoadConditionClassifier/FPGAProject/ml/preprocessed/grid_labels/1091706_DF_251_251BDF0490_00765_RAW.jpg.npy
/Users/anirudh/RoadConditionClassifier/FPGAProject/ml/cracks-and-potholes-in-road-DatasetNinja/ds0/img/1091707_DF_251_251BDF0490_00767_RAW.jpg,/Users/anirudh/RoadConditionClassifier/FPGAProject/ml/preprocessed/grid_labels/1091707_DF_251_251BDF0490_00767_RAW.jpg.npy
/Users/anirudh/RoadConditionClassifier/FPGAProject/ml/cracks-and-potholes-in-road-DatasetNinja/ds0/img/1091708_DF_251_251BDF0490_00769_RAW.jpg,/Users/anirudh/RoadConditionClassifier/FPGAProject/ml/preprocessed/grid_labels/1091708_DF_251_251BDF0490_00769_RAW.jpg.npy
/Users/anirudh/RoadConditionClassifier/FPGAProject/ml/cracks-and-potholes-in-road-DatasetNinja/ds0/img/1091711_DF_251_251BDF0490_00774_RAW.jpg,/Users/anirudh/RoadConditionClassifier/FPGAProject/ml/preprocessed/grid_labels/1091711_DF_251_251BDF0490_00774_RAW.jpg.npy
/Users/anirudh/RoadConditionClassifier/FPGAProject/ml/cracks-and-potholes-in-road-DatasetNinja/ds0/img/1091712_DF_251_251BDF0490_00776_RAW.jpg,/Users/anirudh/RoadConditionClassifier/FPGAProject/ml/preprocessed/grid_labels/1091712_DF_251_251BDF0490_00776_RAW.jpg.npy
/Users/anirudh/RoadConditionClassifier/FPGAProject/ml/cracks-and-potholes-in-road-DatasetNinja/ds0/img/1091715_DF_251_251BDF0490_00782_RAW.jpg,/Users/anirudh/RoadConditionClassifier/FPGAProject/ml/preprocessed/grid_labels/1091715_DF_251_251BDF0490_00782_RAW.jpg.npy
/Users/anirudh/RoadConditionClassifier/FPGAProject/ml/cracks-and-potholes-in-road-DatasetNinja/ds0/img/1091716_DF_251_251BDF0490_00784_RAW.jpg,/Users/anirudh/RoadConditionClassifier/FPGAProject/ml/preprocessed/grid_labels/1091716_DF_251_251BDF0490_00784_RAW.jpg.npy
/Users/anirudh/RoadConditionClassifier/FPGAProject/ml/cracks-and-potholes-in-road-DatasetNinja/ds0/img/1091717_DF_251_251BDF0490_00786_RAW.jpg,/Users/anirudh/RoadConditionClassifier/FPGAProject/ml/preprocessed/grid_labels/1091717_DF_251_251BDF0490_00786_RAW.jpg.npy
/Users/anirudh/RoadConditionClassifier/FPGAProject/ml/cracks-and-potholes-in-road-DatasetNinja/ds0/img/1091718_DF_251_251BDF0490_00788_RAW.jpg,/Users/anirudh/RoadConditionClassifier/FPGAProject/ml/preprocessed/grid_labels/1091718_DF_251_251BDF0490_00788_RAW.jpg.npy
/Users/anirudh/RoadConditionClassifier/FPGAProject/ml/cracks-and-potholes-in-road-DatasetNinja/ds0/img/1091721_DF_251_251BDF0490_00794_RAW.jpg,/Users/anirudh/RoadConditionClassifier/FPGAProject/ml/preprocessed/grid_labels/1091721_DF_251_251BDF0490_00794_RAW.jpg.npy
/Users/anirudh/RoadConditionClassifier/FPGAProject/ml/cracks-and-potholes-in-road-DatasetNinja/ds0/img/1091722_DF_251_251BDF0490_00796_RAW.jpg,/Users/anirudh/RoadConditionClassifier/FPGAProject/ml/preprocessed/grid_labels/1091722_DF_251_251BDF0490_00796_RAW.jpg.npy
/Users/anirudh/RoadConditionClassifier/FPGAProject/ml/cracks-and-potholes-in-road-DatasetNinja/ds0/img/1091723_DF_251_251BDF0490_00797_RAW.jpg,/Users/anirudh/RoadConditionClassifier/FPGAProject/ml/preprocessed/grid_labels/1091723_DF_251_251BDF0490_00797_RAW.jpg.npy
/Users/anirudh/RoadConditionClassifier/FPGAProject/ml/cracks-and-potholes-in-road-DatasetNinja/ds0/img/1091724_DF_251_251BDF0490_00799_RAW.jpg,/Users/anirudh/RoadConditionClassifier/FPGAProject/ml/preprocessed/grid_labels/1091724_DF_251_251BDF0490_00799_RAW.jpg.npy
/Users/anirudh/RoadConditionClassifier/FPGAProject/ml/cracks-and-potholes-in-road-DatasetNinja/ds0/img/1091725_DF_251_251BDF0490_00801_RAW.jpg,/Users/anirudh/RoadConditionClassifier/FPGAProject/ml/preprocessed/grid_labels/1091725_DF_251_251BDF0490_00801_RAW.jpg.npy
/Users/anirudh/RoadConditionClassifier/FPGAProject/ml/cracks-and-potholes-in-road-DatasetNinja/ds0/img/1091726_DF_251_251BDF0490_00803_RAW.jpg,/Users/anirudh/RoadConditionClassifier/FPGAProject/ml/preprocessed/grid_labels/1091726_DF_251_251BDF0490_00803_RAW.jpg.npy
/Users/anirudh/RoadConditionClassifier/FPGAProject/ml/cracks-and-potholes-in-road-DatasetNinja/ds0/img/1091727_DF_251_251BDF0490_00805_RAW.jpg,/Users/anirudh/RoadConditionClassifier/FPGAProject/ml/preprocessed/grid_labels/1091727_DF_251_251BDF0490_00805_RAW.jpg.npy
/Users/anirudh/RoadConditionClassifier/FPGAProject/ml/cracks-and-potholes-in-road-DatasetNinja/ds0/img/1091729_DF_251_251BDF0490_00809_RAW.jpg,/Users/anirudh/RoadConditionClassifier/FPGAProject/ml/preprocessed/grid_labels/1091729_DF_251_251BDF0490_00809_RAW.jpg.npy
/Users/anirudh/RoadConditionClassifier/FPGAProject/ml/cracks-and-potholes-in-road-DatasetNinja/ds0/img/1091730_DF_251_251BDF0490_00811_RAW.jpg,/Users/anirudh/RoadConditionClassifier/FPGAProject/ml/preprocessed/grid_labels/1091730_DF_251_251BDF0490_00811_RAW.jpg.npy
/Users/anirudh/RoadConditionClassifier/FPGAProject/ml/cracks-and-potholes-in-road-DatasetNinja/ds0/img/1091731_DF_251_251BDF0490_00813_RAW.jpg,/Users/anirudh/RoadConditionClassifier/FPGAProject/ml/preprocessed/grid_labels/1091731_DF_251_251BDF0490_00813_RAW.jpg.npy
/Users/anirudh/RoadConditionClassifier/FPGAProject/ml/cracks-and-potholes-in-road-DatasetNinja/ds0/img/1091732_DF_251_251BDF0490_00815_RAW.jpg,/Users/anirudh/RoadConditionClassifier/FPGAProject/ml/preprocessed/grid_labels/1091732_DF_251_251BDF0490_00815_RAW.jpg.npy
/Users/anirudh/RoadConditionClassifier/FPGAProject/ml/cracks-and-potholes-in-road-DatasetNinja/ds0/img/1091733_DF_251_251BDF0490_00817_RAW.jpg,/Users/anirudh/RoadConditionClassifier/FPGAProject/ml/preprocessed/grid_labels/1091733_DF_251_251BDF0490_00817_RAW.jpg.npy
/Users/anirudh/RoadConditionClassifier/FPGAProject/ml/cracks-and-potholes-in-road-DatasetNinja/ds0/img/1091736_DF_251_251BDF0490_00822_RAW.jpg,/Users/anirudh/RoadConditionClassifier/FPGAProject/ml/preprocessed/grid_labels/1091736_DF_251_251BDF0490_00822_RAW.jpg.npy
/Users/anirudh/RoadConditionClassifier/FPGAProject/ml/cracks-and-potholes-in-road-DatasetNinja/ds0/img/1091738_DF_251_251BDF0490_00826_RAW.jpg,/Users/anirudh/RoadConditionClassifier/FPGAProject/ml/preprocessed/grid_labels/1091738_DF_251_251BDF0490_00826_RAW.jpg.npy
/Users/anirudh/RoadConditionClassifier/FPGAProject/ml/cracks-and-potholes-in-road-DatasetNinja/ds0/img/1091739_DF_251_251BDF0490_00828_RAW.jpg,/Users/anirudh/RoadConditionClassifier/FPGAProject/ml/preprocessed/grid_labels/1091739_DF_251_251BDF0490_00828_RAW.jpg.npy
/Users/anirudh/RoadConditionClassifier/FPGAProject/ml/cracks-and-potholes-in-road-DatasetNinja/ds0/img/1091743_DF_251_251BDF0490_00836_RAW.jpg,/Users/anirudh/RoadConditionClassifier/FPGAProject/ml/preprocessed/grid_labels/1091743_DF_251_251BDF0490_00836_RAW.jpg.npy
/Users/anirudh/RoadConditionClassifier/FPGAProject/ml/cracks-and-potholes-in-road-DatasetNinja/ds0/img/1091744_DF_251_251BDF0490_00838_RAW.jpg,/Users/anirudh/RoadConditionClassifier/FPGAProject/ml/preprocessed/grid_labels/1091744_DF_251_251BDF0490_00838_RAW.jpg.npy
/Users/anirudh/RoadConditionClassifier/FPGAProject/ml/cracks-and-potholes-in-road-DatasetNinja/ds0/img/1091745_DF_251_251BDF0490_00840_RAW.jpg,/Users/anirudh/RoadConditionClassifier/FPGAProject/ml/preprocessed/grid_labels/1091745_DF_251_251BDF0490_00840_RAW.jpg.npy
/Users/anirudh/RoadConditionClassifier/FPGAProject/ml/cracks-and-potholes-in-road-DatasetNinja/ds0/img/1091746_DF_251_251BDF0490_00842_RAW.jpg,/Users/anirudh/RoadConditionClassifier/FPGAProject/ml/preprocessed/grid_labels/1091746_DF_251_251BDF0490_00842_RAW.jpg.npy
/Users/anirudh/RoadConditionClassifier/FPGAProject/ml/cracks-and-potholes-in-road-DatasetNinja/ds0/img/1091747_DF_251_251BDF0490_00844_RAW.jpg,/Users/anirudh/RoadConditionClassifier/FPGAProject/ml/preprocessed/grid_labels/1091747_DF_251_251BDF0490_00844_RAW.jpg.npy
/Users/anirudh/RoadConditionClassifier/FPGAProject/ml/cracks-and-potholes-in-road-DatasetNinja/ds0/img/1091748_DF_251_251BDF0490_00846_RAW.jpg,/Users/anirudh/RoadConditionClassifier/FPGAProject/ml/preprocessed/grid_labels/1091748_DF_251_251BDF0490_00846_RAW.jpg.npy
/Users/anirudh/RoadConditionClassifier/FPGAProject/ml/cracks-and-potholes-in-road-DatasetNinja/ds0/img/1091749_DF_251_251BDF0490_00848_RAW.jpg,/Users/anirudh/RoadConditionClassifier/FPGAProject/ml/preprocessed/grid_labels/1091749_DF_251_251BDF0490_00848_RAW.jpg.npy
/Users/anirudh/RoadConditionClassifier/FPGAProject/ml/cracks-and-potholes-in-road-DatasetNinja/ds0/img/1091750_DF_251_251BDF0490_00850_RAW.jpg,/Users/anirudh/RoadConditionClassifier/FPGAProject/ml/preprocessed/grid_labels/1091750_DF_251_251BDF0490_00850_RAW.jpg.npy
/Users/anirudh/RoadConditionClassifier/FPGAProject/ml/cracks-and-potholes-in-road-DatasetNinja/ds0/img/1091751_DF_251_251BDF0490_00851_RAW.jpg,/Users/anirudh/RoadConditionClassifier/FPGAProject/ml/preprocessed/grid_labels/1091751_DF_251_251BDF0490_00851_RAW.jpg.npy
/Users/anirudh/RoadConditionClassifier/FPGAProject/ml/cracks-and-potholes-in-road-DatasetNinja/ds0/img/1091752_DF_251_251BDF0490_00854_RAW.jpg,/Users/anirudh/RoadConditionClassifier/FPGAProject/ml/preprocessed/grid_labels/1091752_DF_251_251BDF0490_00854_RAW.jpg.npy
/Users/anirudh/RoadConditionClassifier/FPGAProject/ml/cracks-and-potholes-in-road-DatasetNinja/ds0/img/1091753_DF_251_251BDF0490_00855_RAW.jpg,/Users/anirudh/RoadConditionClassifier/FPGAProject/ml/preprocessed/grid_labels/1091753_DF_251_251BDF0490_00855_RAW.jpg.npy
/Users/anirudh/RoadConditionClassifier/FPGAProject/ml/cracks-and-potholes-in-road-DatasetNinja/ds0/img/1091754_DF_251_251BDF0490_00857_RAW.jpg,/Users/anirudh/RoadConditionClassifier/FPGAProject/ml/preprocessed/grid_labels/1091754_DF_251_251BDF0490_00857_RAW.jpg.npy
/Users/anirudh/RoadConditionClassifier/FPGAProject/ml/cracks-and-potholes-in-road-DatasetNinja/ds0/img/1091755_DF_251_251BDF0490_00859_RAW.jpg,/Users/anirudh/RoadConditionClassifier/FPGAProject/ml/preprocessed/grid_labels/1091755_DF_251_251BDF0490_00859_RAW.jpg.npy
/Users/anirudh/RoadConditionClassifier/FPGAProject/ml/cracks-and-potholes-in-road-DatasetNinja/ds0/img/1091756_DF_251_251BDF0490_00861_RAW.jpg,/Users/anirudh/RoadConditionClassifier/FPGAProject/ml/preprocessed/grid_labels/1091756_DF_251_251BDF0490_00861_RAW.jpg.npy
/Users/anirudh/RoadConditionClassifier/FPGAProject/ml/cracks-and-potholes-in-road-DatasetNinja/ds0/img/1091762_DF_251_251BDF0490_00872_RAW.jpg,/Users/anirudh/RoadConditionClassifier/FPGAProject/ml/preprocessed/grid_labels/1091762_DF_251_251BDF0490_00872_RAW.jpg.npy
/Users/anirudh/RoadConditionClassifier/FPGAProject/ml/cracks-and-potholes-in-road-DatasetNinja/ds0/img/1091763_DF_251_251BDF0490_00874_RAW.jpg,/Users/anirudh/RoadConditionClassifier/FPGAProject/ml/preprocessed/grid_labels/1091763_DF_251_251BDF0490_00874_RAW.jpg.npy
/Users/anirudh/RoadConditionClassifier/FPGAProject/ml/cracks-and-potholes-in-road-DatasetNinja/ds0/img/1091769_DF_251_251BDF0490_00884_RAW.jpg,/Users/anirudh/RoadConditionClassifier/FPGAProject/ml/preprocessed/grid_labels/1091769_DF_251_251BDF0490_00884_RAW.jpg.npy
/Users/anirudh/RoadConditionClassifier/FPGAProject/ml/cracks-and-potholes-in-road-DatasetNinja/ds0/img/1091773_DF_251_251BDF0490_00892_RAW.jpg,/Users/anirudh/RoadConditionClassifier/FPGAProject/ml/preprocessed/grid_labels/1091773_DF_251_251BDF0490_00892_RAW.jpg.npy
/Users/anirudh/RoadConditionClassifier/FPGAProject/ml/cracks-and-potholes-in-road-DatasetNinja/ds0/img/1091774_DF_251_251BDF0490_00893_RAW.jpg,/Users/anirudh/RoadConditionClassifier/FPGAProject/ml/preprocessed/grid_labels/1091774_DF_251_251BDF0490_00893_RAW.jpg.npy
/Users/anirudh/RoadConditionClassifier/FPGAProject/ml/cracks-and-potholes-in-road-DatasetNinja/ds0/img/1091775_DF_251_251BDF0490_00895_RAW.jpg,/Users/anirudh/RoadConditionClassifier/FPGAProject/ml/preprocessed/grid_labels/1091775_DF_251_251BDF0490_00895_RAW.jpg.npy
/Users/anirudh/RoadConditionClassifier/FPGAProject/ml/cracks-and-potholes-in-road-DatasetNinja/ds0/img/1091777_DF_251_251BDF0490_00899_RAW.jpg,/Users/anirudh/RoadConditionClassifier/FPGAProject/ml/preprocessed/grid_labels/1091777_DF_251_251BDF0490_00899_RAW.jpg.npy
/Users/anirudh/RoadConditionClassifier/FPGAProject/ml/cracks-and-potholes-in-road-DatasetNinja/ds0/img/1091778_DF_251_251BDF0490_00901_RAW.jpg,/Users/anirudh/RoadConditionClassifier/FPGAProject/ml/preprocessed/grid_labels/1091778_DF_251_251BDF0490_00901_RAW.jpg.npy
/Users/anirudh/RoadConditionClassifier/FPGAProject/ml/cracks-and-potholes-in-road-DatasetNinja/ds0/img/1091781_DF_251_251BDF0490_00907_RAW.jpg,/Users/anirudh/RoadConditionClassifier/FPGAProject/ml/preprocessed/grid_labels/1091781_DF_251_251BDF0490_00907_RAW.jpg.npy
/Users/anirudh/RoadConditionClassifier/FPGAProject/ml/cracks-and-potholes-in-road-DatasetNinja/ds0/img/1091782_DF_251_251BDF0490_00910_RAW.jpg,/Users/anirudh/RoadConditionClassifier/FPGAProject/ml/preprocessed/grid_labels/1091782_DF_251_251BDF0490_00910_RAW.jpg.npy
/Users/anirudh/RoadConditionClassifier/FPGAProject/ml/cracks-and-potholes-in-road-DatasetNinja/ds0/img/1091783_DF_251_251BDF0490_00911_RAW.jpg,/Users/anirudh/RoadConditionClassifier/FPGAProject/ml/preprocessed/grid_labels/1091783_DF_251_251BDF0490_00911_RAW.jpg.npy
/Users/anirudh/RoadConditionClassifier/FPGAProject/ml/cracks-and-potholes-in-road-DatasetNinja/ds0/img/1091787_DF_251_251BDF0490_00919_RAW.jpg,/Users/anirudh/RoadConditionClassifier/FPGAProject/ml/preprocessed/grid_labels/1091787_DF_251_251BDF0490_00919_RAW.jpg.npy
/Users/anirudh/RoadConditionClassifier/FPGAProject/ml/cracks-and-potholes-in-road-DatasetNinja/ds0/img/1091788_DF_251_251BDF0490_00921_RAW.jpg,/Users/anirudh/RoadConditionClassifier/FPGAProject/ml/preprocessed/grid_labels/1091788_DF_251_251BDF0490_00921_RAW.jpg.npy
/Users/anirudh/RoadConditionClassifier/FPGAProject/ml/cracks-and-potholes-in-road-DatasetNinja/ds0/img/1091803_DF_251_251BDF0490_00949_RAW.jpg,/Users/anirudh/RoadConditionClassifier/FPGAProject/ml/preprocessed/grid_labels/1091803_DF_251_251BDF0490_00949_RAW.jpg.npy
/Users/anirudh/RoadConditionClassifier/FPGAProject/ml/cracks-and-potholes-in-road-DatasetNinja/ds0/img/1091804_DF_251_251BDF0490_00951_RAW.jpg,/Users/anirudh/RoadConditionClassifier/FPGAProject/ml/preprocessed/grid_labels/1091804_DF_251_251BDF0490_00951_RAW.jpg.npy
/Users/anirudh/RoadConditionClassifier/FPGAProject/ml/cracks-and-potholes-in-road-DatasetNinja/ds0/img/1091808_DF_251_251BDF0490_00958_RAW.jpg,/Users/anirudh/RoadConditionClassifier/FPGAProject/ml/preprocessed/grid_labels/1091808_DF_251_251BDF0490_00958_RAW.jpg.npy
/Users/anirudh/RoadConditionClassifier/FPGAProject/ml/cracks-and-potholes-in-road-DatasetNinja/ds0/img/1091809_DF_251_251BDF0490_00960_RAW.jpg,/Users/anirudh/RoadConditionClassifier/FPGAProject/ml/preprocessed/grid_labels/1091809_DF_251_251BDF0490_00960_RAW.jpg.npy
/Users/anirudh/RoadConditionClassifier/FPGAProject/ml/cracks-and-potholes-in-road-DatasetNinja/ds0/img/1091810_DF_251_251BDF0490_00962_RAW.jpg,/Users/anirudh/RoadConditionClassifier/FPGAProject/ml/preprocessed/grid_labels/1091810_DF_251_251BDF0490_00962_RAW.jpg.npy
/Users/anirudh/RoadConditionClassifier/FPGAProject/ml/cracks-and-potholes-in-road-DatasetNinja/ds0/img/1091811_DF_251_251BDF0490_00963_RAW.jpg,/Users/anirudh/RoadConditionClassifier/FPGAProject/ml/preprocessed/grid_labels/1091811_DF_251_251BDF0490_00963_RAW.jpg.npy
/Users/anirudh/RoadConditionClassifier/FPGAProject/ml/cracks-and-potholes-in-road-DatasetNinja/ds0/img/1091812_DF_251_251BDF0490_00966_RAW.jpg,/Users/anirudh/RoadConditionClassifier/FPGAProject/ml/preprocessed/grid_labels/1091812_DF_251_251BDF0490_00966_RAW.jpg.npy
/Users/anirudh/RoadConditionClassifier/FPGAProject/ml/cracks-and-potholes-in-road-DatasetNinja/ds0/img/1091813_DF_251_251BDF0490_00968_RAW.jpg,/Users/anirudh/RoadConditionClassifier/FPGAProject/ml/preprocessed/grid_labels/1091813_DF_251_251BDF0490_00968_RAW.jpg.npy
/Users/anirudh/RoadConditionClassifier/FPGAProject/ml/cracks-and-potholes-in-road-DatasetNinja/ds0/img/1091814_DF_251_251BDF0490_00970_RAW.jpg,/Users/anirudh/RoadConditionClassifier/FPGAProject/ml/preprocessed/grid_labels/1091814_DF_251_251BDF0490_00970_RAW.jpg.npy
/Users/anirudh/RoadConditionClassifier/FPGAProject/ml/cracks-and-potholes-in-road-DatasetNinja/ds0/img/1091815_DF_251_251BDF0490_00971_RAW.jpg,/Users/anirudh/RoadConditionClassifier/FPGAProject/ml/preprocessed/grid_labels/1091815_DF_251_251BDF0490_00971_RAW.jpg.npy
/Users/anirudh/RoadConditionClassifier/FPGAProject/ml/cracks-and-potholes-in-road-DatasetNinja/ds0/img/1091819_DF_251_251BDF0490_00979_RAW.jpg,/Users/anirudh/RoadConditionClassifier/FPGAProject/ml/preprocessed/grid_labels/1091819_DF_251_251BDF0490_00979_RAW.jpg.npy
/Users/anirudh/RoadConditionClassifier/FPGAProject/ml/cracks-and-potholes-in-road-DatasetNinja/ds0/img/1091820_DF_251_251BDF0490_00981_RAW.jpg,/Users/anirudh/RoadConditionClassifier/FPGAProject/ml/preprocessed/grid_labels/1091820_DF_251_251BDF0490_00981_RAW.jpg.npy
/Users/anirudh/RoadConditionClassifier/FPGAProject/ml/cracks-and-potholes-in-road-DatasetNinja/ds0/img/1091828_DF_251_251BDF0490_00995_RAW.jpg,/Users/anirudh/RoadConditionClassifier/FPGAProject/ml/preprocessed/grid_labels/1091828_DF_251_251BDF0490_00995_RAW.jpg.npy
/Users/anirudh/RoadConditionClassifier/FPGAProject/ml/cracks-and-potholes-in-road-DatasetNinja/ds0/img/1091829_DF_251_251BDF0490_00997_RAW.jpg,/Users/anirudh/RoadConditionClassifier/FPGAProject/ml/preprocessed/grid_labels/1091829_DF_251_251BDF0490_00997_RAW.jpg.npy
/Users/anirudh/RoadConditionClassifier/FPGAProject/ml/cracks-and-potholes-in-road-DatasetNinja/ds0/img/1091831_DF_251_251BDF0490_01002_RAW.jpg,/Users/anirudh/RoadConditionClassifier/FPGAProject/ml/preprocessed/grid_labels/1091831_DF_251_251BDF0490_01002_RAW.jpg.npy
/Users/anirudh/RoadConditionClassifier/FPGAProject/ml/cracks-and-potholes-in-road-DatasetNinja/ds0/img/1091835_DF_251_251BDF0490_01010_RAW.jpg,/Users/anirudh/RoadConditionClassifier/FPGAProject/ml/preprocessed/grid_labels/1091835_DF_251_251BDF0490_01010_RAW.jpg.npy
/Users/anirudh/RoadConditionClassifier/FPGAProject/ml/cracks-and-potholes-in-road-DatasetNinja/ds0/img/1091838_DF_251_251BDF0490_01016_RAW.jpg,/Users/anirudh/RoadConditionClassifier/FPGAProject/ml/preprocessed/grid_labels/1091838_DF_251_251BDF0490_01016_RAW.jpg.npy
/Users/anirudh/RoadConditionClassifier/FPGAProject/ml/cracks-and-potholes-in-road-DatasetNinja/ds0/img/1091844_DF_251_251BDF0490_01027_RAW.jpg,/Users/anirudh/RoadConditionClassifier/FPGAProject/ml/preprocessed/grid_labels/1091844_DF_251_251BDF0490_01027_RAW.jpg.npy
/Users/anirudh/RoadConditionClassifier/FPGAProject/ml/cracks-and-potholes-in-road-DatasetNinja/ds0/img/1091845_DF_251_251BDF0490_01029_RAW.jpg,/Users/anirudh/RoadConditionClassifier/FPGAProject/ml/preprocessed/grid_labels/1091845_DF_251_251BDF0490_01029_RAW.jpg.npy
/Users/anirudh/RoadConditionClassifier/FPGAProject/ml/cracks-and-potholes-in-road-DatasetNinja/ds0/img/1091851_DF_251_251BDF0490_01040_RAW.jpg,/Users/anirudh/RoadConditionClassifier/FPGAProject/ml/preprocessed/grid_labels/1091851_DF_251_251BDF0490_01040_RAW.jpg.npy
/Users/anirudh/RoadConditionClassifier/FPGAProject/ml/cracks-and-potholes-in-road-DatasetNinja/ds0/img/1091863_DF_251_251BDF0490_01063_RAW.jpg,/Users/anirudh/RoadConditionClassifier/FPGAProject/ml/preprocessed/grid_labels/1091863_DF_251_251BDF0490_01063_RAW.jpg.npy
/Users/anirudh/RoadConditionClassifier/FPGAProject/ml/cracks-and-potholes-in-road-DatasetNinja/ds0/img/1091864_DF_251_251BDF0490_01064_RAW.jpg,/Users/anirudh/RoadConditionClassifier/FPGAProject/ml/preprocessed/grid_labels/1091864_DF_251_251BDF0490_01064_RAW.jpg.npy
/Users/anirudh/RoadConditionClassifier/FPGAProject/ml/cracks-and-potholes-in-road-DatasetNinja/ds0/img/1091866_DF_251_251BDF0490_01069_RAW.jpg,/Users/anirudh/RoadConditionClassifier/FPGAProject/ml/preprocessed/grid_labels/1091866_DF_251_251BDF0490_01069_RAW.jpg.npy
/Users/anirudh/RoadConditionClassifier/FPGAProject/ml/cracks-and-potholes-in-road-DatasetNinja/ds0/img/1091869_DF_251_251BDF0490_01075_RAW.jpg,/Users/anirudh/RoadConditionClassifier/FPGAProject/ml/preprocessed/grid_labels/1091869_DF_251_251BDF0490_01075_RAW.jpg.npy
/Users/anirudh/RoadConditionClassifier/FPGAProject/ml/cracks-and-potholes-in-road-DatasetNinja/ds0/img/1091870_DF_251_251BDF0490_01076_RAW.jpg,/Users/anirudh/RoadConditionClassifier/FPGAProject/ml/preprocessed/grid_labels/1091870_DF_251_251BDF0490_01076_RAW.jpg.npy
/Users/anirudh/RoadConditionClassifier/FPGAProject/ml/cracks-and-potholes-in-road-DatasetNinja/ds0/img/1091871_DF_251_251BDF0490_01078_RAW.jpg,/Users/anirudh/RoadConditionClassifier/FPGAProject/ml/preprocessed/grid_labels/1091871_DF_251_251BDF0490_01078_RAW.jpg.npy
/Users/anirudh/RoadConditionClassifier/FPGAProject/ml/cracks-and-potholes-in-road-DatasetNinja/ds0/img/1091872_DF_251_251BDF0490_01080_RAW.jpg,/Users/anirudh/RoadConditionClassifier/FPGAProject/ml/preprocessed/grid_labels/1091872_DF_251_251BDF0490_01080_RAW.jpg.npy
/Users/anirudh/RoadConditionClassifier/FPGAProject/ml/cracks-and-potholes-in-road-DatasetNinja/ds0/img/1091873_DF_251_251BDF0490_01082_RAW.jpg,/Users/anirudh/RoadConditionClassifier/FPGAProject/ml/preprocessed/grid_labels/1091873_DF_251_251BDF0490_01082_RAW.jpg.npy
/Users/anirudh/RoadConditionClassifier/FPGAProject/ml/cracks-and-potholes-in-road-DatasetNinja/ds0/img/1091874_DF_251_251BDF0490_01084_RAW.jpg,/Users/anirudh/RoadConditionClassifier/FPGAProject/ml/preprocessed/grid_labels/1091874_DF_251_251BDF0490_01084_RAW.jpg.npy
/Users/anirudh/RoadConditionClassifier/FPGAProject/ml/cracks-and-potholes-in-road-DatasetNinja/ds0/img/1091882_DF_251_251BDF0490_01100_RAW.jpg,/Users/anirudh/RoadConditionClassifier/FPGAProject/ml/preprocessed/grid_labels/1091882_DF_251_251BDF0490_01100_RAW.jpg.npy
/Users/anirudh/RoadConditionClassifier/FPGAProject/ml/cracks-and-potholes-in-road-DatasetNinja/ds0/img/1091883_DF_251_251BDF0490_01101_RAW.jpg,/Users/anirudh/RoadConditionClassifier/FPGAProject/ml/preprocessed/grid_labels/1091883_DF_251_251BDF0490_01101_RAW.jpg.npy
/Users/anirudh/RoadConditionClassifier/FPGAProject/ml/cracks-and-potholes-in-road-DatasetNinja/ds0/img/1091884_DF_251_251BDF0490_01104_RAW.jpg,/Users/anirudh/RoadConditionClassifier/FPGAProject/ml/preprocessed/grid_labels/1091884_DF_251_251BDF0490_01104_RAW.jpg.npy
/Users/anirudh/RoadConditionClassifier/FPGAProject/ml/cracks-and-potholes-in-road-DatasetNinja/ds0/img/1091885_DF_251_251BDF0490_01105_RAW.jpg,/Users/anirudh/RoadConditionClassifier/FPGAProject/ml/preprocessed/grid_labels/1091885_DF_251_251BDF0490_01105_RAW.jpg.npy
/Users/anirudh/RoadConditionClassifier/FPGAProject/ml/cracks-and-potholes-in-road-DatasetNinja/ds0/img/1091886_DF_251_251BDF0490_01107_RAW.jpg,/Users/anirudh/RoadConditionClassifier/FPGAProject/ml/preprocessed/grid_labels/1091886_DF_251_251BDF0490_01107_RAW.jpg.npy
/Users/anirudh/RoadConditionClassifier/FPGAProject/ml/cracks-and-potholes-in-road-DatasetNinja/ds0/img/1091888_DF_251_251BDF0490_01111_RAW.jpg,/Users/anirudh/RoadConditionClassifier/FPGAProject/ml/preprocessed/grid_labels/1091888_DF_251_251BDF0490_01111_RAW.jpg.npy
/Users/anirudh/RoadConditionClassifier/FPGAProject/ml/cracks-and-potholes-in-road-DatasetNinja/ds0/img/1091889_DF_251_251BDF0490_01113_RAW.jpg,/Users/anirudh/RoadConditionClassifier/FPGAProject/ml/preprocessed/grid_labels/1091889_DF_251_251BDF0490_01113_RAW.jpg.npy
/Users/anirudh/RoadConditionClassifier/FPGAProject/ml/cracks-and-potholes-in-road-DatasetNinja/ds0/img/1091890_DF_251_251BDF0490_01115_RAW.jpg,/Users/anirudh/RoadConditionClassifier/FPGAProject/ml/preprocessed/grid_labels/1091890_DF_251_251BDF0490_01115_RAW.jpg.npy
/Users/anirudh/RoadConditionClassifier/FPGAProject/ml/cracks-and-potholes-in-road-DatasetNinja/ds0/img/1091901_DF_251_251BDF0490_01135_RAW.jpg,/Users/anirudh/RoadConditionClassifier/FPGAProject/ml/preprocessed/grid_labels/1091901_DF_251_251BDF0490_01135_RAW.jpg.npy
/Users/anirudh/RoadConditionClassifier/FPGAProject/ml/cracks-and-potholes-in-road-DatasetNinja/ds0/img/1091908_DF_251_251BDF0490_01148_RAW.jpg,/Users/anirudh/RoadConditionClassifier/FPGAProject/ml/preprocessed/grid_labels/1091908_DF_251_251BDF0490_01148_RAW.jpg.npy
/Users/anirudh/RoadConditionClassifier/FPGAProject/ml/cracks-and-potholes-in-road-DatasetNinja/ds0/img/1091912_DF_251_251BDF0490_01156_RAW.jpg,/Users/anirudh/RoadConditionClassifier/FPGAProject/ml/preprocessed/grid_labels/1091912_DF_251_251BDF0490_01156_RAW.jpg.npy
/Users/anirudh/RoadConditionClassifier/FPGAProject/ml/cracks-and-potholes-in-road-DatasetNinja/ds0/img/1091913_DF_251_251BDF0490_01158_RAW.jpg,/Users/anirudh/RoadConditionClassifier/FPGAProject/ml/preprocessed/grid_labels/1091913_DF_251_251BDF0490_01158_RAW.jpg.npy
/Users/anirudh/RoadConditionClassifier/FPGAProject/ml/cracks-and-potholes-in-road-DatasetNinja/ds0/img/1091915_DF_251_251BDF0490_01162_RAW.jpg,/Users/anirudh/RoadConditionClassifier/FPGAProject/ml/preprocessed/grid_labels/1091915_DF_251_251BDF0490_01162_RAW.jpg.npy
/Users/anirudh/RoadConditionClassifier/FPGAProject/ml/cracks-and-potholes-in-road-DatasetNinja/ds0/img/1091917_DF_251_251BDF0490_01166_RAW.jpg,/Users/anirudh/RoadConditionClassifier/FPGAProject/ml/preprocessed/grid_labels/1091917_DF_251_251BDF0490_01166_RAW.jpg.npy
/Users/anirudh/RoadConditionClassifier/FPGAProject/ml/cracks-and-potholes-in-road-DatasetNinja/ds0/img/1091921_DF_251_251BDF0490_01174_RAW.jpg,/Users/anirudh/RoadConditionClassifier/FPGAProject/ml/preprocessed/grid_labels/1091921_DF_251_251BDF0490_01174_RAW.jpg.npy
/Users/anirudh/RoadConditionClassifier/FPGAProject/ml/cracks-and-potholes-in-road-DatasetNinja/ds0/img/1091923_DF_251_251BDF0490_01177_RAW.jpg,/Users/anirudh/RoadConditionClassifier/FPGAProject/ml/preprocessed/grid_labels/1091923_DF_251_251BDF0490_01177_RAW.jpg.npy
/Users/anirudh/RoadConditionClassifier/FPGAProject/ml/cracks-and-potholes-in-road-DatasetNinja/ds0/img/1091927_DF_251_251BDF0490_01185_RAW.jpg,/Users/anirudh/RoadConditionClassifier/FPGAProject/ml/preprocessed/grid_labels/1091927_DF_251_251BDF0490_01185_RAW.jpg.npy
/Users/anirudh/RoadConditionClassifier/FPGAProject/ml/cracks-and-potholes-in-road-DatasetNinja/ds0/img/1091928_DF_251_251BDF0490_01187_RAW.jpg,/Users/anirudh/RoadConditionClassifier/FPGAProject/ml/preprocessed/grid_labels/1091928_DF_251_251BDF0490_01187_RAW.jpg.npy
/Users/anirudh/RoadConditionClassifier/FPGAProject/ml/cracks-and-potholes-in-road-DatasetNinja/ds0/img/1091929_DF_251_251BDF0490_01189_RAW.jpg,/Users/anirudh/RoadConditionClassifier/FPGAProject/ml/preprocessed/grid_labels/1091929_DF_251_251BDF0490_01189_RAW.jpg.npy
/Users/anirudh/RoadConditionClassifier/FPGAProject/ml/cracks-and-potholes-in-road-DatasetNinja/ds0/img/1091930_DF_251_251BDF0490_01191_RAW.jpg,/Users/anirudh/RoadConditionClassifier/FPGAProject/ml/preprocessed/grid_labels/1091930_DF_251_251BDF0490_01191_RAW.jpg.npy
/Users/anirudh/RoadConditionClassifier/FPGAProject/ml/cracks-and-potholes-in-road-DatasetNinja/ds0/img/1091931_DF_251_251BDF0490_01193_RAW.jpg,/Users/anirudh/RoadConditionClassifier/FPGAProject/ml/preprocessed/grid_labels/1091931_DF_251_251BDF0490_01193_RAW.jpg.npy
/Users/anirudh/RoadConditionClassifier/FPGAProject/ml/cracks-and-potholes-in-road-DatasetNinja/ds0/img/1091932_DF_251_251BDF0490_01195_RAW.jpg,/Users/anirudh/RoadConditionClassifier/FPGAProject/ml/preprocessed/grid_labels/1091932_DF_251_251BDF0490_01195_RAW.jpg.npy
/Users/anirudh/RoadConditionClassifier/FPGAProject/ml/cracks-and-potholes-in-road-DatasetNinja/ds0/img/1091933_DF_251_251BDF0490_01197_RAW.jpg,/Users/anirudh/RoadConditionClassifier/FPGAProject/ml/preprocessed/grid_labels/1091933_DF_251_251BDF0490_01197_RAW.jpg.npy
/Users/anirudh/RoadConditionClassifier/FPGAProject/ml/cracks-and-potholes-in-road-DatasetNinja/ds0/img/1091934_DF_251_251BDF0490_01198_RAW.jpg,/Users/anirudh/RoadConditionClassifier/FPGAProject/ml/preprocessed/grid_labels/1091934_DF_251_251BDF0490_01198_RAW.jpg.npy
/Users/anirudh/RoadConditionClassifier/FPGAProject/ml/cracks-and-potholes-in-road-DatasetNinja/ds0/img/1091935_DF_251_251BDF0490_01200_RAW.jpg,/Users/anirudh/RoadConditionClassifier/FPGAProject/ml/preprocessed/grid_labels/1091935_DF_251_251BDF0490_01200_RAW.jpg.npy
/Users/anirudh/RoadConditionClassifier/FPGAProject/ml/cracks-and-potholes-in-road-DatasetNinja/ds0/img/1091936_DF_251_251BDF0490_01202_RAW.jpg,/Users/anirudh/RoadConditionClassifier/FPGAProject/ml/preprocessed/grid_labels/1091936_DF_251_251BDF0490_01202_RAW.jpg.npy
/Users/anirudh/RoadConditionClassifier/FPGAProject/ml/cracks-and-potholes-in-road-DatasetNinja/ds0/img/1091937_DF_251_251BDF0490_01204_RAW.jpg,/Users/anirudh/RoadConditionClassifier/FPGAProject/ml/preprocessed/grid_labels/1091937_DF_251_251BDF0490_01204_RAW.jpg.npy
/Users/anirudh/RoadConditionClassifier/FPGAProject/ml/cracks-and-potholes-in-road-DatasetNinja/ds0/img/1091945_DF_251_251BDF0490_01219_RAW.jpg,/Users/anirudh/RoadConditionClassifier/FPGAProject/ml/preprocessed/grid_labels/1091945_DF_251_251BDF0490_01219_RAW.jpg.npy
/Users/anirudh/RoadConditionClassifier/FPGAProject/ml/cracks-and-potholes-in-road-DatasetNinja/ds0/img/1091955_DF_251_251BDF0490_01237_RAW.jpg,/Users/anirudh/RoadConditionClassifier/FPGAProject/ml/preprocessed/grid_labels/1091955_DF_251_251BDF0490_01237_RAW.jpg.npy
/Users/anirudh/RoadConditionClassifier/FPGAProject/ml/cracks-and-potholes-in-road-DatasetNinja/ds0/img/1091958_DF_251_251BDF0490_01243_RAW.jpg,/Users/anirudh/RoadConditionClassifier/FPGAProject/ml/preprocessed/grid_labels/1091958_DF_251_251BDF0490_01243_RAW.jpg.npy
/Users/anirudh/RoadConditionClassifier/FPGAProject/ml/cracks-and-potholes-in-road-DatasetNinja/ds0/img/1091959_DF_251_251BDF0490_01244_RAW.jpg,/Users/anirudh/RoadConditionClassifier/FPGAProject/ml/preprocessed/grid_labels/1091959_DF_251_251BDF0490_01244_RAW.jpg.npy
/Users/anirudh/RoadConditionClassifier/FPGAProject/ml/cracks-and-potholes-in-road-DatasetNinja/ds0/img/1091960_DF_251_251BDF0490_01246_RAW.jpg,/Users/anirudh/RoadConditionClassifier/FPGAProject/ml/preprocessed/grid_labels/1091960_DF_251_251BDF0490_01246_RAW.jpg.npy
/Users/anirudh/RoadConditionClassifier/FPGAProject/ml/cracks-and-potholes-in-road-DatasetNinja/ds0/img/1091961_DF_251_251BDF0490_01248_RAW.jpg,/Users/anirudh/RoadConditionClassifier/FPGAProject/ml/preprocessed/grid_labels/1091961_DF_251_251BDF0490_01248_RAW.jpg.npy
/Users/anirudh/RoadConditionClassifier/FPGAProject/ml/cracks-and-potholes-in-road-DatasetNinja/ds0/img/1091962_DF_251_251BDF0490_01250_RAW.jpg,/Users/anirudh/RoadConditionClassifier/FPGAProject/ml/preprocessed/grid_labels/1091962_DF_251_251BDF0490_01250_RAW.jpg.npy
/Users/anirudh/RoadConditionClassifier/FPGAProject/ml/cracks-and-potholes-in-road-DatasetNinja/ds0/img/1091963_DF_251_251BDF0490_01252_RAW.jpg,/Users/anirudh/RoadConditionClassifier/FPGAProject/ml/preprocessed/grid_labels/1091963_DF_251_251BDF0490_01252_RAW.jpg.npy
/Users/anirudh/RoadConditionClassifier/FPGAProject/ml/cracks-and-potholes-in-road-DatasetNinja/ds0/img/1091964_DF_251_251BDF0490_01253_RAW.jpg,/Users/anirudh/RoadConditionClassifier/FPGAProject/ml/preprocessed/grid_labels/1091964_DF_251_251BDF0490_01253_RAW.jpg.npy
/Users/anirudh/RoadConditionClassifier/FPGAProject/ml/cracks-and-potholes-in-road-DatasetNinja/ds0/img/1091965_DF_251_251BDF0490_01255_RAW.jpg,/Users/anirudh/RoadConditionClassifier/FPGAProject/ml/preprocessed/grid_labels/1091965_DF_251_251BDF0490_01255_RAW.jpg.npy
/Users/anirudh/RoadConditionClassifier/FPGAProject/ml/cracks-and-potholes-in-road-DatasetNinja/ds0/img/1091966_DF_251_251BDF0490_01257_RAW.jpg,/Users/anirudh/RoadConditionClassifier/FPGAProject/ml/preprocessed/grid_labels/1091966_DF_251_251BDF0490_01257_RAW.jpg.npy
/Users/anirudh/RoadConditionClassifier/FPGAProject/ml/cracks-and-potholes-in-road-DatasetNinja/ds0/img/1091970_DF_251_251BDF0490_01263_RAW.jpg,/Users/anirudh/RoadConditionClassifier/FPGAProject/ml/preprocessed/grid_labels/1091970_DF_251_251BDF0490_01263_RAW.jpg.npy
/Users/anirudh/RoadConditionClassifier/FPGAProject/ml/cracks-and-potholes-in-road-DatasetNinja/ds0/img/1091971_DF_251_251BDF0490_01265_RAW.jpg,/Users/anirudh/RoadConditionClassifier/FPGAProject/ml/preprocessed/grid_labels/1091971_DF_251_251BDF0490_01265_RAW.jpg.npy
/Users/anirudh/RoadConditionClassifier/FPGAProject/ml/cracks-and-potholes-in-road-DatasetNinja/ds0/img/1091974_DF_251_251BDF0490_01271_RAW.jpg,/Users/anirudh/RoadConditionClassifier/FPGAProject/ml/preprocessed/grid_labels/1091974_DF_251_251BDF0490_01271_RAW.jpg.npy
/Users/anirudh/RoadConditionClassifier/FPGAProject/ml/cracks-and-potholes-in-road-DatasetNinja/ds0/img/1091978_DF_251_251BDF0490_01279_RAW.jpg,/Users/anirudh/RoadConditionClassifier/FPGAProject/ml/preprocessed/grid_labels/1091978_DF_251_251BDF0490_01279_RAW.jpg.npy
/Users/anirudh/RoadConditionClassifier/FPGAProject/ml/cracks-and-potholes-in-road-DatasetNinja/ds0/img/1091982_DF_251_251BDF0490_01287_RAW.jpg,/Users/anirudh/RoadConditionClassifier/FPGAProject/ml/preprocessed/grid_labels/1091982_DF_251_251BDF0490_01287_RAW.jpg.npy
/Users/anirudh/RoadConditionClassifier/FPGAProject/ml/cracks-and-potholes-in-road-DatasetNinja/ds0/img/1091983_DF_251_251BDF0490_01289_RAW.jpg,/Users/anirudh/RoadConditionClassifier/FPGAProject/ml/preprocessed/grid_labels/1091983_DF_251_251BDF0490_01289_RAW.jpg.npy
/Users/anirudh/RoadConditionClassifier/FPGAProject/ml/cracks-and-potholes-in-road-DatasetNinja/ds0/img/1091984_DF_251_251BDF0490_01290_RAW.jpg,/Users/anirudh/RoadConditionClassifier/FPGAProject/ml/preprocessed/grid_labels/1091984_DF_251_251BDF0490_01290_RAW.jpg.npy
/Users/anirudh/RoadConditionClassifier/FPGAProject/ml/cracks-and-potholes-in-road-DatasetNinja/ds0/img/1091992_DF_251_251BDF0490_01304_RAW.jpg,/Users/anirudh/RoadConditionClassifier/FPGAProject/ml/preprocessed/grid_labels/1091992_DF_251_251BDF0490_01304_RAW.jpg.npy
/Users/anirudh/RoadConditionClassifier/FPGAProject/ml/cracks-and-potholes-in-road-DatasetNinja/ds0/img/1091993_DF_251_251BDF0490_01306_RAW.jpg,/Users/anirudh/RoadConditionClassifier/FPGAProject/ml/preprocessed/grid_labels/1091993_DF_251_251BDF0490_01306_RAW.jpg.npy
/Users/anirudh/RoadConditionClassifier/FPGAProject/ml/cracks-and-potholes-in-road-DatasetNinja/ds0/img/1091995_DF_251_251BDF0490_01310_RAW.jpg,/Users/anirudh/RoadConditionClassifier/FPGAProject/ml/preprocessed/grid_labels/1091995_DF_251_251BDF0490_01310_RAW.jpg.npy
/Users/anirudh/RoadConditionClassifier/FPGAProject/ml/cracks-and-potholes-in-road-DatasetNinja/ds0/img/1092007_DF_251_251BDF0490_01332_RAW.jpg,/Users/anirudh/RoadConditionClassifier/FPGAProject/ml/preprocessed/grid_labels/1092007_DF_251_251BDF0490_01332_RAW.jpg.npy
/Users/anirudh/RoadConditionClassifier/FPGAProject/ml/cracks-and-potholes-in-road-DatasetNinja/ds0/img/1092008_DF_251_251BDF0490_01335_RAW.jpg,/Users/anirudh/RoadConditionClassifier/FPGAProject/ml/preprocessed/grid_labels/1092008_DF_251_251BDF0490_01335_RAW.jpg.npy
/Users/anirudh/RoadConditionClassifier/FPGAProject/ml/cracks-and-potholes-in-road-DatasetNinja/ds0/img/1092030_DF_251_251BDF0490_01376_RAW.jpg,/Users/anirudh/RoadConditionClassifier/FPGAProject/ml/preprocessed/grid_labels/1092030_DF_251_251BDF0490_01376_RAW.jpg.npy
/Users/anirudh/RoadConditionClassifier/FPGAProject/ml/cracks-and-potholes-in-road-DatasetNinja/ds0/img/1092031_DF_251_251BDF0490_01377_RAW.jpg,/Users/anirudh/RoadConditionClassifier/FPGAProject/ml/preprocessed/grid_labels/1092031_DF_251_251BDF0490_01377_RAW.jpg.npy
/Users/anirudh/RoadConditionClassifier/FPGAProject/ml/cracks-and-potholes-in-road-DatasetNinja/ds0/img/1092032_DF_251_251BDF0490_01379_RAW.jpg,/Users/anirudh/RoadConditionClassifier/FPGAProject/ml/preprocessed/grid_labels/1092032_DF_251_251BDF0490_01379_RAW.jpg.npy
/Users/anirudh/RoadConditionClassifier/FPGAProject/ml/cracks-and-potholes-in-road-DatasetNinja/ds0/img/1092033_DF_251_251BDF0490_01381_RAW.jpg,/Users/anirudh/RoadConditionClassifier/FPGAProject/ml/preprocessed/grid_labels/1092033_DF_251_251BDF0490_01381_RAW.jpg.npy
/Users/anirudh/RoadConditionClassifier/FPGAProject/ml/cracks-and-potholes-in-road-DatasetNinja/ds0/img/1092054_DF_251_251BDF0490_01420_RAW.jpg,/Users/anirudh/RoadConditionClassifier/FPGAProject/ml/preprocessed/grid_labels/1092054_DF_251_251BDF0490_01420_RAW.jpg.npy
/Users/anirudh/RoadConditionClassifier/FPGAProject/ml/cracks-and-potholes-in-road-DatasetNinja/ds0/img/1092055_DF_251_251BDF0490_01422_RAW.jpg,/Users/anirudh/RoadConditionClassifier/FPGAProject/ml/preprocessed/grid_labels/1092055_DF_251_251BDF0490_01422_RAW.jpg.npy
/Users/anirudh/RoadConditionClassifier/FPGAProject/ml/cracks-and-potholes-in-road-DatasetNinja/ds0/img/1092056_DF_251_251BDF0490_01424_RAW.jpg,/Users/anirudh/RoadConditionClassifier/FPGAProject/ml/preprocessed/grid_labels/1092056_DF_251_251BDF0490_01424_RAW.jpg.npy
/Users/anirudh/RoadConditionClassifier/FPGAProject/ml/cracks-and-potholes-in-road-DatasetNinja/ds0/img/1092061_DF_251_251BDF0490_01433_RAW.jpg,/Users/anirudh/RoadConditionClassifier/FPGAProject/ml/preprocessed/grid_labels/1092061_DF_251_251BDF0490_01433_RAW.jpg.npy
/Users/anirudh/RoadConditionClassifier/FPGAProject/ml/cracks-and-potholes-in-road-DatasetNinja/ds0/img/1092062_DF_251_251BDF0490_01434_RAW.jpg,/Users/anirudh/RoadConditionClassifier/FPGAProject/ml/preprocessed/grid_labels/1092062_DF_251_251BDF0490_01434_RAW.jpg.npy
/Users/anirudh/RoadConditionClassifier/FPGAProject/ml/cracks-and-potholes-in-road-DatasetNinja/ds0/img/1092063_DF_251_251BDF0490_01436_RAW.jpg,/Users/anirudh/RoadConditionClassifier/FPGAProject/ml/preprocessed/grid_labels/1092063_DF_251_251BDF0490_01436_RAW.jpg.npy
/Users/anirudh/RoadConditionClassifier/FPGAProject/ml/cracks-and-potholes-in-road-DatasetNinja/ds0/img/1092064_DF_251_251BDF0490_01438_RAW.jpg,/Users/anirudh/RoadConditionClassifier/FPGAProject/ml/preprocessed/grid_labels/1092064_DF_251_251BDF0490_01438_RAW.jpg.npy
/Users/anirudh/RoadConditionClassifier/FPGAProject/ml/cracks-and-potholes-in-road-DatasetNinja/ds0/img/1092067_DF_251_251BDF0490_01443_RAW.jpg,/Users/anirudh/RoadConditionClassifier/FPGAProject/ml/preprocessed/grid_labels/1092067_DF_251_251BDF0490_01443_RAW.jpg.npy
/Users/anirudh/RoadConditionClassifier/FPGAProject/ml/cracks-and-potholes-in-road-DatasetNinja/ds0/img/1092068_DF_251_251BDF0490_01445_RAW.jpg,/Users/anirudh/RoadConditionClassifier/FPGAProject/ml/preprocessed/grid_labels/1092068_DF_251_251BDF0490_01445_RAW.jpg.npy
/Users/anirudh/RoadConditionClassifier/FPGAProject/ml/cracks-and-potholes-in-road-DatasetNinja/ds0/img/1092070_DF_251_251BDF0490_01449_RAW.jpg,/Users/anirudh/RoadConditionClassifier/FPGAProject/ml/preprocessed/grid_labels/1092070_DF_251_251BDF0490_01449_RAW.jpg.npy
/Users/anirudh/RoadConditionClassifier/FPGAProject/ml/cracks-and-potholes-in-road-DatasetNinja/ds0/img/1092073_DF_251_251BDF0490_01454_RAW.jpg,/Users/anirudh/RoadConditionClassifier/FPGAProject/ml/preprocessed/grid_labels/1092073_DF_251_251BDF0490_01454_RAW.jpg.npy
/Users/anirudh/RoadConditionClassifier/FPGAProject/ml/cracks-and-potholes-in-road-DatasetNinja/ds0/img/1092078_DF_251_251BDF0490_01463_RAW.jpg,/Users/anirudh/RoadConditionClassifier/FPGAProject/ml/preprocessed/grid_labels/1092078_DF_251_251BDF0490_01463_RAW.jpg.npy
/Users/anirudh/RoadConditionClassifier/FPGAProject/ml/cracks-and-potholes-in-road-DatasetNinja/ds0/img/1092079_DF_251_251BDF0490_01465_RAW.jpg,/Users/anirudh/RoadConditionClassifier/FPGAProject/ml/preprocessed/grid_labels/1092079_DF_251_251BDF0490_01465_RAW.jpg.npy
/Users/anirudh/RoadConditionClassifier/FPGAProject/ml/cracks-and-potholes-in-road-DatasetNinja/ds0/img/1092081_DF_251_251BDF0490_01468_RAW.jpg,/Users/anirudh/RoadConditionClassifier/FPGAProject/ml/preprocessed/grid_labels/1092081_DF_251_251BDF0490_01468_RAW.jpg.npy
/Users/anirudh/RoadConditionClassifier/FPGAProject/ml/cracks-and-potholes-in-road-DatasetNinja/ds0/img/1092082_DF_251_251BDF0490_01470_RAW.jpg,/Users/anirudh/RoadConditionClassifier/FPGAProject/ml/preprocessed/grid_labels/1092082_DF_251_251BDF0490_01470_RAW.jpg.npy
/Users/anirudh/RoadConditionClassifier/FPGAProject/ml/cracks-and-potholes-in-road-DatasetNinja/ds0/img/1092083_DF_251_251BDF0490_01472_RAW.jpg,/Users/anirudh/RoadConditionClassifier/FPGAProject/ml/preprocessed/grid_labels/1092083_DF_251_251BDF0490_01472_RAW.jpg.npy
/Users/anirudh/RoadConditionClassifier/FPGAProject/ml/cracks-and-potholes-in-road-DatasetNinja/ds0/img/1092085_DF_251_251BDF0490_01475_RAW.jpg,/Users/anirudh/RoadConditionClassifier/FPGAProject/ml/preprocessed/grid_labels/1092085_DF_251_251BDF0490_01475_RAW.jpg.npy
/Users/anirudh/RoadConditionClassifier/FPGAProject/ml/cracks-and-potholes-in-road-DatasetNinja/ds0/img/1092086_DF_251_251BDF0490_01477_RAW.jpg,/Users/anirudh/RoadConditionClassifier/FPGAProject/ml/preprocessed/grid_labels/1092086_DF_251_251BDF0490_01477_RAW.jpg.npy
/Users/anirudh/RoadConditionClassifier/FPGAProject/ml/cracks-and-potholes-in-road-DatasetNinja/ds0/img/1092098_DF_251_251BDF0490_01498_RAW.jpg,/Users/anirudh/RoadConditionClassifier/FPGAProject/ml/preprocessed/grid_labels/1092098_DF_251_251BDF0490_01498_RAW.jpg.npy
/Users/anirudh/RoadConditionClassifier/FPGAProject/ml/cracks-and-potholes-in-road-DatasetNinja/ds0/img/1092100_DF_251_251BDF0490_01502_RAW.jpg,/Users/anirudh/RoadConditionClassifier/FPGAProject/ml/preprocessed/grid_labels/1092100_DF_251_251BDF0490_01502_RAW.jpg.npy
/Users/anirudh/RoadConditionClassifier/FPGAProject/ml/cracks-and-potholes-in-road-DatasetNinja/ds0/img/1092102_DF_251_251BDF0490_01506_RAW.jpg,/Users/anirudh/RoadConditionClassifier/FPGAProject/ml/preprocessed/grid_labels/1092102_DF_251_251BDF0490_01506_RAW.jpg.npy
/Users/anirudh/RoadConditionClassifier/FPGAProject/ml/cracks-and-potholes-in-road-DatasetNinja/ds0/img/1092106_DF_251_251BDF0490_01513_RAW.jpg,/Users/anirudh/RoadConditionClassifier/FPGAProject/ml/preprocessed/grid_labels/1092106_DF_251_251BDF0490_01513_RAW.jpg.npy
/Users/anirudh/RoadConditionClassifier/FPGAProject/ml/cracks-and-potholes-in-road-DatasetNinja/ds0/img/1092108_DF_251_251BDF0490_01516_RAW.jpg,/Users/anirudh/RoadConditionClassifier/FPGAProject/ml/preprocessed/grid_labels/1092108_DF_251_251BDF0490_01516_RAW.jpg.npy
/Users/anirudh/RoadConditionClassifier/FPGAProject/ml/cracks-and-potholes-in-road-DatasetNinja/ds0/img/1092109_DF_251_251BDF0490_01519_RAW.jpg,/Users/anirudh/RoadConditionClassifier/FPGAProject/ml/preprocessed/grid_labels/1092109_DF_251_251BDF0490_01519_RAW.jpg.npy
/Users/anirudh/RoadConditionClassifier/FPGAProject/ml/cracks-and-potholes-in-road-DatasetNinja/ds0/img/1092110_DF_251_251BDF0490_01520_RAW.jpg,/Users/anirudh/RoadConditionClassifier/FPGAProject/ml/preprocessed/grid_labels/1092110_DF_251_251BDF0490_01520_RAW.jpg.npy
/Users/anirudh/RoadConditionClassifier/FPGAProject/ml/cracks-and-potholes-in-road-DatasetNinja/ds0/img/1092284_DF_251_251BDF0490_01839_RAW.jpg,/Users/anirudh/RoadConditionClassifier/FPGAProject/ml/preprocessed/grid_labels/1092284_DF_251_251BDF0490_01839_RAW.jpg.npy
/Users/anirudh/RoadConditionClassifier/FPGAProject/ml/cracks-and-potholes-in-road-DatasetNinja/ds0/img/1092292_DF_251_251BDF0490_01853_RAW.jpg,/Users/anirudh/RoadConditionClassifier/FPGAProject/ml/preprocessed/grid_labels/1092292_DF_251_251BDF0490_01853_RAW.jpg.npy
/Users/anirudh/RoadConditionClassifier/FPGAProject/ml/cracks-and-potholes-in-road-DatasetNinja/ds0/img/1092293_DF_251_251BDF0490_01855_RAW.jpg,/Users/anirudh/RoadConditionClassifier/FPGAProject/ml/preprocessed/grid_labels/1092293_DF_251_251BDF0490_01855_RAW.jpg.npy
/Users/anirudh/RoadConditionClassifier/FPGAProject/ml/cracks-and-potholes-in-road-DatasetNinja/ds0/img/1092307_DF_251_251BDF0490_01882_RAW.jpg,/Users/anirudh/RoadConditionClassifier/FPGAProject/ml/preprocessed/grid_labels/1092307_DF_251_251BDF0490_01882_RAW.jpg.npy
/Users/anirudh/RoadConditionClassifier/FPGAProject/ml/cracks-and-potholes-in-road-DatasetNinja/ds0/img/1092308_DF_251_251BDF0490_01884_RAW.jpg,/Users/anirudh/RoadConditionClassifier/FPGAProject/ml/preprocessed/grid_labels/1092308_DF_251_251BDF0490_01884_RAW.jpg.npy
/Users/anirudh/RoadConditionClassifier/FPGAProject/ml/cracks-and-potholes-in-road-DatasetNinja/ds0/img/1092317_DF_251_251BDF0490_01901_RAW.jpg,/Users/anirudh/RoadConditionClassifier/FPGAProject/ml/preprocessed/grid_labels/1092317_DF_251_251BDF0490_01901_RAW.jpg.npy
/Users/anirudh/RoadConditionClassifier/FPGAProject/ml/cracks-and-potholes-in-road-DatasetNinja/ds0/img/1092318_DF_251_251BDF0490_01903_RAW.jpg,/Users/anirudh/RoadConditionClassifier/FPGAProject/ml/preprocessed/grid_labels/1092318_DF_251_251BDF0490_01903_RAW.jpg.npy
/Users/anirudh/RoadConditionClassifier/FPGAProject/ml/cracks-and-potholes-in-road-DatasetNinja/ds0/img/1092319_DF_251_251BDF0490_01904_RAW.jpg,/Users/anirudh/RoadConditionClassifier/FPGAProject/ml/preprocessed/grid_labels/1092319_DF_251_251BDF0490_01904_RAW.jpg.npy
/Users/anirudh/RoadConditionClassifier/FPGAProject/ml/cracks-and-potholes-in-road-DatasetNinja/ds0/img/1092335_DF_251_251BDF0490_01934_RAW.jpg,/Users/anirudh/RoadConditionClassifier/FPGAProject/ml/preprocessed/grid_labels/1092335_DF_251_251BDF0490_01934_RAW.jpg.npy
/Users/anirudh/RoadConditionClassifier/FPGAProject/ml/cracks-and-potholes-in-road-DatasetNinja/ds0/img/1092480_DF_251_251BDF0052_00025_RAW.jpg,/Users/anirudh/RoadConditionClassifier/FPGAProject/ml/preprocessed/grid_labels/1092480_DF_251_251BDF0052_00025_RAW.jpg.npy
/Users/anirudh/RoadConditionClassifier/FPGAProject/ml/cracks-and-potholes-in-road-DatasetNinja/ds0/img/1092481_DF_251_251BDF0052_00028_RAW.jpg,/Users/anirudh/RoadConditionClassifier/FPGAProject/ml/preprocessed/grid_labels/1092481_DF_251_251BDF0052_00028_RAW.jpg.npy
/Users/anirudh/RoadConditionClassifier/FPGAProject/ml/cracks-and-potholes-in-road-DatasetNinja/ds0/img/1092482_DF_251_251BDF0052_00031_RAW.jpg,/Users/anirudh/RoadConditionClassifier/FPGAProject/ml/preprocessed/grid_labels/1092482_DF_251_251BDF0052_00031_RAW.jpg.npy
/Users/anirudh/RoadConditionClassifier/FPGAProject/ml/cracks-and-potholes-in-road-DatasetNinja/ds0/img/1092483_DF_251_251BDF0052_00033_RAW.jpg,/Users/anirudh/RoadConditionClassifier/FPGAProject/ml/preprocessed/grid_labels/1092483_DF_251_251BDF0052_00033_RAW.jpg.npy
/Users/anirudh/RoadConditionClassifier/FPGAProject/ml/cracks-and-potholes-in-road-DatasetNinja/ds0/img/1092484_DF_251_251BDF0052_00036_RAW.jpg,/Users/anirudh/RoadConditionClassifier/FPGAProject/ml/preprocessed/grid_labels/1092484_DF_251_251BDF0052_00036_RAW.jpg.npy
/Users/anirudh/RoadConditionClassifier/FPGAProject/ml/cracks-and-potholes-in-road-DatasetNinja/ds0/img/1092485_DF_251_251BDF0052_00038_RAW.jpg,/Users/anirudh/RoadConditionClassifier/FPGAProject/ml/preprocessed/grid_labels/1092485_DF_251_251BDF0052_00038_RAW.jpg.npy
/Users/anirudh/RoadConditionClassifier/FPGAProject/ml/cracks-and-potholes-in-road-DatasetNinja/ds0/img/1092499_DF_251_251BDF0052_00068_RAW.jpg,/Users/anirudh/RoadConditionClassifier/FPGAProject/ml/preprocessed/grid_labels/1092499_DF_251_251BDF0052_00068_RAW.jpg.npy
/Users/anirudh/RoadConditionClassifier/FPGAProject/ml/cracks-and-potholes-in-road-DatasetNinja/ds0/img/1092500_DF_251_251BDF0052_00070_RAW.jpg,/Users/anirudh/RoadConditionClassifier/FPGAProject/ml/preprocessed/grid_labels/1092500_DF_251_251BDF0052_00070_RAW.jpg.npy
/Users/anirudh/RoadConditionClassifier/FPGAProject/ml/cracks-and-potholes-in-road-DatasetNinja/ds0/img/1092501_DF_251_251BDF0052_00072_RAW.jpg,/Users/anirudh/RoadConditionClassifier/FPGAProject/ml/preprocessed/grid_labels/1092501_DF_251_251BDF0052_00072_RAW.jpg.npy
/Users/anirudh/RoadConditionClassifier/FPGAProject/ml/cracks-and-potholes-in-road-DatasetNinja/ds0/img/1092528_DF_251_251BDF0052_00121_RAW.jpg,/Users/anirudh/RoadConditionClassifier/FPGAProject/ml/preprocessed/grid_labels/1092528_DF_251_251BDF0052_00121_RAW.jpg.npy
/Users/anirudh/RoadConditionClassifier/FPGAProject/ml/cracks-and-potholes-in-road-DatasetNinja/ds0/img/1092529_DF_251_251BDF0052_00122_RAW.jpg,/Users/anirudh/RoadConditionClassifier/FPGAProject/ml/preprocessed/grid_labels/1092529_DF_251_251BDF0052_00122_RAW.jpg.npy
/Users/anirudh/RoadConditionClassifier/FPGAProject/ml/cracks-and-potholes-in-road-DatasetNinja/ds0/img/1092531_DF_251_251BDF0052_00126_RAW.jpg,/Users/anirudh/RoadConditionClassifier/FPGAProject/ml/preprocessed/grid_labels/1092531_DF_251_251BDF0052_00126_RAW.jpg.npy
/Users/anirudh/RoadConditionClassifier/FPGAProject/ml/cracks-and-potholes-in-road-DatasetNinja/ds0/img/1092532_DF_251_251BDF0052_00127_RAW.jpg,/Users/anirudh/RoadConditionClassifier/FPGAProject/ml/preprocessed/grid_labels/1092532_DF_251_251BDF0052_00127_RAW.jpg.npy
/Users/anirudh/RoadConditionClassifier/FPGAProject/ml/cracks-and-potholes-in-road-DatasetNinja/ds0/img/1092533_DF_251_251BDF0052_00129_RAW.jpg,/Users/anirudh/RoadConditionClassifier/FPGAProject/ml/preprocessed/grid_labels/1092533_DF_251_251BDF0052_00129_RAW.jpg.npy
/Users/anirudh/RoadConditionClassifier/FPGAProject/ml/cracks-and-potholes-in-road-DatasetNinja/ds0/img/1092540_DF_251_251BDF0052_00142_RAW.jpg,/Users/anirudh/RoadConditionClassifier/FPGAProject/ml/preprocessed/grid_labels/1092540_DF_251_251BDF0052_00142_RAW.jpg.npy
/Users/anirudh/RoadConditionClassifier/FPGAProject/ml/cracks-and-potholes-in-road-DatasetNinja/ds0/img/1092541_DF_251_251BDF0052_00143_RAW.jpg,/Users/anirudh/RoadConditionClassifier/FPGAProject/ml/preprocessed/grid_labels/1092541_DF_251_251BDF0052_00143_RAW.jpg.npy
/Users/anirudh/RoadConditionClassifier/FPGAProject/ml/cracks-and-potholes-in-road-DatasetNinja/ds0/img/1092542_DF_251_251BDF0052_00145_RAW.jpg,/Users/anirudh/RoadConditionClassifier/FPGAProject/ml/preprocessed/grid_labels/1092542_DF_251_251BDF0052_00145_RAW.jpg.npy
/Users/anirudh/RoadConditionClassifier/FPGAProject/ml/cracks-and-potholes-in-road-DatasetNinja/ds0/img/1092543_DF_251_251BDF0052_00148_RAW.jpg,/Users/anirudh/RoadConditionClassifier/FPGAProject/ml/preprocessed/grid_labels/1092543_DF_251_251BDF0052_00148_RAW.jpg.npy
/Users/anirudh/RoadConditionClassifier/FPGAProject/ml/cracks-and-potholes-in-road-DatasetNinja/ds0/img/1092544_DF_251_251BDF0052_00150_RAW.jpg,/Users/anirudh/RoadConditionClassifier/FPGAProject/ml/preprocessed/grid_labels/1092544_DF_251_251BDF0052_00150_RAW.jpg.npy
/Users/anirudh/RoadConditionClassifier/FPGAProject/ml/cracks-and-potholes-in-road-DatasetNinja/ds0/img/1092545_DF_251_251BDF0052_00151_RAW.jpg,/Users/anirudh/RoadConditionClassifier/FPGAProject/ml/preprocessed/grid_labels/1092545_DF_251_251BDF0052_00151_RAW.jpg.npy
/Users/anirudh/RoadConditionClassifier/FPGAProject/ml/cracks-and-potholes-in-road-DatasetNinja/ds0/img/1092546_DF_251_251BDF0052_00153_RAW.jpg,/Users/anirudh/RoadConditionClassifier/FPGAProject/ml/preprocessed/grid_labels/1092546_DF_251_251BDF0052_00153_RAW.jpg.npy
/Users/anirudh/RoadConditionClassifier/FPGAProject/ml/cracks-and-potholes-in-road-DatasetNinja/ds0/img/1092547_DF_251_251BDF0052_00155_RAW.jpg,/Users/anirudh/RoadConditionClassifier/FPGAProject/ml/preprocessed/grid_labels/1092547_DF_251_251BDF0052_00155_RAW.jpg.npy
/Users/anirudh/RoadConditionClassifier/FPGAProject/ml/cracks-and-potholes-in-road-DatasetNinja/ds0/img/1092548_DF_251_251BDF0052_00157_RAW.jpg,/Users/anirudh/RoadConditionClassifier/FPGAProject/ml/preprocessed/grid_labels/1092548_DF_251_251BDF0052_00157_RAW.jpg.npy
/Users/anirudh/RoadConditionClassifier/FPGAProject/ml/cracks-and-potholes-in-road-DatasetNinja/ds0/img/1092549_DF_251_251BDF0052_00159_RAW.jpg,/Users/anirudh/RoadConditionClassifier/FPGAProject/ml/preprocessed/grid_labels/1092549_DF_251_251BDF0052_00159_RAW.jpg.npy
/Users/anirudh/RoadConditionClassifier/FPGAProject/ml/cracks-and-potholes-in-road-DatasetNinja/ds0/img/1092550_DF_251_251BDF0052_00160_RAW.jpg,/Users/anirudh/RoadConditionClassifier/FPGAProject/ml/preprocessed/grid_labels/1092550_DF_251_251BDF0052_00160_RAW.jpg.npy
/Users/anirudh/RoadConditionClassifier/FPGAProject/ml/cracks-and-potholes-in-road-DatasetNinja/ds0/img/1092551_DF_251_251BDF0052_00162_RAW.jpg,/Users/anirudh/RoadConditionClassifier/FPGAProject/ml/preprocessed/grid_labels/1092551_DF_251_251BDF0052_00162_RAW.jpg.npy
/Users/anirudh/RoadConditionClassifier/FPGAProject/ml/cracks-and-potholes-in-road-DatasetNinja/ds0/img/1092552_DF_251_251BDF0052_00164_RAW.jpg,/Users/anirudh/RoadConditionClassifier/FPGAProject/ml/preprocessed/grid_labels/1092552_DF_251_251BDF0052_00164_RAW.jpg.npy
/Users/anirudh/RoadConditionClassifier/FPGAProject/ml/cracks-and-potholes-in-road-DatasetNinja/ds0/img/1092553_DF_251_251BDF0052_00166_RAW.jpg,/Users/anirudh/RoadConditionClassifier/FPGAProject/ml/preprocessed/grid_labels/1092553_DF_251_251BDF0052_00166_RAW.jpg.npy
/Users/anirudh/RoadConditionClassifier/FPGAProject/ml/cracks-and-potholes-in-road-DatasetNinja/ds0/img/1092554_DF_251_251BDF0052_00167_RAW.jpg,/Users/anirudh/RoadConditionClassifier/FPGAProject/ml/preprocessed/grid_labels/1092554_DF_251_251BDF0052_00167_RAW.jpg.npy
/Users/anirudh/RoadConditionClassifier/FPGAProject/ml/cracks-and-potholes-in-road-DatasetNinja/ds0/img/1092555_DF_251_251BDF0052_00169_RAW.jpg,/Users/anirudh/RoadConditionClassifier/FPGAProject/ml/preprocessed/grid_labels/1092555_DF_251_251BDF0052_00169_RAW.jpg.npy
/Users/anirudh/RoadConditionClassifier/FPGAProject/ml/cracks-and-potholes-in-road-DatasetNinja/ds0/img/1092556_DF_251_251BDF0052_00170_RAW.jpg,/Users/anirudh/RoadConditionClassifier/FPGAProject/ml/preprocessed/grid_labels/1092556_DF_251_251BDF0052_00170_RAW.jpg.npy
/Users/anirudh/RoadConditionClassifier/FPGAProject/ml/cracks-and-potholes-in-road-DatasetNinja/ds0/img/1092557_DF_251_251BDF0052_00172_RAW.jpg,/Users/anirudh/RoadConditionClassifier/FPGAProject/ml/preprocessed/grid_labels/1092557_DF_251_251BDF0052_00172_RAW.jpg.npy
/Users/anirudh/RoadConditionClassifier/FPGAProject/ml/cracks-and-potholes-in-road-DatasetNinja/ds0/img/1092658_DF_251_251BDF0052_00345_RAW.jpg,/Users/anirudh/RoadConditionClassifier/FPGAProject/ml/preprocessed/grid_labels/1092658_DF_251_251BDF0052_00345_RAW.jpg.npy
/Users/anirudh/RoadConditionClassifier/FPGAProject/ml/cracks-and-potholes-in-road-DatasetNinja/ds0/img/1092659_DF_251_251BDF0052_00347_RAW.jpg,/Users/anirudh/RoadConditionClassifier/FPGAProject/ml/preprocessed/grid_labels/1092659_DF_251_251BDF0052_00347_RAW.jpg.npy
/Users/anirudh/RoadConditionClassifier/FPGAProject/ml/cracks-and-potholes-in-road-DatasetNinja/ds0/img/1092660_DF_251_251BDF0052_00348_RAW.jpg,/Users/anirudh/RoadConditionClassifier/FPGAProject/ml/preprocessed/grid_labels/1092660_DF_251_251BDF0052_00348_RAW.jpg.npy
/Users/anirudh/RoadConditionClassifier/FPGAProject/ml/cracks-and-potholes-in-road-DatasetNinja/ds0/img/1092661_DF_251_251BDF0052_00350_RAW.jpg,/Users/anirudh/RoadConditionClassifier/FPGAProject/ml/preprocessed/grid_labels/1092661_DF_251_251BDF0052_00350_RAW.jpg.npy
/Users/anirudh/RoadConditionClassifier/FPGAProject/ml/cracks-and-potholes-in-road-DatasetNinja/ds0/img/1092662_DF_251_251BDF0052_00352_RAW.jpg,/Users/anirudh/RoadConditionClassifier/FPGAProject/ml/preprocessed/grid_labels/1092662_DF_251_251BDF0052_00352_RAW.jpg.npy
/Users/anirudh/RoadConditionClassifier/FPGAProject/ml/cracks-and-potholes-in-road-DatasetNinja/ds0/img/1092727_DF_251_251BDF0052_00466_RAW.jpg,/Users/anirudh/RoadConditionClassifier/FPGAProject/ml/preprocessed/grid_labels/1092727_DF_251_251BDF0052_00466_RAW.jpg.npy
/Users/anirudh/RoadConditionClassifier/FPGAProject/ml/cracks-and-potholes-in-road-DatasetNinja/ds0/img/1092741_DF_251_251BDF0052_00490_RAW.jpg,/Users/anirudh/RoadConditionClassifier/FPGAProject/ml/preprocessed/grid_labels/1092741_DF_251_251BDF0052_00490_RAW.jpg.npy
/Users/anirudh/RoadConditionClassifier/FPGAProject/ml/cracks-and-potholes-in-road-DatasetNinja/ds0/img/1092742_DF_251_251BDF0052_00492_RAW.jpg,/Users/anirudh/RoadConditionClassifier/FPGAProject/ml/preprocessed/grid_labels/1092742_DF_251_251BDF0052_00492_RAW.jpg.npy
/Users/anirudh/RoadConditionClassifier/FPGAProject/ml/cracks-and-potholes-in-road-DatasetNinja/ds0/img/1092743_DF_251_251BDF0052_00494_RAW.jpg,/Users/anirudh/RoadConditionClassifier/FPGAProject/ml/preprocessed/grid_labels/1092743_DF_251_251BDF0052_00494_RAW.jpg.npy
/Users/anirudh/RoadConditionClassifier/FPGAProject/ml/cracks-and-potholes-in-road-DatasetNinja/ds0/img/1092744_DF_251_251BDF0052_00496_RAW.jpg,/Users/anirudh/RoadConditionClassifier/FPGAProject/ml/preprocessed/grid_labels/1092744_DF_251_251BDF0052_00496_RAW.jpg.npy
/Users/anirudh/RoadConditionClassifier/FPGAProject/ml/cracks-and-potholes-in-road-DatasetNinja/ds0/img/1092745_DF_251_251BDF0052_00497_RAW.jpg,/Users/anirudh/RoadConditionClassifier/FPGAProject/ml/preprocessed/grid_labels/1092745_DF_251_251BDF0052_00497_RAW.jpg.npy
/Users/anirudh/RoadConditionClassifier/FPGAProject/ml/cracks-and-potholes-in-road-DatasetNinja/ds0/img/1092753_DF_251_251BDF0052_00511_RAW.jpg,/Users/anirudh/RoadConditionClassifier/FPGAProject/ml/preprocessed/grid_labels/1092753_DF_251_251BDF0052_00511_RAW.jpg.npy
/Users/anirudh/RoadConditionClassifier/FPGAProject/ml/cracks-and-potholes-in-road-DatasetNinja/ds0/img/1092754_DF_251_251BDF0052_00513_RAW.jpg,/Users/anirudh/RoadConditionClassifier/FPGAProject/ml/preprocessed/grid_labels/1092754_DF_251_251BDF0052_00513_RAW.jpg.npy
/Users/anirudh/RoadConditionClassifier/FPGAProject/ml/cracks-and-potholes-in-road-DatasetNinja/ds0/img/1092755_DF_251_251BDF0052_00515_RAW.jpg,/Users/anirudh/RoadConditionClassifier/FPGAProject/ml/preprocessed/grid_labels/1092755_DF_251_251BDF0052_00515_RAW.jpg.npy
/Users/anirudh/RoadConditionClassifier/FPGAProject/ml/cracks-and-potholes-in-road-DatasetNinja/ds0/img/1092756_DF_251_251BDF0052_00516_RAW.jpg,/Users/anirudh/RoadConditionClassifier/FPGAProject/ml/preprocessed/grid_labels/1092756_DF_251_251BDF0052_00516_RAW.jpg.npy
/Users/anirudh/RoadConditionClassifier/FPGAProject/ml/cracks-and-potholes-in-road-DatasetNinja/ds0/img/1092757_DF_251_251BDF0052_00518_RAW.jpg,/Users/anirudh/RoadConditionClassifier/FPGAProject/ml/preprocessed/grid_labels/1092757_DF_251_251BDF0052_00518_RAW.jpg.npy
/Users/anirudh/RoadConditionClassifier/FPGAProject/ml/cracks-and-potholes-in-road-DatasetNinja/ds0/img/1092758_DF_251_251BDF0052_00520_RAW.jpg,/Users/anirudh/RoadConditionClassifier/FPGAProject/ml/preprocessed/grid_labels/1092758_DF_251_251BDF0052_00520_RAW.jpg.npy
/Users/anirudh/RoadConditionClassifier/FPGAProject/ml/cracks-and-potholes-in-road-DatasetNinja/ds0/img/1092759_DF_251_251BDF0052_00521_RAW.jpg,/Users/anirudh/RoadConditionClassifier/FPGAProject/ml/preprocessed/grid_labels/1092759_DF_251_251BDF0052_00521_RAW.jpg.npy
/Users/anirudh/RoadConditionClassifier/FPGAProject/ml/cracks-and-potholes-in-road-DatasetNinja/ds0/img/1092760_DF_251_251BDF0052_00523_RAW.jpg,/Users/anirudh/RoadConditionClassifier/FPGAProject/ml/preprocessed/grid_labels/1092760_DF_251_251BDF0052_00523_RAW.jpg.npy
/Users/anirudh/RoadConditionClassifier/FPGAProject/ml/cracks-and-potholes-in-road-DatasetNinja/ds0/img/1092761_DF_251_251BDF0052_00524_RAW.jpg,/Users/anirudh/RoadConditionClassifier/FPGAProject/ml/preprocessed/grid_labels/1092761_DF_251_251BDF0052_00524_RAW.jpg.npy
/Users/anirudh/RoadConditionClassifier/FPGAProject/ml/cracks-and-potholes-in-road-DatasetNinja/ds0/img/1092762_DF_251_251BDF0052_00526_RAW.jpg,/Users/anirudh/RoadConditionClassifier/FPGAProject/ml/preprocessed/grid_labels/1092762_DF_251_251BDF0052_00526_RAW.jpg.npy
/Users/anirudh/RoadConditionClassifier/FPGAProject/ml/cracks-and-potholes-in-road-DatasetNinja/ds0/img/1092763_DF_251_251BDF0052_00527_RAW.jpg,/Users/anirudh/RoadConditionClassifier/FPGAProject/ml/preprocessed/grid_labels/1092763_DF_251_251BDF0052_00527_RAW.jpg.npy
/Users/anirudh/RoadConditionClassifier/FPGAProject/ml/cracks-and-potholes-in-road-DatasetNinja/ds0/img/1092774_DF_251_251BDF0052_00546_RAW.jpg,/Users/anirudh/RoadConditionClassifier/FPGAProject/ml/preprocessed/grid_labels/1092774_DF_251_251BDF0052_00546_RAW.jpg.npy
/Users/anirudh/RoadConditionClassifier/FPGAProject/ml/cracks-and-potholes-in-road-DatasetNinja/ds0/img/1092775_DF_251_251BDF0052_00548_RAW.jpg,/Users/anirudh/RoadConditionClassifier/FPGAProject/ml/preprocessed/grid_labels/1092775_DF_251_251BDF0052_00548_RAW.jpg.npy
/Users/anirudh/RoadConditionClassifier/FPGAProject/ml/cracks-and-potholes-in-road-DatasetNinja/ds0/img/1092792_DF_251_251BDF0052_00577_RAW.jpg,/Users/anirudh/RoadConditionClassifier/FPGAProject/ml/preprocessed/grid_labels/1092792_DF_251_251BDF0052_00577_RAW.jpg.npy
/Users/anirudh/RoadConditionClassifier/FPGAProject/ml/cracks-and-potholes-in-road-DatasetNinja/ds0/img/1092793_DF_251_251BDF0052_00580_RAW.jpg,/Users/anirudh/RoadConditionClassifier/FPGAProject/ml/preprocessed/grid_labels/1092793_DF_251_251BDF0052_00580_RAW.jpg.npy
/Users/anirudh/RoadConditionClassifier/FPGAProject/ml/cracks-and-potholes-in-road-DatasetNinja/ds0/img/1092794_DF_251_251BDF0052_00581_RAW.jpg,/Users/anirudh/RoadConditionClassifier/FPGAProject/ml/preprocessed/grid_labels/1092794_DF_251_251BDF0052_00581_RAW.jpg.npy
/Users/anirudh/RoadConditionClassifier/FPGAProject/ml/cracks-and-potholes-in-road-DatasetNinja/ds0/img/1092798_DF_251_251BDF0052_00588_RAW.jpg,/Users/anirudh/RoadConditionClassifier/FPGAProject/ml/preprocessed/grid_labels/1092798_DF_251_251BDF0052_00588_RAW.jpg.npy
/Users/anirudh/RoadConditionClassifier/FPGAProject/ml/cracks-and-potholes-in-road-DatasetNinja/ds0/img/1092799_DF_251_251BDF0052_00590_RAW.jpg,/Users/anirudh/RoadConditionClassifier/FPGAProject/ml/preprocessed/grid_labels/1092799_DF_251_251BDF0052_00590_RAW.jpg.npy
/Users/anirudh/RoadConditionClassifier/FPGAProject/ml/cracks-and-potholes-in-road-DatasetNinja/ds0/img/1092800_DF_251_251BDF0052_00591_RAW.jpg,/Users/anirudh/RoadConditionClassifier/FPGAProject/ml/preprocessed/grid_labels/1092800_DF_251_251BDF0052_00591_RAW.jpg.npy
/Users/anirudh/RoadConditionClassifier/FPGAProject/ml/cracks-and-potholes-in-road-DatasetNinja/ds0/img/1092801_DF_251_251BDF0052_00593_RAW.jpg,/Users/anirudh/RoadConditionClassifier/FPGAProject/ml/preprocessed/grid_labels/1092801_DF_251_251BDF0052_00593_RAW.jpg.npy
/Users/anirudh/RoadConditionClassifier/FPGAProject/ml/cracks-and-potholes-in-road-DatasetNinja/ds0/img/1092802_DF_251_251BDF0052_00595_RAW.jpg,/Users/anirudh/RoadConditionClassifier/FPGAProject/ml/preprocessed/grid_labels/1092802_DF_251_251BDF0052_00595_RAW.jpg.npy
/Users/anirudh/RoadConditionClassifier/FPGAProject/ml/cracks-and-potholes-in-road-DatasetNinja/ds0/img/1092803_DF_251_251BDF0052_00597_RAW.jpg,/Users/anirudh/RoadConditionClassifier/FPGAProject/ml/preprocessed/grid_labels/1092803_DF_251_251BDF0052_00597_RAW.jpg.npy
/Users/anirudh/RoadConditionClassifier/FPGAProject/ml/cracks-and-potholes-in-road-DatasetNinja/ds0/img/1092804_DF_251_251BDF0052_00599_RAW.jpg,/Users/anirudh/RoadConditionClassifier/FPGAProject/ml/preprocessed/grid_labels/1092804_DF_251_251BDF0052_00599_RAW.jpg.npy
/Users/anirudh/RoadConditionClassifier/FPGAProject/ml/cracks-and-potholes-in-road-DatasetNinja/ds0/img/1092805_DF_251_251BDF0052_00600_RAW.jpg,/Users/anirudh/RoadConditionClassifier/FPGAProject/ml/preprocessed/grid_labels/1092805_DF_251_251BDF0052_00600_RAW.jpg.npy
/Users/anirudh/RoadConditionClassifier/FPGAProject/ml/cracks-and-potholes-in-road-DatasetNinja/ds0/img/1092806_DF_251_251BDF0052_00602_RAW.jpg,/Users/anirudh/RoadConditionClassifier/FPGAProject/ml/preprocessed/grid_labels/1092806_DF_251_251BDF0052_00602_RAW.jpg.npy
/Users/anirudh/RoadConditionClassifier/FPGAProject/ml/cracks-and-potholes-in-road-DatasetNinja/ds0/img/1092807_DF_251_251BDF0052_00604_RAW.jpg,/Users/anirudh/RoadConditionClassifier/FPGAProject/ml/preprocessed/grid_labels/1092807_DF_251_251BDF0052_00604_RAW.jpg.npy
/Users/anirudh/RoadConditionClassifier/FPGAProject/ml/cracks-and-potholes-in-road-DatasetNinja/ds0/img/1092808_DF_251_251BDF0052_00606_RAW.jpg,/Users/anirudh/RoadConditionClassifier/FPGAProject/ml/preprocessed/grid_labels/1092808_DF_251_251BDF0052_00606_RAW.jpg.npy
/Users/anirudh/RoadConditionClassifier/FPGAProject/ml/cracks-and-potholes-in-road-DatasetNinja/ds0/img/1092809_DF_251_251BDF0052_00607_RAW.jpg,/Users/anirudh/RoadConditionClassifier/FPGAProject/ml/preprocessed/grid_labels/1092809_DF_251_251BDF0052_00607_RAW.jpg.npy
/Users/anirudh/RoadConditionClassifier/FPGAProject/ml/cracks-and-potholes-in-road-DatasetNinja/ds0/img/1092810_DF_251_251BDF0052_00610_RAW.jpg,/Users/anirudh/RoadConditionClassifier/FPGAProject/ml/preprocessed/grid_labels/1092810_DF_251_251BDF0052_00610_RAW.jpg.npy
/Users/anirudh/RoadConditionClassifier/FPGAProject/ml/cracks-and-potholes-in-road-DatasetNinja/ds0/img/1092811_DF_251_251BDF0052_00611_RAW.jpg,/Users/anirudh/RoadConditionClassifier/FPGAProject/ml/preprocessed/grid_labels/1092811_DF_251_251BDF0052_00611_RAW.jpg.npy
/Users/anirudh/RoadConditionClassifier/FPGAProject/ml/cracks-and-potholes-in-road-DatasetNinja/ds0/img/1092812_DF_251_251BDF0052_00613_RAW.jpg,/Users/anirudh/RoadConditionClassifier/FPGAProject/ml/preprocessed/grid_labels/1092812_DF_251_251BDF0052_00613_RAW.jpg.npy
/Users/anirudh/RoadConditionClassifier/FPGAProject/ml/cracks-and-potholes-in-road-DatasetNinja/ds0/img/1092813_DF_251_251BDF0052_00615_RAW.jpg,/Users/anirudh/RoadConditionClassifier/FPGAProject/ml/preprocessed/grid_labels/1092813_DF_251_251BDF0052_00615_RAW.jpg.npy
/Users/anirudh/RoadConditionClassifier/FPGAProject/ml/cracks-and-potholes-in-road-DatasetNinja/ds0/img/1092814_DF_251_251BDF0052_00616_RAW.jpg,/Users/anirudh/RoadConditionClassifier/FPGAProject/ml/preprocessed/grid_labels/1092814_DF_251_251BDF0052_00616_RAW.jpg.npy
/Users/anirudh/RoadConditionClassifier/FPGAProject/ml/cracks-and-potholes-in-road-DatasetNinja/ds0/img/1092815_DF_251_251BDF0052_00618_RAW.jpg,/Users/anirudh/RoadConditionClassifier/FPGAProject/ml/preprocessed/grid_labels/1092815_DF_251_251BDF0052_00618_RAW.jpg.npy
/Users/anirudh/RoadConditionClassifier/FPGAProject/ml/cracks-and-potholes-in-road-DatasetNinja/ds0/img/1092816_DF_251_251BDF0052_00620_RAW.jpg,/Users/anirudh/RoadConditionClassifier/FPGAProject/ml/preprocessed/grid_labels/1092816_DF_251_251BDF0052_00620_RAW.jpg.npy
/Users/anirudh/RoadConditionClassifier/FPGAProject/ml/cracks-and-potholes-in-road-DatasetNinja/ds0/img/1092817_DF_251_251BDF0052_00622_RAW.jpg,/Users/anirudh/RoadConditionClassifier/FPGAProject/ml/preprocessed/grid_labels/1092817_DF_251_251BDF0052_00622_RAW.jpg.npy
/Users/anirudh/RoadConditionClassifier/FPGAProject/ml/cracks-and-potholes-in-road-DatasetNinja/ds0/img/1092818_DF_251_251BDF0052_00624_RAW.jpg,/Users/anirudh/RoadConditionClassifier/FPGAProject/ml/preprocessed/grid_labels/1092818_DF_251_251BDF0052_00624_RAW.jpg.npy
/Users/anirudh/RoadConditionClassifier/FPGAProject/ml/cracks-and-potholes-in-road-DatasetNinja/ds0/img/1092819_DF_251_251BDF0052_00625_RAW.jpg,/Users/anirudh/RoadConditionClassifier/FPGAProject/ml/preprocessed/grid_labels/1092819_DF_251_251BDF0052_00625_RAW.jpg.npy
/Users/anirudh/RoadConditionClassifier/FPGAProject/ml/cracks-and-potholes-in-road-DatasetNinja/ds0/img/1092820_DF_251_251BDF0052_00627_RAW.jpg,/Users/anirudh/RoadConditionClassifier/FPGAProject/ml/preprocessed/grid_labels/1092820_DF_251_251BDF0052_00627_RAW.jpg.npy
/Users/anirudh/RoadConditionClassifier/FPGAProject/ml/cracks-and-potholes-in-road-DatasetNinja/ds0/img/1092821_DF_251_251BDF0052_00629_RAW.jpg,/Users/anirudh/RoadConditionClassifier/FPGAProject/ml/preprocessed/grid_labels/1092821_DF_251_251BDF0052_00629_RAW.jpg.npy
/Users/anirudh/RoadConditionClassifier/FPGAProject/ml/cracks-and-potholes-in-road-DatasetNinja/ds0/img/1092822_DF_251_251BDF0052_00631_RAW.jpg,/Users/anirudh/RoadConditionClassifier/FPGAProject/ml/preprocessed/grid_labels/1092822_DF_251_251BDF0052_00631_RAW.jpg.npy
/Users/anirudh/RoadConditionClassifier/FPGAProject/ml/cracks-and-potholes-in-road-DatasetNinja/ds0/img/1092823_DF_251_251BDF0052_00633_RAW.jpg,/Users/anirudh/RoadConditionClassifier/FPGAProject/ml/preprocessed/grid_labels/1092823_DF_251_251BDF0052_00633_RAW.jpg.npy
/Users/anirudh/RoadConditionClassifier/FPGAProject/ml/cracks-and-potholes-in-road-DatasetNinja/ds0/img/1092824_DF_251_251BDF0052_00634_RAW.jpg,/Users/anirudh/RoadConditionClassifier/FPGAProject/ml/preprocessed/grid_labels/1092824_DF_251_251BDF0052_00634_RAW.jpg.npy
/Users/anirudh/RoadConditionClassifier/FPGAProject/ml/cracks-and-potholes-in-road-DatasetNinja/ds0/img/1092825_DF_251_251BDF0052_00636_RAW.jpg,/Users/anirudh/RoadConditionClassifier/FPGAProject/ml/preprocessed/grid_labels/1092825_DF_251_251BDF0052_00636_RAW.jpg.npy
/Users/anirudh/RoadConditionClassifier/FPGAProject/ml/cracks-and-potholes-in-road-DatasetNinja/ds0/img/1092826_DF_251_251BDF0052_00638_RAW.jpg,/Users/anirudh/RoadConditionClassifier/FPGAProject/ml/preprocessed/grid_labels/1092826_DF_251_251BDF0052_00638_RAW.jpg.npy
/Users/anirudh/RoadConditionClassifier/FPGAProject/ml/cracks-and-potholes-in-road-DatasetNinja/ds0/img/1092827_DF_251_251BDF0052_00639_RAW.jpg,/Users/anirudh/RoadConditionClassifier/FPGAProject/ml/preprocessed/grid_labels/1092827_DF_251_251BDF0052_00639_RAW.jpg.npy
/Users/anirudh/RoadConditionClassifier/FPGAProject/ml/cracks-and-potholes-in-road-DatasetNinja/ds0/img/1092828_DF_251_251BDF0052_00641_RAW.jpg,/Users/anirudh/RoadConditionClassifier/FPGAProject/ml/preprocessed/grid_labels/1092828_DF_251_251BDF0052_00641_RAW.jpg.npy
/Users/anirudh/RoadConditionClassifier/FPGAProject/ml/cracks-and-potholes-in-road-DatasetNinja/ds0/img/1092829_DF_251_251BDF0052_00643_RAW.jpg,/Users/anirudh/RoadConditionClassifier/FPGAProject/ml/preprocessed/grid_labels/1092829_DF_251_251BDF0052_00643_RAW.jpg.npy
/Users/anirudh/RoadConditionClassifier/FPGAProject/ml/cracks-and-potholes-in-road-DatasetNinja/ds0/img/1092830_DF_251_251BDF0052_00645_RAW.jpg,/Users/anirudh/RoadConditionClassifier/FPGAProject/ml/preprocessed/grid_labels/1092830_DF_251_251BDF0052_00645_RAW.jpg.npy
/Users/anirudh/RoadConditionClassifier/FPGAProject/ml/cracks-and-potholes-in-road-DatasetNinja/ds0/img/1092831_DF_251_251BDF0052_00646_RAW.jpg,/Users/anirudh/RoadConditionClassifier/FPGAProject/ml/preprocessed/grid_labels/1092831_DF_251_251BDF0052_00646_RAW.jpg.npy
/Users/anirudh/RoadConditionClassifier/FPGAProject/ml/cracks-and-potholes-in-road-DatasetNinja/ds0/img/1092834_DF_251_251BDF0052_00651_RAW.jpg,/Users/anirudh/RoadConditionClassifier/FPGAProject/ml/preprocessed/grid_labels/1092834_DF_251_251BDF0052_00651_RAW.jpg.npy
/Users/anirudh/RoadConditionClassifier/FPGAProject/ml/cracks-and-potholes-in-road-DatasetNinja/ds0/img/1092835_DF_251_251BDF0052_00654_RAW.jpg,/Users/anirudh/RoadConditionClassifier/FPGAProject/ml/preprocessed/grid_labels/1092835_DF_251_251BDF0052_00654_RAW.jpg.npy
/Users/anirudh/RoadConditionClassifier/FPGAProject/ml/cracks-and-potholes-in-road-DatasetNinja/ds0/img/1092836_DF_251_251BDF0052_00655_RAW.jpg,/Users/anirudh/RoadConditionClassifier/FPGAProject/ml/preprocessed/grid_labels/1092836_DF_251_251BDF0052_00655_RAW.jpg.npy
/Users/anirudh/RoadConditionClassifier/FPGAProject/ml/cracks-and-potholes-in-road-DatasetNinja/ds0/img/1092837_DF_251_251BDF0052_00656_RAW.jpg,/Users/anirudh/RoadConditionClassifier/FPGAProject/ml/preprocessed/grid_labels/1092837_DF_251_251BDF0052_00656_RAW.jpg.npy
/Users/anirudh/RoadConditionClassifier/FPGAProject/ml/cracks-and-potholes-in-road-DatasetNinja/ds0/img/1092838_DF_251_251BDF0052_00658_RAW.jpg,/Users/anirudh/RoadConditionClassifier/FPGAProject/ml/preprocessed/grid_labels/1092838_DF_251_251BDF0052_00658_RAW.jpg.npy
/Users/anirudh/RoadConditionClassifier/FPGAProject/ml/cracks-and-potholes-in-road-DatasetNinja/ds0/img/1092839_DF_251_251BDF0052_00660_RAW.jpg,/Users/anirudh/RoadConditionClassifier/FPGAProject/ml/preprocessed/grid_labels/1092839_DF_251_251BDF0052_00660_RAW.jpg.npy
/Users/anirudh/RoadConditionClassifier/FPGAProject/ml/cracks-and-potholes-in-road-DatasetNinja/ds0/img/1092840_DF_251_251BDF0052_00662_RAW.jpg,/Users/anirudh/RoadConditionClassifier/FPGAProject/ml/preprocessed/grid_labels/1092840_DF_251_251BDF0052_00662_RAW.jpg.npy
/Users/anirudh/RoadConditionClassifier/FPGAProject/ml/cracks-and-potholes-in-road-DatasetNinja/ds0/img/1092841_DF_251_251BDF0052_00663_RAW.jpg,/Users/anirudh/RoadConditionClassifier/FPGAProject/ml/preprocessed/grid_labels/1092841_DF_251_251BDF0052_00663_RAW.jpg.npy
/Users/anirudh/RoadConditionClassifier/FPGAProject/ml/cracks-and-potholes-in-road-DatasetNinja/ds0/img/1092842_DF_251_251BDF0052_00665_RAW.jpg,/Users/anirudh/RoadConditionClassifier/FPGAProject/ml/preprocessed/grid_labels/1092842_DF_251_251BDF0052_00665_RAW.jpg.npy
/Users/anirudh/RoadConditionClassifier/FPGAProject/ml/cracks-and-potholes-in-road-DatasetNinja/ds0/img/1092843_DF_251_251BDF0052_00667_RAW.jpg,/Users/anirudh/RoadConditionClassifier/FPGAProject/ml/preprocessed/grid_labels/1092843_DF_251_251BDF0052_00667_RAW.jpg.npy
/Users/anirudh/RoadConditionClassifier/FPGAProject/ml/cracks-and-potholes-in-road-DatasetNinja/ds0/img/1092844_DF_251_251BDF0052_00669_RAW.jpg,/Users/anirudh/RoadConditionClassifier/FPGAProject/ml/preprocessed/grid_labels/1092844_DF_251_251BDF0052_00669_RAW.jpg.npy
/Users/anirudh/RoadConditionClassifier/FPGAProject/ml/cracks-and-potholes-in-road-DatasetNinja/ds0/img/1092845_DF_251_251BDF0052_00671_RAW.jpg,/Users/anirudh/RoadConditionClassifier/FPGAProject/ml/preprocessed/grid_labels/1092845_DF_251_251BDF0052_00671_RAW.jpg.npy
/Users/anirudh/RoadConditionClassifier/FPGAProject/ml/cracks-and-potholes-in-road-DatasetNinja/ds0/img/1092846_DF_251_251BDF0052_00673_RAW.jpg,/Users/anirudh/RoadConditionClassifier/FPGAProject/ml/preprocessed/grid_labels/1092846_DF_251_251BDF0052_00673_RAW.jpg.npy
/Users/anirudh/RoadConditionClassifier/FPGAProject/ml/cracks-and-potholes-in-road-DatasetNinja/ds0/img/1092847_DF_251_251BDF0052_00674_RAW.jpg,/Users/anirudh/RoadConditionClassifier/FPGAProject/ml/preprocessed/grid_labels/1092847_DF_251_251BDF0052_00674_RAW.jpg.npy
/Users/anirudh/RoadConditionClassifier/FPGAProject/ml/cracks-and-potholes-in-road-DatasetNinja/ds0/img/1092848_DF_251_251BDF0052_00676_RAW.jpg,/Users/anirudh/RoadConditionClassifier/FPGAProject/ml/preprocessed/grid_labels/1092848_DF_251_251BDF0052_00676_RAW.jpg.npy
/Users/anirudh/RoadConditionClassifier/FPGAProject/ml/cracks-and-potholes-in-road-DatasetNinja/ds0/img/1092849_DF_251_251BDF0052_00678_RAW.jpg,/Users/anirudh/RoadConditionClassifier/FPGAProject/ml/preprocessed/grid_labels/1092849_DF_251_251BDF0052_00678_RAW.jpg.npy
/Users/anirudh/RoadConditionClassifier/FPGAProject/ml/cracks-and-potholes-in-road-DatasetNinja/ds0/img/1092850_DF_251_251BDF0052_00679_RAW.jpg,/Users/anirudh/RoadConditionClassifier/FPGAProject/ml/preprocessed/grid_labels/1092850_DF_251_251BDF0052_00679_RAW.jpg.npy
/Users/anirudh/RoadConditionClassifier/FPGAProject/ml/cracks-and-potholes-in-road-DatasetNinja/ds0/img/1092851_DF_251_251BDF0052_00681_RAW.jpg,/Users/anirudh/RoadConditionClassifier/FPGAProject/ml/preprocessed/grid_labels/1092851_DF_251_251BDF0052_00681_RAW.jpg.npy
/Users/anirudh/RoadConditionClassifier/FPGAProject/ml/cracks-and-potholes-in-road-DatasetNinja/ds0/img/1092852_DF_251_251BDF0052_00683_RAW.jpg,/Users/anirudh/RoadConditionClassifier/FPGAProject/ml/preprocessed/grid_labels/1092852_DF_251_251BDF0052_00683_RAW.jpg.npy
/Users/anirudh/RoadConditionClassifier/FPGAProject/ml/cracks-and-potholes-in-road-DatasetNinja/ds0/img/1092853_DF_251_251BDF0052_00685_RAW.jpg,/Users/anirudh/RoadConditionClassifier/FPGAProject/ml/preprocessed/grid_labels/1092853_DF_251_251BDF0052_00685_RAW.jpg.npy
/Users/anirudh/RoadConditionClassifier/FPGAProject/ml/cracks-and-potholes-in-road-DatasetNinja/ds0/img/1092854_DF_251_251BDF0052_00687_RAW.jpg,/Users/anirudh/RoadConditionClassifier/FPGAProject/ml/preprocessed/grid_labels/1092854_DF_251_251BDF0052_00687_RAW.jpg.npy
/Users/anirudh/RoadConditionClassifier/FPGAProject/ml/cracks-and-potholes-in-road-DatasetNinja/ds0/img/1092855_DF_251_251BDF0052_00689_RAW.jpg,/Users/anirudh/RoadConditionClassifier/FPGAProject/ml/preprocessed/grid_labels/1092855_DF_251_251BDF0052_00689_RAW.jpg.npy
/Users/anirudh/RoadConditionClassifier/FPGAProject/ml/cracks-and-potholes-in-road-DatasetNinja/ds0/img/1092856_DF_251_251BDF0052_00690_RAW.jpg,/Users/anirudh/RoadConditionClassifier/FPGAProject/ml/preprocessed/grid_labels/1092856_DF_251_251BDF0052_00690_RAW.jpg.npy
/Users/anirudh/RoadConditionClassifier/FPGAProject/ml/cracks-and-potholes-in-road-DatasetNinja/ds0/img/1092857_DF_251_251BDF0052_00692_RAW.jpg,/Users/anirudh/RoadConditionClassifier/FPGAProject/ml/preprocessed/grid_labels/1092857_DF_251_251BDF0052_00692_RAW.jpg.npy
/Users/anirudh/RoadConditionClassifier/FPGAProject/ml/cracks-and-potholes-in-road-DatasetNinja/ds0/img/1092858_DF_251_251BDF0052_00694_RAW.jpg,/Users/anirudh/RoadConditionClassifier/FPGAProject/ml/preprocessed/grid_labels/1092858_DF_251_251BDF0052_00694_RAW.jpg.npy
/Users/anirudh/RoadConditionClassifier/FPGAProject/ml/cracks-and-potholes-in-road-DatasetNinja/ds0/img/1092859_DF_251_251BDF0052_00695_RAW.jpg,/Users/anirudh/RoadConditionClassifier/FPGAProject/ml/preprocessed/grid_labels/1092859_DF_251_251BDF0052_00695_RAW.jpg.npy
/Users/anirudh/RoadConditionClassifier/FPGAProject/ml/cracks-and-potholes-in-road-DatasetNinja/ds0/img/1092860_DF_251_251BDF0052_00697_RAW.jpg,/Users/anirudh/RoadConditionClassifier/FPGAProject/ml/preprocessed/grid_labels/1092860_DF_251_251BDF0052_00697_RAW.jpg.npy
/Users/anirudh/RoadConditionClassifier/FPGAProject/ml/cracks-and-potholes-in-road-DatasetNinja/ds0/img/1092861_DF_251_251BDF0052_00699_RAW.jpg,/Users/anirudh/RoadConditionClassifier/FPGAProject/ml/preprocessed/grid_labels/1092861_DF_251_251BDF0052_00699_RAW.jpg.npy
/Users/anirudh/RoadConditionClassifier/FPGAProject/ml/cracks-and-potholes-in-road-DatasetNinja/ds0/img/1092862_DF_251_251BDF0052_00701_RAW.jpg,/Users/anirudh/RoadConditionClassifier/FPGAProject/ml/preprocessed/grid_labels/1092862_DF_251_251BDF0052_00701_RAW.jpg.npy
/Users/anirudh/RoadConditionClassifier/FPGAProject/ml/cracks-and-potholes-in-road-DatasetNinja/ds0/img/1092865_DF_251_251BDF0052_00706_RAW.jpg,/Users/anirudh/RoadConditionClassifier/FPGAProject/ml/preprocessed/grid_labels/1092865_DF_251_251BDF0052_00706_RAW.jpg.npy
/Users/anirudh/RoadConditionClassifier/FPGAProject/ml/cracks-and-potholes-in-road-DatasetNinja/ds0/img/1092866_DF_251_251BDF0052_00708_RAW.jpg,/Users/anirudh/RoadConditionClassifier/FPGAProject/ml/preprocessed/grid_labels/1092866_DF_251_251BDF0052_00708_RAW.jpg.npy
/Users/anirudh/RoadConditionClassifier/FPGAProject/ml/cracks-and-potholes-in-road-DatasetNinja/ds0/img/1092867_DF_251_251BDF0052_00710_RAW.jpg,/Users/anirudh/RoadConditionClassifier/FPGAProject/ml/preprocessed/grid_labels/1092867_DF_251_251BDF0052_00710_RAW.jpg.npy
/Users/anirudh/RoadConditionClassifier/FPGAProject/ml/cracks-and-potholes-in-road-DatasetNinja/ds0/img/1092868_DF_251_251BDF0052_00711_RAW.jpg,/Users/anirudh/RoadConditionClassifier/FPGAProject/ml/preprocessed/grid_labels/1092868_DF_251_251BDF0052_00711_RAW.jpg.npy
/Users/anirudh/RoadConditionClassifier/FPGAProject/ml/cracks-and-potholes-in-road-DatasetNinja/ds0/img/1092869_DF_251_251BDF0052_00713_RAW.jpg,/Users/anirudh/RoadConditionClassifier/FPGAProject/ml/preprocessed/grid_labels/1092869_DF_251_251BDF0052_00713_RAW.jpg.npy
/Users/anirudh/RoadConditionClassifier/FPGAProject/ml/cracks-and-potholes-in-road-DatasetNinja/ds0/img/1092870_DF_251_251BDF0052_00715_RAW.jpg,/Users/anirudh/RoadConditionClassifier/FPGAProject/ml/preprocessed/grid_labels/1092870_DF_251_251BDF0052_00715_RAW.jpg.npy
/Users/anirudh/RoadConditionClassifier/FPGAProject/ml/cracks-and-potholes-in-road-DatasetNinja/ds0/img/1092871_DF_251_251BDF0052_00716_RAW.jpg,/Users/anirudh/RoadConditionClassifier/FPGAProject/ml/preprocessed/grid_labels/1092871_DF_251_251BDF0052_00716_RAW.jpg.npy
/Users/anirudh/RoadConditionClassifier/FPGAProject/ml/cracks-and-potholes-in-road-DatasetNinja/ds0/img/1092872_DF_251_251BDF0052_00718_RAW.jpg,/Users/anirudh/RoadConditionClassifier/FPGAProject/ml/preprocessed/grid_labels/1092872_DF_251_251BDF0052_00718_RAW.jpg.npy
/Users/anirudh/RoadConditionClassifier/FPGAProject/ml/cracks-and-potholes-in-road-DatasetNinja/ds0/img/1092873_DF_251_251BDF0052_00720_RAW.jpg,/Users/anirudh/RoadConditionClassifier/FPGAProject/ml/preprocessed/grid_labels/1092873_DF_251_251BDF0052_00720_RAW.jpg.npy
/Users/anirudh/RoadConditionClassifier/FPGAProject/ml/cracks-and-potholes-in-road-DatasetNinja/ds0/img/1092874_DF_251_251BDF0052_00722_RAW.jpg,/Users/anirudh/RoadConditionClassifier/FPGAProject/ml/preprocessed/grid_labels/1092874_DF_251_251BDF0052_00722_RAW.jpg.npy
/Users/anirudh/RoadConditionClassifier/FPGAProject/ml/cracks-and-potholes-in-road-DatasetNinja/ds0/img/1092875_DF_251_251BDF0052_00723_RAW.jpg,/Users/anirudh/RoadConditionClassifier/FPGAProject/ml/preprocessed/grid_labels/1092875_DF_251_251BDF0052_00723_RAW.jpg.npy
/Users/anirudh/RoadConditionClassifier/FPGAProject/ml/cracks-and-potholes-in-road-DatasetNinja/ds0/img/1092876_DF_251_251BDF0052_00725_RAW.jpg,/Users/anirudh/RoadConditionClassifier/FPGAProject/ml/preprocessed/grid_labels/1092876_DF_251_251BDF0052_00725_RAW.jpg.npy
/Users/anirudh/RoadConditionClassifier/FPGAProject/ml/cracks-and-potholes-in-road-DatasetNinja/ds0/img/1092877_DF_251_251BDF0052_00727_RAW.jpg,/Users/anirudh/RoadConditionClassifier/FPGAProject/ml/preprocessed/grid_labels/1092877_DF_251_251BDF0052_00727_RAW.jpg.npy
/Users/anirudh/RoadConditionClassifier/FPGAProject/ml/cracks-and-potholes-in-road-DatasetNinja/ds0/img/1092881_DF_251_251BDF0052_00734_RAW.jpg,/Users/anirudh/RoadConditionClassifier/FPGAProject/ml/preprocessed/grid_labels/1092881_DF_251_251BDF0052_00734_RAW.jpg.npy
/Users/anirudh/RoadConditionClassifier/FPGAProject/ml/cracks-and-potholes-in-road-DatasetNinja/ds0/img/1092885_DF_251_251BDF0052_00741_RAW.jpg,/Users/anirudh/RoadConditionClassifier/FPGAProject/ml/preprocessed/grid_labels/1092885_DF_251_251BDF0052_00741_RAW.jpg.npy
/Users/anirudh/RoadConditionClassifier/FPGAProject/ml/cracks-and-potholes-in-road-DatasetNinja/ds0/img/1092886_DF_251_251BDF0052_00743_RAW.jpg,/Users/anirudh/RoadConditionClassifier/FPGAProject/ml/preprocessed/grid_labels/1092886_DF_251_251BDF0052_00743_RAW.jpg.npy
/Users/anirudh/RoadConditionClassifier/FPGAProject/ml/cracks-and-potholes-in-road-DatasetNinja/ds0/img/1092888_DF_251_251BDF0052_00746_RAW.jpg,/Users/anirudh/RoadConditionClassifier/FPGAProject/ml/preprocessed/grid_labels/1092888_DF_251_251BDF0052_00746_RAW.jpg.npy
/Users/anirudh/RoadConditionClassifier/FPGAProject/ml/cracks-and-potholes-in-road-DatasetNinja/ds0/img/1092889_DF_251_251BDF0052_00748_RAW.jpg,/Users/anirudh/RoadConditionClassifier/FPGAProject/ml/preprocessed/grid_labels/1092889_DF_251_251BDF0052_00748_RAW.jpg.npy
/Users/anirudh/RoadConditionClassifier/FPGAProject/ml/cracks-and-potholes-in-road-DatasetNinja/ds0/img/1092890_DF_251_251BDF0052_00750_RAW.jpg,/Users/anirudh/RoadConditionClassifier/FPGAProject/ml/preprocessed/grid_labels/1092890_DF_251_251BDF0052_00750_RAW.jpg.npy
/Users/anirudh/RoadConditionClassifier/FPGAProject/ml/cracks-and-potholes-in-road-DatasetNinja/ds0/img/1092891_DF_251_251BDF0052_00751_RAW.jpg,/Users/anirudh/RoadConditionClassifier/FPGAProject/ml/preprocessed/grid_labels/1092891_DF_251_251BDF0052_00751_RAW.jpg.npy
/Users/anirudh/RoadConditionClassifier/FPGAProject/ml/cracks-and-potholes-in-road-DatasetNinja/ds0/img/1092892_DF_251_251BDF0052_00753_RAW.jpg,/Users/anirudh/RoadConditionClassifier/FPGAProject/ml/preprocessed/grid_labels/1092892_DF_251_251BDF0052_00753_RAW.jpg.npy
/Users/anirudh/RoadConditionClassifier/FPGAProject/ml/cracks-and-potholes-in-road-DatasetNinja/ds0/img/1092893_DF_251_251BDF0052_00755_RAW.jpg,/Users/anirudh/RoadConditionClassifier/FPGAProject/ml/preprocessed/grid_labels/1092893_DF_251_251BDF0052_00755_RAW.jpg.npy
/Users/anirudh/RoadConditionClassifier/FPGAProject/ml/cracks-and-potholes-in-road-DatasetNinja/ds0/img/1092894_DF_251_251BDF0052_00757_RAW.jpg,/Users/anirudh/RoadConditionClassifier/FPGAProject/ml/preprocessed/grid_labels/1092894_DF_251_251BDF0052_00757_RAW.jpg.npy
/Users/anirudh/RoadConditionClassifier/FPGAProject/ml/cracks-and-potholes-in-road-DatasetNinja/ds0/img/1092895_DF_251_251BDF0052_00759_RAW.jpg,/Users/anirudh/RoadConditionClassifier/FPGAProject/ml/preprocessed/grid_labels/1092895_DF_251_251BDF0052_00759_RAW.jpg.npy
/Users/anirudh/RoadConditionClassifier/FPGAProject/ml/cracks-and-potholes-in-road-DatasetNinja/ds0/img/1092898_DF_251_251BDF0052_00764_RAW.jpg,/Users/anirudh/RoadConditionClassifier/FPGAProject/ml/preprocessed/grid_labels/1092898_DF_251_251BDF0052_00764_RAW.jpg.npy
/Users/anirudh/RoadConditionClassifier/FPGAProject/ml/cracks-and-potholes-in-road-DatasetNinja/ds0/img/1092899_DF_251_251BDF0052_00766_RAW.jpg,/Users/anirudh/RoadConditionClassifier/FPGAProject/ml/preprocessed/grid_labels/1092899_DF_251_251BDF0052_00766_RAW.jpg.npy
/Users/anirudh/RoadConditionClassifier/FPGAProject/ml/cracks-and-potholes-in-road-DatasetNinja/ds0/img/1092900_DF_251_251BDF0052_00768_RAW.jpg,/Users/anirudh/RoadConditionClassifier/FPGAProject/ml/preprocessed/grid_labels/1092900_DF_251_251BDF0052_00768_RAW.jpg.npy
/Users/anirudh/RoadConditionClassifier/FPGAProject/ml/cracks-and-potholes-in-road-DatasetNinja/ds0/img/1092901_DF_251_251BDF0052_00770_RAW.jpg,/Users/anirudh/RoadConditionClassifier/FPGAProject/ml/preprocessed/grid_labels/1092901_DF_251_251BDF0052_00770_RAW.jpg.npy
/Users/anirudh/RoadConditionClassifier/FPGAProject/ml/cracks-and-potholes-in-road-DatasetNinja/ds0/img/1092902_DF_251_251BDF0052_00771_RAW.jpg,/Users/anirudh/RoadConditionClassifier/FPGAProject/ml/preprocessed/grid_labels/1092902_DF_251_251BDF0052_00771_RAW.jpg.npy
/Users/anirudh/RoadConditionClassifier/FPGAProject/ml/cracks-and-potholes-in-road-DatasetNinja/ds0/img/1092903_DF_251_251BDF0052_00773_RAW.jpg,/Users/anirudh/RoadConditionClassifier/FPGAProject/ml/preprocessed/grid_labels/1092903_DF_251_251BDF0052_00773_RAW.jpg.npy
/Users/anirudh/RoadConditionClassifier/FPGAProject/ml/cracks-and-potholes-in-road-DatasetNinja/ds0/img/1092904_DF_251_251BDF0052_00775_RAW.jpg,/Users/anirudh/RoadConditionClassifier/FPGAProject/ml/preprocessed/grid_labels/1092904_DF_251_251BDF0052_00775_RAW.jpg.npy
/Users/anirudh/RoadConditionClassifier/FPGAProject/ml/cracks-and-potholes-in-road-DatasetNinja/ds0/img/1092905_DF_251_251BDF0052_00777_RAW.jpg,/Users/anirudh/RoadConditionClassifier/FPGAProject/ml/preprocessed/grid_labels/1092905_DF_251_251BDF0052_00777_RAW.jpg.npy
/Users/anirudh/RoadConditionClassifier/FPGAProject/ml/cracks-and-potholes-in-road-DatasetNinja/ds0/img/1092906_DF_251_251BDF0052_00778_RAW.jpg,/Users/anirudh/RoadConditionClassifier/FPGAProject/ml/preprocessed/grid_labels/1092906_DF_251_251BDF0052_00778_RAW.jpg.npy
/Users/anirudh/RoadConditionClassifier/FPGAProject/ml/cracks-and-potholes-in-road-DatasetNinja/ds0/img/1092907_DF_251_251BDF0052_00780_RAW.jpg,/Users/anirudh/RoadConditionClassifier/FPGAProject/ml/preprocessed/grid_labels/1092907_DF_251_251BDF0052_00780_RAW.jpg.npy
/Users/anirudh/RoadConditionClassifier/FPGAProject/ml/cracks-and-potholes-in-road-DatasetNinja/ds0/img/1092908_DF_251_251BDF0052_00782_RAW.jpg,/Users/anirudh/RoadConditionClassifier/FPGAProject/ml/preprocessed/grid_labels/1092908_DF_251_251BDF0052_00782_RAW.jpg.npy
/Users/anirudh/RoadConditionClassifier/FPGAProject/ml/cracks-and-potholes-in-road-DatasetNinja/ds0/img/1092909_DF_251_251BDF0052_00784_RAW.jpg,/Users/anirudh/RoadConditionClassifier/FPGAProject/ml/preprocessed/grid_labels/1092909_DF_251_251BDF0052_00784_RAW.jpg.npy
/Users/anirudh/RoadConditionClassifier/FPGAProject/ml/cracks-and-potholes-in-road-DatasetNinja/ds0/img/1092936_DF_251_251BDF0052_00831_RAW.jpg,/Users/anirudh/RoadConditionClassifier/FPGAProject/ml/preprocessed/grid_labels/1092936_DF_251_251BDF0052_00831_RAW.jpg.npy
/Users/anirudh/RoadConditionClassifier/FPGAProject/ml/cracks-and-potholes-in-road-DatasetNinja/ds0/img/1092937_DF_251_251BDF0052_00833_RAW.jpg,/Users/anirudh/RoadConditionClassifier/FPGAProject/ml/preprocessed/grid_labels/1092937_DF_251_251BDF0052_00833_RAW.jpg.npy
/Users/anirudh/RoadConditionClassifier/FPGAProject/ml/cracks-and-potholes-in-road-DatasetNinja/ds0/img/1092938_DF_251_251BDF0052_00835_RAW.jpg,/Users/anirudh/RoadConditionClassifier/FPGAProject/ml/preprocessed/grid_labels/1092938_DF_251_251BDF0052_00835_RAW.jpg.npy
/Users/anirudh/RoadConditionClassifier/FPGAProject/ml/cracks-and-potholes-in-road-DatasetNinja/ds0/img/1092939_DF_251_251BDF0052_00836_RAW.jpg,/Users/anirudh/RoadConditionClassifier/FPGAProject/ml/preprocessed/grid_labels/1092939_DF_251_251BDF0052_00836_RAW.jpg.npy
/Users/anirudh/RoadConditionClassifier/FPGAProject/ml/cracks-and-potholes-in-road-DatasetNinja/ds0/img/1092940_DF_251_251BDF0052_00838_RAW.jpg,/Users/anirudh/RoadConditionClassifier/FPGAProject/ml/preprocessed/grid_labels/1092940_DF_251_251BDF0052_00838_RAW.jpg.npy
/Users/anirudh/RoadConditionClassifier/FPGAProject/ml/cracks-and-potholes-in-road-DatasetNinja/ds0/img/1092941_DF_251_251BDF0052_00839_RAW.jpg,/Users/anirudh/RoadConditionClassifier/FPGAProject/ml/preprocessed/grid_labels/1092941_DF_251_251BDF0052_00839_RAW.jpg.npy
/Users/anirudh/RoadConditionClassifier/FPGAProject/ml/cracks-and-potholes-in-road-DatasetNinja/ds0/img/1092942_DF_251_251BDF0052_00841_RAW.jpg,/Users/anirudh/RoadConditionClassifier/FPGAProject/ml/preprocessed/grid_labels/1092942_DF_251_251BDF0052_00841_RAW.jpg.npy
/Users/anirudh/RoadConditionClassifier/FPGAProject/ml/cracks-and-potholes-in-road-DatasetNinja/ds0/img/1092944_DF_251_251BDF0052_00844_RAW.jpg,/Users/anirudh/RoadConditionClassifier/FPGAProject/ml/preprocessed/grid_labels/1092944_DF_251_251BDF0052_00844_RAW.jpg.npy
/Users/anirudh/RoadConditionClassifier/FPGAProject/ml/cracks-and-potholes-in-road-DatasetNinja/ds0/img/1092945_DF_251_251BDF0052_00846_RAW.jpg,/Users/anirudh/RoadConditionClassifier/FPGAProject/ml/preprocessed/grid_labels/1092945_DF_251_251BDF0052_00846_RAW.jpg.npy
/Users/anirudh/RoadConditionClassifier/FPGAProject/ml/cracks-and-potholes-in-road-DatasetNinja/ds0/img/1092946_DF_251_251BDF0052_00848_RAW.jpg,/Users/anirudh/RoadConditionClassifier/FPGAProject/ml/preprocessed/grid_labels/1092946_DF_251_251BDF0052_00848_RAW.jpg.npy
/Users/anirudh/RoadConditionClassifier/FPGAProject/ml/cracks-and-potholes-in-road-DatasetNinja/ds0/img/1092947_DF_251_251BDF0052_00849_RAW.jpg,/Users/anirudh/RoadConditionClassifier/FPGAProject/ml/preprocessed/grid_labels/1092947_DF_251_251BDF0052_00849_RAW.jpg.npy
/Users/anirudh/RoadConditionClassifier/FPGAProject/ml/cracks-and-potholes-in-road-DatasetNinja/ds0/img/1092948_DF_251_251BDF0052_00851_RAW.jpg,/Users/anirudh/RoadConditionClassifier/FPGAProject/ml/preprocessed/grid_labels/1092948_DF_251_251BDF0052_00851_RAW.jpg.npy
/Users/anirudh/RoadConditionClassifier/FPGAProject/ml/cracks-and-potholes-in-road-DatasetNinja/ds0/img/1092954_DF_251_251BDF0052_00863_RAW.jpg,/Users/anirudh/RoadConditionClassifier/FPGAProject/ml/preprocessed/grid_labels/1092954_DF_251_251BDF0052_00863_RAW.jpg.npy
/Users/anirudh/RoadConditionClassifier/FPGAProject/ml/cracks-and-potholes-in-road-DatasetNinja/ds0/img/1092955_DF_251_251BDF0052_00865_RAW.jpg,/Users/anirudh/RoadConditionClassifier/FPGAProject/ml/preprocessed/grid_labels/1092955_DF_251_251BDF0052_00865_RAW.jpg.npy
/Users/anirudh/RoadConditionClassifier/FPGAProject/ml/cracks-and-potholes-in-road-DatasetNinja/ds0/img/1092957_DF_251_251BDF0052_00869_RAW.jpg,/Users/anirudh/RoadConditionClassifier/FPGAProject/ml/preprocessed/grid_labels/1092957_DF_251_251BDF0052_00869_RAW.jpg.npy
/Users/anirudh/RoadConditionClassifier/FPGAProject/ml/cracks-and-potholes-in-road-DatasetNinja/ds0/img/1092958_DF_251_251BDF0052_00870_RAW.jpg,/Users/anirudh/RoadConditionClassifier/FPGAProject/ml/preprocessed/grid_labels/1092958_DF_251_251BDF0052_00870_RAW.jpg.npy
/Users/anirudh/RoadConditionClassifier/FPGAProject/ml/cracks-and-potholes-in-road-DatasetNinja/ds0/img/1092959_DF_251_251BDF0052_00872_RAW.jpg,/Users/anirudh/RoadConditionClassifier/FPGAProject/ml/preprocessed/grid_labels/1092959_DF_251_251BDF0052_00872_RAW.jpg.npy
/Users/anirudh/RoadConditionClassifier/FPGAProject/ml/cracks-and-potholes-in-road-DatasetNinja/ds0/img/1092960_DF_251_251BDF0052_00874_RAW.jpg,/Users/anirudh/RoadConditionClassifier/FPGAProject/ml/preprocessed/grid_labels/1092960_DF_251_251BDF0052_00874_RAW.jpg.npy
/Users/anirudh/RoadConditionClassifier/FPGAProject/ml/cracks-and-potholes-in-road-DatasetNinja/ds0/img/1092961_DF_251_251BDF0052_00876_RAW.jpg,/Users/anirudh/RoadConditionClassifier/FPGAProject/ml/preprocessed/grid_labels/1092961_DF_251_251BDF0052_00876_RAW.jpg.npy
/Users/anirudh/RoadConditionClassifier/FPGAProject/ml/cracks-and-potholes-in-road-DatasetNinja/ds0/img/1092962_DF_251_251BDF0052_00877_RAW.jpg,/Users/anirudh/RoadConditionClassifier/FPGAProject/ml/preprocessed/grid_labels/1092962_DF_251_251BDF0052_00877_RAW.jpg.npy
/Users/anirudh/RoadConditionClassifier/FPGAProject/ml/cracks-and-potholes-in-road-DatasetNinja/ds0/img/1092963_DF_251_251BDF0052_00879_RAW.jpg,/Users/anirudh/RoadConditionClassifier/FPGAProject/ml/preprocessed/grid_labels/1092963_DF_251_251BDF0052_00879_RAW.jpg.npy
/Users/anirudh/RoadConditionClassifier/FPGAProject/ml/cracks-and-potholes-in-road-DatasetNinja/ds0/img/1092964_DF_251_251BDF0052_00881_RAW.jpg,/Users/anirudh/RoadConditionClassifier/FPGAProject/ml/preprocessed/grid_labels/1092964_DF_251_251BDF0052_00881_RAW.jpg.npy
/Users/anirudh/RoadConditionClassifier/FPGAProject/ml/cracks-and-potholes-in-road-DatasetNinja/ds0/img/1092965_DF_251_251BDF0052_00883_RAW.jpg,/Users/anirudh/RoadConditionClassifier/FPGAProject/ml/preprocessed/grid_labels/1092965_DF_251_251BDF0052_00883_RAW.jpg.npy
/Users/anirudh/RoadConditionClassifier/FPGAProject/ml/cracks-and-potholes-in-road-DatasetNinja/ds0/img/1092966_DF_251_251BDF0052_00885_RAW.jpg,/Users/anirudh/RoadConditionClassifier/FPGAProject/ml/preprocessed/grid_labels/1092966_DF_251_251BDF0052_00885_RAW.jpg.npy
/Users/anirudh/RoadConditionClassifier/FPGAProject/ml/cracks-and-potholes-in-road-DatasetNinja/ds0/img/1092978_DF_251_251BDF0052_00905_RAW.jpg,/Users/anirudh/RoadConditionClassifier/FPGAProject/ml/preprocessed/grid_labels/1092978_DF_251_251BDF0052_00905_RAW.jpg.npy
/Users/anirudh/RoadConditionClassifier/FPGAProject/ml/cracks-and-potholes-in-road-DatasetNinja/ds0/img/1092979_DF_251_251BDF0052_00907_RAW.jpg,/Users/anirudh/RoadConditionClassifier/FPGAProject/ml/preprocessed/grid_labels/1092979_DF_251_251BDF0052_00907_RAW.jpg.npy
/Users/anirudh/RoadConditionClassifier/FPGAProject/ml/cracks-and-potholes-in-road-DatasetNinja/ds0/img/1092980_DF_251_251BDF0052_00909_RAW.jpg,/Users/anirudh/RoadConditionClassifier/FPGAProject/ml/preprocessed/grid_labels/1092980_DF_251_251BDF0052_00909_RAW.jpg.npy
/Users/anirudh/RoadConditionClassifier/FPGAProject/ml/cracks-and-potholes-in-road-DatasetNinja/ds0/img/1092981_DF_251_251BDF0052_00911_RAW.jpg,/Users/anirudh/RoadConditionClassifier/FPGAProject/ml/preprocessed/grid_labels/1092981_DF_251_251BDF0052_00911_RAW.jpg.npy
/Users/anirudh/RoadConditionClassifier/FPGAProject/ml/cracks-and-potholes-in-road-DatasetNinja/ds0/img/1092982_DF_251_251BDF0052_00912_RAW.jpg,/Users/anirudh/RoadConditionClassifier/FPGAProject/ml/preprocessed/grid_labels/1092982_DF_251_251BDF0052_00912_RAW.jpg.npy
/Users/anirudh/RoadConditionClassifier/FPGAProject/ml/cracks-and-potholes-in-road-DatasetNinja/ds0/img/1092983_DF_251_251BDF0052_00914_RAW.jpg,/Users/anirudh/RoadConditionClassifier/FPGAProject/ml/preprocessed/grid_labels/1092983_DF_251_251BDF0052_00914_RAW.jpg.npy
/Users/anirudh/RoadConditionClassifier/FPGAProject/ml/cracks-and-potholes-in-road-DatasetNinja/ds0/img/1092987_DF_251_251BDF0052_00921_RAW.jpg,/Users/anirudh/RoadConditionClassifier/FPGAProject/ml/preprocessed/grid_labels/1092987_DF_251_251BDF0052_00921_RAW.jpg.npy
/Users/anirudh/RoadConditionClassifier/FPGAProject/ml/cracks-and-potholes-in-road-DatasetNinja/ds0/img/1092988_DF_251_251BDF0052_00923_RAW.jpg,/Users/anirudh/RoadConditionClassifier/FPGAProject/ml/preprocessed/grid_labels/1092988_DF_251_251BDF0052_00923_RAW.jpg.npy
/Users/anirudh/RoadConditionClassifier/FPGAProject/ml/cracks-and-potholes-in-road-DatasetNinja/ds0/img/1092989_DF_251_251BDF0052_00925_RAW.jpg,/Users/anirudh/RoadConditionClassifier/FPGAProject/ml/preprocessed/grid_labels/1092989_DF_251_251BDF0052_00925_RAW.jpg.npy
/Users/anirudh/RoadConditionClassifier/FPGAProject/ml/cracks-and-potholes-in-road-DatasetNinja/ds0/img/1092990_DF_251_251BDF0052_00927_RAW.jpg,/Users/anirudh/RoadConditionClassifier/FPGAProject/ml/preprocessed/grid_labels/1092990_DF_251_251BDF0052_00927_RAW.jpg.npy
/Users/anirudh/RoadConditionClassifier/FPGAProject/ml/cracks-and-potholes-in-road-DatasetNinja/ds0/img/1092991_DF_251_251BDF0052_00928_RAW.jpg,/Users/anirudh/RoadConditionClassifier/FPGAProject/ml/preprocessed/grid_labels/1092991_DF_251_251BDF0052_00928_RAW.jpg.npy
/Users/anirudh/RoadConditionClassifier/FPGAProject/ml/cracks-and-potholes-in-road-DatasetNinja/ds0/img/1092992_DF_251_251BDF0052_00931_RAW.jpg,/Users/anirudh/RoadConditionClassifier/FPGAProject/ml/preprocessed/grid_labels/1092992_DF_251_251BDF0052_00931_RAW.jpg.npy
/Users/anirudh/RoadConditionClassifier/FPGAProject/ml/cracks-and-potholes-in-road-DatasetNinja/ds0/img/1092993_DF_251_251BDF0052_00932_RAW.jpg,/Users/anirudh/RoadConditionClassifier/FPGAProject/ml/preprocessed/grid_labels/1092993_DF_251_251BDF0052_00932_RAW.jpg.npy
/Users/anirudh/RoadConditionClassifier/FPGAProject/ml/cracks-and-potholes-in-road-DatasetNinja/ds0/img/1092994_DF_251_251BDF0052_00934_RAW.jpg,/Users/anirudh/RoadConditionClassifier/FPGAProject/ml/preprocessed/grid_labels/1092994_DF_251_251BDF0052_00934_RAW.jpg.npy
/Users/anirudh/RoadConditionClassifier/FPGAProject/ml/cracks-and-potholes-in-road-DatasetNinja/ds0/img/1092995_DF_251_251BDF0052_00936_RAW.jpg,/Users/anirudh/RoadConditionClassifier/FPGAProject/ml/preprocessed/grid_labels/1092995_DF_251_251BDF0052_00936_RAW.jpg.npy
/Users/anirudh/RoadConditionClassifier/FPGAProject/ml/cracks-and-potholes-in-road-DatasetNinja/ds0/img/1092996_DF_251_251BDF0052_00937_RAW.jpg,/Users/anirudh/RoadConditionClassifier/FPGAProject/ml/preprocessed/grid_labels/1092996_DF_251_251BDF0052_00937_RAW.jpg.npy
/Users/anirudh/RoadConditionClassifier/FPGAProject/ml/cracks-and-potholes-in-road-DatasetNinja/ds0/img/1092998_DF_251_251BDF0052_00941_RAW.jpg,/Users/anirudh/RoadConditionClassifier/FPGAProject/ml/preprocessed/grid_labels/1092998_DF_251_251BDF0052_00941_RAW.jpg.npy
/Users/anirudh/RoadConditionClassifier/FPGAProject/ml/cracks-and-potholes-in-road-DatasetNinja/ds0/img/1092999_DF_251_251BDF0052_00943_RAW.jpg,/Users/anirudh/RoadConditionClassifier/FPGAProject/ml/preprocessed/grid_labels/1092999_DF_251_251BDF0052_00943_RAW.jpg.npy
/Users/anirudh/RoadConditionClassifier/FPGAProject/ml/cracks-and-potholes-in-road-DatasetNinja/ds0/img/1093000_DF_251_251BDF0052_00945_RAW.jpg,/Users/anirudh/RoadConditionClassifier/FPGAProject/ml/preprocessed/grid_labels/1093000_DF_251_251BDF0052_00945_RAW.jpg.npy
/Users/anirudh/RoadConditionClassifier/FPGAProject/ml/cracks-and-potholes-in-road-DatasetNinja/ds0/img/1093001_DF_251_251BDF0052_00947_RAW.jpg,/Users/anirudh/RoadConditionClassifier/FPGAProject/ml/preprocessed/grid_labels/1093001_DF_251_251BDF0052_00947_RAW.jpg.npy
/Users/anirudh/RoadConditionClassifier/FPGAProject/ml/cracks-and-potholes-in-road-DatasetNinja/ds0/img/1093003_DF_251_251BDF0052_00950_RAW.jpg,/Users/anirudh/RoadConditionClassifier/FPGAProject/ml/preprocessed/grid_labels/1093003_DF_251_251BDF0052_00950_RAW.jpg.npy
/Users/anirudh/RoadConditionClassifier/FPGAProject/ml/cracks-and-potholes-in-road-DatasetNinja/ds0/img/1093004_DF_251_251BDF0052_00952_RAW.jpg,/Users/anirudh/RoadConditionClassifier/FPGAProject/ml/preprocessed/grid_labels/1093004_DF_251_251BDF0052_00952_RAW.jpg.npy
/Users/anirudh/RoadConditionClassifier/FPGAProject/ml/cracks-and-potholes-in-road-DatasetNinja/ds0/img/1093005_DF_251_251BDF0052_00953_RAW.jpg,/Users/anirudh/RoadConditionClassifier/FPGAProject/ml/preprocessed/grid_labels/1093005_DF_251_251BDF0052_00953_RAW.jpg.npy
/Users/anirudh/RoadConditionClassifier/FPGAProject/ml/cracks-and-potholes-in-road-DatasetNinja/ds0/img/1093006_DF_251_251BDF0052_00955_RAW.jpg,/Users/anirudh/RoadConditionClassifier/FPGAProject/ml/preprocessed/grid_labels/1093006_DF_251_251BDF0052_00955_RAW.jpg.npy
/Users/anirudh/RoadConditionClassifier/FPGAProject/ml/cracks-and-potholes-in-road-DatasetNinja/ds0/img/1093012_DF_251_251BDF0052_00966_RAW.jpg,/Users/anirudh/RoadConditionClassifier/FPGAProject/ml/preprocessed/grid_labels/1093012_DF_251_251BDF0052_00966_RAW.jpg.npy
/Users/anirudh/RoadConditionClassifier/FPGAProject/ml/cracks-and-potholes-in-road-DatasetNinja/ds0/img/1093013_DF_251_251BDF0052_00968_RAW.jpg,/Users/anirudh/RoadConditionClassifier/FPGAProject/ml/preprocessed/grid_labels/1093013_DF_251_251BDF0052_00968_RAW.jpg.npy
/Users/anirudh/RoadConditionClassifier/FPGAProject/ml/cracks-and-potholes-in-road-DatasetNinja/ds0/img/1093014_DF_251_251BDF0052_00970_RAW.jpg,/Users/anirudh/RoadConditionClassifier/FPGAProject/ml/preprocessed/grid_labels/1093014_DF_251_251BDF0052_00970_RAW.jpg.npy
/Users/anirudh/RoadConditionClassifier/FPGAProject/ml/cracks-and-potholes-in-road-DatasetNinja/ds0/img/1093015_DF_251_251BDF0052_00971_RAW.jpg,/Users/anirudh/RoadConditionClassifier/FPGAProject/ml/preprocessed/grid_labels/1093015_DF_251_251BDF0052_00971_RAW.jpg.npy
/Users/anirudh/RoadConditionClassifier/FPGAProject/ml/cracks-and-potholes-in-road-DatasetNinja/ds0/img/1093016_DF_251_251BDF0052_00973_RAW.jpg,/Users/anirudh/RoadConditionClassifier/FPGAProject/ml/preprocessed/grid_labels/1093016_DF_251_251BDF0052_00973_RAW.jpg.npy
/Users/anirudh/RoadConditionClassifier/FPGAProject/ml/cracks-and-potholes-in-road-DatasetNinja/ds0/img/1093017_DF_251_251BDF0052_00975_RAW.jpg,/Users/anirudh/RoadConditionClassifier/FPGAProject/ml/preprocessed/grid_labels/1093017_DF_251_251BDF0052_00975_RAW.jpg.npy
/Users/anirudh/RoadConditionClassifier/FPGAProject/ml/cracks-and-potholes-in-road-DatasetNinja/ds0/img/1093018_DF_251_251BDF0052_00976_RAW.jpg,/Users/anirudh/RoadConditionClassifier/FPGAProject/ml/preprocessed/grid_labels/1093018_DF_251_251BDF0052_00976_RAW.jpg.npy
/Users/anirudh/RoadConditionClassifier/FPGAProject/ml/cracks-and-potholes-in-road-DatasetNinja/ds0/img/1093019_DF_251_251BDF0052_00978_RAW.jpg,/Users/anirudh/RoadConditionClassifier/FPGAProject/ml/preprocessed/grid_labels/1093019_DF_251_251BDF0052_00978_RAW.jpg.npy
/Users/anirudh/RoadConditionClassifier/FPGAProject/ml/cracks-and-potholes-in-road-DatasetNinja/ds0/img/1093020_DF_251_251BDF0052_00980_RAW.jpg,/Users/anirudh/RoadConditionClassifier/FPGAProject/ml/preprocessed/grid_labels/1093020_DF_251_251BDF0052_00980_RAW.jpg.npy
/Users/anirudh/RoadConditionClassifier/FPGAProject/ml/cracks-and-potholes-in-road-DatasetNinja/ds0/img/1093021_DF_251_251BDF0052_00982_RAW.jpg,/Users/anirudh/RoadConditionClassifier/FPGAProject/ml/preprocessed/grid_labels/1093021_DF_251_251BDF0052_00982_RAW.jpg.npy
/Users/anirudh/RoadConditionClassifier/FPGAProject/ml/cracks-and-potholes-in-road-DatasetNinja/ds0/img/1093022_DF_251_251BDF0052_00984_RAW.jpg,/Users/anirudh/RoadConditionClassifier/FPGAProject/ml/preprocessed/grid_labels/1093022_DF_251_251BDF0052_00984_RAW.jpg.npy
/Users/anirudh/RoadConditionClassifier/FPGAProject/ml/cracks-and-potholes-in-road-DatasetNinja/ds0/img/1093023_DF_251_251BDF0052_00986_RAW.jpg,/Users/anirudh/RoadConditionClassifier/FPGAProject/ml/preprocessed/grid_labels/1093023_DF_251_251BDF0052_00986_RAW.jpg.npy
/Users/anirudh/RoadConditionClassifier/FPGAProject/ml/cracks-and-potholes-in-road-DatasetNinja/ds0/img/1093024_DF_251_251BDF0052_00987_RAW.jpg,/Users/anirudh/RoadConditionClassifier/FPGAProject/ml/preprocessed/grid_labels/1093024_DF_251_251BDF0052_00987_RAW.jpg.npy
/Users/anirudh/RoadConditionClassifier/FPGAProject/ml/cracks-and-potholes-in-road-DatasetNinja/ds0/img/1093082_DF_251_251BDF0052_01089_RAW.jpg,/Users/anirudh/RoadConditionClassifier/FPGAProject/ml/preprocessed/grid_labels/1093082_DF_251_251BDF0052_01089_RAW.jpg.npy
/Users/anirudh/RoadConditionClassifier/FPGAProject/ml/cracks-and-potholes-in-road-DatasetNinja/ds0/img/1093083_DF_251_251BDF0052_01091_RAW.jpg,/Users/anirudh/RoadConditionClassifier/FPGAProject/ml/preprocessed/grid_labels/1093083_DF_251_251BDF0052_01091_RAW.jpg.npy
/Users/anirudh/RoadConditionClassifier/FPGAProject/ml/cracks-and-potholes-in-road-DatasetNinja/ds0/img/1093084_DF_251_251BDF0052_01092_RAW.jpg,/Users/anirudh/RoadConditionClassifier/FPGAProject/ml/preprocessed/grid_labels/1093084_DF_251_251BDF0052_01092_RAW.jpg.npy
/Users/anirudh/RoadConditionClassifier/FPGAProject/ml/cracks-and-potholes-in-road-DatasetNinja/ds0/img/1093097_DF_251_251BDF0052_01115_RAW.jpg,/Users/anirudh/RoadConditionClassifier/FPGAProject/ml/preprocessed/grid_labels/1093097_DF_251_251BDF0052_01115_RAW.jpg.npy
/Users/anirudh/RoadConditionClassifier/FPGAProject/ml/cracks-and-potholes-in-road-DatasetNinja/ds0/img/1093098_DF_251_251BDF0052_01116_RAW.jpg,/Users/anirudh/RoadConditionClassifier/FPGAProject/ml/preprocessed/grid_labels/1093098_DF_251_251BDF0052_01116_RAW.jpg.npy
/Users/anirudh/RoadConditionClassifier/FPGAProject/ml/cracks-and-potholes-in-road-DatasetNinja/ds0/img/1093099_DF_251_251BDF0052_01118_RAW.jpg,/Users/anirudh/RoadConditionClassifier/FPGAProject/ml/preprocessed/grid_labels/1093099_DF_251_251BDF0052_01118_RAW.jpg.npy
/Users/anirudh/RoadConditionClassifier/FPGAProject/ml/cracks-and-potholes-in-road-DatasetNinja/ds0/img/1093100_DF_251_251BDF0052_01120_RAW.jpg,/Users/anirudh/RoadConditionClassifier/FPGAProject/ml/preprocessed/grid_labels/1093100_DF_251_251BDF0052_01120_RAW.jpg.npy
/Users/anirudh/RoadConditionClassifier/FPGAProject/ml/cracks-and-potholes-in-road-DatasetNinja/ds0/img/1093101_DF_251_251BDF0052_01121_RAW.jpg,/Users/anirudh/RoadConditionClassifier/FPGAProject/ml/preprocessed/grid_labels/1093101_DF_251_251BDF0052_01121_RAW.jpg.npy
/Users/anirudh/RoadConditionClassifier/FPGAProject/ml/cracks-and-potholes-in-road-DatasetNinja/ds0/img/1093102_DF_251_251BDF0052_01123_RAW.jpg,/Users/anirudh/RoadConditionClassifier/FPGAProject/ml/preprocessed/grid_labels/1093102_DF_251_251BDF0052_01123_RAW.jpg.npy
/Users/anirudh/RoadConditionClassifier/FPGAProject/ml/cracks-and-potholes-in-road-DatasetNinja/ds0/img/1093203_DF_251_251BDF0052_01334_RAW.jpg,/Users/anirudh/RoadConditionClassifier/FPGAProject/ml/preprocessed/grid_labels/1093203_DF_251_251BDF0052_01334_RAW.jpg.npy
/Users/anirudh/RoadConditionClassifier/FPGAProject/ml/cracks-and-potholes-in-road-DatasetNinja/ds0/img/1093204_DF_251_251BDF0052_01335_RAW.jpg,/Users/anirudh/RoadConditionClassifier/FPGAProject/ml/preprocessed/grid_labels/1093204_DF_251_251BDF0052_01335_RAW.jpg.npy
/Users/anirudh/RoadConditionClassifier/FPGAProject/ml/cracks-and-potholes-in-road-DatasetNinja/ds0/img/1093250_DF_251_251BDF0052_01416_RAW.jpg,/Users/anirudh/RoadConditionClassifier/FPGAProject/ml/preprocessed/grid_labels/1093250_DF_251_251BDF0052_01416_RAW.jpg.npy
/Users/anirudh/RoadConditionClassifier/FPGAProject/ml/cracks-and-potholes-in-road-DatasetNinja/ds0/img/1093251_DF_251_251BDF0052_01417_RAW.jpg,/Users/anirudh/RoadConditionClassifier/FPGAProject/ml/preprocessed/grid_labels/1093251_DF_251_251BDF0052_01417_RAW.jpg.npy
/Users/anirudh/RoadConditionClassifier/FPGAProject/ml/cracks-and-potholes-in-road-DatasetNinja/ds0/img/1093257_DF_251_251BDF0052_01427_RAW.jpg,/Users/anirudh/RoadConditionClassifier/FPGAProject/ml/preprocessed/grid_labels/1093257_DF_251_251BDF0052_01427_RAW.jpg.npy
/Users/anirudh/RoadConditionClassifier/FPGAProject/ml/cracks-and-potholes-in-road-DatasetNinja/ds0/img/1093258_DF_251_251BDF0052_01429_RAW.jpg,/Users/anirudh/RoadConditionClassifier/FPGAProject/ml/preprocessed/grid_labels/1093258_DF_251_251BDF0052_01429_RAW.jpg.npy
/Users/anirudh/RoadConditionClassifier/FPGAProject/ml/cracks-and-potholes-in-road-DatasetNinja/ds0/img/1093285_DF_251_251BDF0052_01476_RAW.jpg,/Users/anirudh/RoadConditionClassifier/FPGAProject/ml/preprocessed/grid_labels/1093285_DF_251_251BDF0052_01476_RAW.jpg.npy
/Users/anirudh/RoadConditionClassifier/FPGAProject/ml/cracks-and-potholes-in-road-DatasetNinja/ds0/img/1093337_DF_251_251BDF0052_01595_RAW.jpg,/Users/anirudh/RoadConditionClassifier/FPGAProject/ml/preprocessed/grid_labels/1093337_DF_251_251BDF0052_01595_RAW.jpg.npy
/Users/anirudh/RoadConditionClassifier/FPGAProject/ml/cracks-and-potholes-in-road-DatasetNinja/ds0/img/1093338_DF_251_251BDF0052_01597_RAW.jpg,/Users/anirudh/RoadConditionClassifier/FPGAProject/ml/preprocessed/grid_labels/1093338_DF_251_251BDF0052_01597_RAW.jpg.npy
/Users/anirudh/RoadConditionClassifier/FPGAProject/ml/cracks-and-potholes-in-road-DatasetNinja/ds0/img/1093339_DF_251_251BDF0052_01599_RAW.jpg,/Users/anirudh/RoadConditionClassifier/FPGAProject/ml/preprocessed/grid_labels/1093339_DF_251_251BDF0052_01599_RAW.jpg.npy
/Users/anirudh/RoadConditionClassifier/FPGAProject/ml/cracks-and-potholes-in-road-DatasetNinja/ds0/img/1093340_DF_251_251BDF0052_01600_RAW.jpg,/Users/anirudh/RoadConditionClassifier/FPGAProject/ml/preprocessed/grid_labels/1093340_DF_251_251BDF0052_01600_RAW.jpg.npy
/Users/anirudh/RoadConditionClassifier/FPGAProject/ml/cracks-and-potholes-in-road-DatasetNinja/ds0/img/1093341_DF_251_251BDF0052_01602_RAW.jpg,/Users/anirudh/RoadConditionClassifier/FPGAProject/ml/preprocessed/grid_labels/1093341_DF_251_251BDF0052_01602_RAW.jpg.npy
/Users/anirudh/RoadConditionClassifier/FPGAProject/ml/cracks-and-potholes-in-road-DatasetNinja/ds0/img/1093490_DF_251_251BDF0052_01857_RAW.jpg,/Users/anirudh/RoadConditionClassifier/FPGAProject/ml/preprocessed/grid_labels/1093490_DF_251_251BDF0052_01857_RAW.jpg.npy
/Users/anirudh/RoadConditionClassifier/FPGAProject/ml/cracks-and-potholes-in-road-DatasetNinja/ds0/img/1093506_DF_251_251BDF0052_01885_RAW.jpg,/Users/anirudh/RoadConditionClassifier/FPGAProject/ml/preprocessed/grid_labels/1093506_DF_251_251BDF0052_01885_RAW.jpg.npy
/Users/anirudh/RoadConditionClassifier/FPGAProject/ml/cracks-and-potholes-in-road-DatasetNinja/ds0/img/1093507_DF_251_251BDF0052_01886_RAW.jpg,/Users/anirudh/RoadConditionClassifier/FPGAProject/ml/preprocessed/grid_labels/1093507_DF_251_251BDF0052_01886_RAW.jpg.npy
/Users/anirudh/RoadConditionClassifier/FPGAProject/ml/cracks-and-potholes-in-road-DatasetNinja/ds0/img/1093532_DF_251_251BDF0052_01928_RAW.jpg,/Users/anirudh/RoadConditionClassifier/FPGAProject/ml/preprocessed/grid_labels/1093532_DF_251_251BDF0052_01928_RAW.jpg.npy
/Users/anirudh/RoadConditionClassifier/FPGAProject/ml/cracks-and-potholes-in-road-DatasetNinja/ds0/img/1093533_DF_251_251BDF0052_01930_RAW.jpg,/Users/anirudh/RoadConditionClassifier/FPGAProject/ml/preprocessed/grid_labels/1093533_DF_251_251BDF0052_01930_RAW.jpg.npy
/Users/anirudh/RoadConditionClassifier/FPGAProject/ml/cracks-and-potholes-in-road-DatasetNinja/ds0/img/1093534_DF_251_251BDF0052_01931_RAW.jpg,/Users/anirudh/RoadConditionClassifier/FPGAProject/ml/preprocessed/grid_labels/1093534_DF_251_251BDF0052_01931_RAW.jpg.npy
/Users/anirudh/RoadConditionClassifier/FPGAProject/ml/cracks-and-potholes-in-road-DatasetNinja/ds0/img/1093596_DF_251_251BDF0052_02035_RAW.jpg,/Users/anirudh/RoadConditionClassifier/FPGAProject/ml/preprocessed/grid_labels/1093596_DF_251_251BDF0052_02035_RAW.jpg.npy
/Users/anirudh/RoadConditionClassifier/FPGAProject/ml/cracks-and-potholes-in-road-DatasetNinja/ds0/img/1093597_DF_251_251BDF0052_02037_RAW.jpg,/Users/anirudh/RoadConditionClassifier/FPGAProject/ml/preprocessed/grid_labels/1093597_DF_251_251BDF0052_02037_RAW.jpg.npy
/Users/anirudh/RoadConditionClassifier/FPGAProject/ml/cracks-and-potholes-in-road-DatasetNinja/ds0/img/1093728_DF_251_251BDF0052_02259_RAW.jpg,/Users/anirudh/RoadConditionClassifier/FPGAProject/ml/preprocessed/grid_labels/1093728_DF_251_251BDF0052_02259_RAW.jpg.npy
/Users/anirudh/RoadConditionClassifier/FPGAProject/ml/cracks-and-potholes-in-road-DatasetNinja/ds0/img/1093729_DF_251_251BDF0052_02261_RAW.jpg,/Users/anirudh/RoadConditionClassifier/FPGAProject/ml/preprocessed/grid_labels/1093729_DF_251_251BDF0052_02261_RAW.jpg.npy
/Users/anirudh/RoadConditionClassifier/FPGAProject/ml/cracks-and-potholes-in-road-DatasetNinja/ds0/img/1093878_DF_251_251BDF0052_02531_RAW.jpg,/Users/anirudh/RoadConditionClassifier/FPGAProject/ml/preprocessed/grid_labels/1093878_DF_251_251BDF0052_02531_RAW.jpg.npy
/Users/anirudh/RoadConditionClassifier/FPGAProject/ml/cracks-and-potholes-in-road-DatasetNinja/ds0/img/1093880_DF_251_251BDF0052_02535_RAW.jpg,/Users/anirudh/RoadConditionClassifier/FPGAProject/ml/preprocessed/grid_labels/1093880_DF_251_251BDF0052_02535_RAW.jpg.npy
/Users/anirudh/RoadConditionClassifier/FPGAProject/ml/cracks-and-potholes-in-road-DatasetNinja/ds0/img/1093881_DF_251_251BDF0052_02537_RAW.jpg,/Users/anirudh/RoadConditionClassifier/FPGAProject/ml/preprocessed/grid_labels/1093881_DF_251_251BDF0052_02537_RAW.jpg.npy
/Users/anirudh/RoadConditionClassifier/FPGAProject/ml/cracks-and-potholes-in-road-DatasetNinja/ds0/img/1093882_DF_251_251BDF0052_02538_RAW.jpg,/Users/anirudh/RoadConditionClassifier/FPGAProject/ml/preprocessed/grid_labels/1093882_DF_251_251BDF0052_02538_RAW.jpg.npy
/Users/anirudh/RoadConditionClassifier/FPGAProject/ml/cracks-and-potholes-in-road-DatasetNinja/ds0/img/1093927_DF_251_251BDF0052_02620_RAW.jpg,/Users/anirudh/RoadConditionClassifier/FPGAProject/ml/preprocessed/grid_labels/1093927_DF_251_251BDF0052_02620_RAW.jpg.npy
/Users/anirudh/RoadConditionClassifier/FPGAProject/ml/cracks-and-potholes-in-road-DatasetNinja/ds0/img/1093928_DF_251_251BDF0052_02622_RAW.jpg,/Users/anirudh/RoadConditionClassifier/FPGAProject/ml/preprocessed/grid_labels/1093928_DF_251_251BDF0052_02622_RAW.jpg.npy
/Users/anirudh/RoadConditionClassifier/FPGAProject/ml/cracks-and-potholes-in-road-DatasetNinja/ds0/img/1093936_DF_251_251BDF0052_02637_RAW.jpg,/Users/anirudh/RoadConditionClassifier/FPGAProject/ml/preprocessed/grid_labels/1093936_DF_251_251BDF0052_02637_RAW.jpg.npy
/Users/anirudh/RoadConditionClassifier/FPGAProject/ml/cracks-and-potholes-in-road-DatasetNinja/ds0/img/1093965_DF_251_251BDF0052_02688_RAW.jpg,/Users/anirudh/RoadConditionClassifier/FPGAProject/ml/preprocessed/grid_labels/1093965_DF_251_251BDF0052_02688_RAW.jpg.npy
/Users/anirudh/RoadConditionClassifier/FPGAProject/ml/cracks-and-potholes-in-road-DatasetNinja/ds0/img/1093966_DF_251_251BDF0052_02690_RAW.jpg,/Users/anirudh/RoadConditionClassifier/FPGAProject/ml/preprocessed/grid_labels/1093966_DF_251_251BDF0052_02690_RAW.jpg.npy
/Users/anirudh/RoadConditionClassifier/FPGAProject/ml/cracks-and-potholes-in-road-DatasetNinja/ds0/img/1093967_DF_251_251BDF0052_02692_RAW.jpg,/Users/anirudh/RoadConditionClassifier/FPGAProject/ml/preprocessed/grid_labels/1093967_DF_251_251BDF0052_02692_RAW.jpg.npy
/Users/anirudh/RoadConditionClassifier/FPGAProject/ml/cracks-and-potholes-in-road-DatasetNinja/ds0/img/1093968_DF_251_251BDF0052_02694_RAW.jpg,/Users/anirudh/RoadConditionClassifier/FPGAProject/ml/preprocessed/grid_labels/1093968_DF_251_251BDF0052_02694_RAW.jpg.npy
/Users/anirudh/RoadConditionClassifier/FPGAProject/ml/cracks-and-potholes-in-road-DatasetNinja/ds0/img/1093982_DF_251_251BDF0052_02720_RAW.jpg,/Users/anirudh/RoadConditionClassifier/FPGAProject/ml/preprocessed/grid_labels/1093982_DF_251_251BDF0052_02720_RAW.jpg.npy
/Users/anirudh/RoadConditionClassifier/FPGAProject/ml/cracks-and-potholes-in-road-DatasetNinja/ds0/img/1094000_DF_251_251BDF0052_02753_RAW.jpg,/Users/anirudh/RoadConditionClassifier/FPGAProject/ml/preprocessed/grid_labels/1094000_DF_251_251BDF0052_02753_RAW.jpg.npy
/Users/anirudh/RoadConditionClassifier/FPGAProject/ml/cracks-and-potholes-in-road-DatasetNinja/ds0/img/1094001_DF_251_251BDF0052_02755_RAW.jpg,/Users/anirudh/RoadConditionClassifier/FPGAProject/ml/preprocessed/grid_labels/1094001_DF_251_251BDF0052_02755_RAW.jpg.npy
/Users/anirudh/RoadConditionClassifier/FPGAProject/ml/cracks-and-potholes-in-road-DatasetNinja/ds0/img/1094002_DF_251_251BDF0052_02756_RAW.jpg,/Users/anirudh/RoadConditionClassifier/FPGAProject/ml/preprocessed/grid_labels/1094002_DF_251_251BDF0052_02756_RAW.jpg.npy
/Users/anirudh/RoadConditionClassifier/FPGAProject/ml/cracks-and-potholes-in-road-DatasetNinja/ds0/img/1094003_DF_251_251BDF0052_02758_RAW.jpg,/Users/anirudh/RoadConditionClassifier/FPGAProject/ml/preprocessed/grid_labels/1094003_DF_251_251BDF0052_02758_RAW.jpg.npy
/Users/anirudh/RoadConditionClassifier/FPGAProject/ml/cracks-and-potholes-in-road-DatasetNinja/ds0/img/1094047_DF_251_251BDF0052_02839_RAW.jpg,/Users/anirudh/RoadConditionClassifier/FPGAProject/ml/preprocessed/grid_labels/1094047_DF_251_251BDF0052_02839_RAW.jpg.npy
/Users/anirudh/RoadConditionClassifier/FPGAProject/ml/cracks-and-potholes-in-road-DatasetNinja/ds0/img/1094173_DF_251_251BDF0052_03073_RAW.jpg,/Users/anirudh/RoadConditionClassifier/FPGAProject/ml/preprocessed/grid_labels/1094173_DF_251_251BDF0052_03073_RAW.jpg.npy
/Users/anirudh/RoadConditionClassifier/FPGAProject/ml/cracks-and-potholes-in-road-DatasetNinja/ds0/img/1094241_DF_251_251BDF0052_03202_RAW.jpg,/Users/anirudh/RoadConditionClassifier/FPGAProject/ml/preprocessed/grid_labels/1094241_DF_251_251BDF0052_03202_RAW.jpg.npy
/Users/anirudh/RoadConditionClassifier/FPGAProject/ml/cracks-and-potholes-in-road-DatasetNinja/ds0/img/1094242_DF_251_251BDF0052_03203_RAW.jpg,/Users/anirudh/RoadConditionClassifier/FPGAProject/ml/preprocessed/grid_labels/1094242_DF_251_251BDF0052_03203_RAW.jpg.npy
/Users/anirudh/RoadConditionClassifier/FPGAProject/ml/cracks-and-potholes-in-road-DatasetNinja/ds0/img/1094243_DF_251_251BDF0052_03205_RAW.jpg,/Users/anirudh/RoadConditionClassifier/FPGAProject/ml/preprocessed/grid_labels/1094243_DF_251_251BDF0052_03205_RAW.jpg.npy
/Users/anirudh/RoadConditionClassifier/FPGAProject/ml/cracks-and-potholes-in-road-DatasetNinja/ds0/img/1094244_DF_251_251BDF0052_03207_RAW.jpg,/Users/anirudh/RoadConditionClassifier/FPGAProject/ml/preprocessed/grid_labels/1094244_DF_251_251BDF0052_03207_RAW.jpg.npy
/Users/anirudh/RoadConditionClassifier/FPGAProject/ml/cracks-and-potholes-in-road-DatasetNinja/ds0/img/1094247_DF_251_251BDF0052_03214_RAW.jpg,/Users/anirudh/RoadConditionClassifier/FPGAProject/ml/preprocessed/grid_labels/1094247_DF_251_251BDF0052_03214_RAW.jpg.npy
/Users/anirudh/RoadConditionClassifier/FPGAProject/ml/cracks-and-potholes-in-road-DatasetNinja/ds0/img/1094248_DF_251_251BDF0052_03216_RAW.jpg,/Users/anirudh/RoadConditionClassifier/FPGAProject/ml/preprocessed/grid_labels/1094248_DF_251_251BDF0052_03216_RAW.jpg.npy
/Users/anirudh/RoadConditionClassifier/FPGAProject/ml/cracks-and-potholes-in-road-DatasetNinja/ds0/img/1094253_DF_251_251BDF0052_03226_RAW.jpg,/Users/anirudh/RoadConditionClassifier/FPGAProject/ml/preprocessed/grid_labels/1094253_DF_251_251BDF0052_03226_RAW.jpg.npy
/Users/anirudh/RoadConditionClassifier/FPGAProject/ml/cracks-and-potholes-in-road-DatasetNinja/ds0/img/1094254_DF_251_251BDF0052_03227_RAW.jpg,/Users/anirudh/RoadConditionClassifier/FPGAProject/ml/preprocessed/grid_labels/1094254_DF_251_251BDF0052_03227_RAW.jpg.npy
/Users/anirudh/RoadConditionClassifier/FPGAProject/ml/cracks-and-potholes-in-road-DatasetNinja/ds0/img/1094256_DF_251_251BDF0052_03232_RAW.jpg,/Users/anirudh/RoadConditionClassifier/FPGAProject/ml/preprocessed/grid_labels/1094256_DF_251_251BDF0052_03232_RAW.jpg.npy
/Users/anirudh/RoadConditionClassifier/FPGAProject/ml/cracks-and-potholes-in-road-DatasetNinja/ds0/img/1094259_DF_251_251BDF0052_03238_RAW.jpg,/Users/anirudh/RoadConditionClassifier/FPGAProject/ml/preprocessed/grid_labels/1094259_DF_251_251BDF0052_03238_RAW.jpg.npy
/Users/anirudh/RoadConditionClassifier/FPGAProject/ml/cracks-and-potholes-in-road-DatasetNinja/ds0/img/1094260_DF_251_251BDF0052_03239_RAW.jpg,/Users/anirudh/RoadConditionClassifier/FPGAProject/ml/preprocessed/grid_labels/1094260_DF_251_251BDF0052_03239_RAW.jpg.npy
/Users/anirudh/RoadConditionClassifier/FPGAProject/ml/cracks-and-potholes-in-road-DatasetNinja/ds0/img/1094261_DF_251_251BDF0052_03241_RAW.jpg,/Users/anirudh/RoadConditionClassifier/FPGAProject/ml/preprocessed/grid_labels/1094261_DF_251_251BDF0052_03241_RAW.jpg.npy
/Users/anirudh/RoadConditionClassifier/FPGAProject/ml/cracks-and-potholes-in-road-DatasetNinja/ds0/img/1094275_DF_251_251BDF0052_03267_RAW.jpg,/Users/anirudh/RoadConditionClassifier/FPGAProject/ml/preprocessed/grid_labels/1094275_DF_251_251BDF0052_03267_RAW.jpg.npy
/Users/anirudh/RoadConditionClassifier/FPGAProject/ml/cracks-and-potholes-in-road-DatasetNinja/ds0/img/1094276_DF_251_251BDF0052_03269_RAW.jpg,/Users/anirudh/RoadConditionClassifier/FPGAProject/ml/preprocessed/grid_labels/1094276_DF_251_251BDF0052_03269_RAW.jpg.npy
/Users/anirudh/RoadConditionClassifier/FPGAProject/ml/cracks-and-potholes-in-road-DatasetNinja/ds0/img/1094278_DF_251_251BDF0052_03273_RAW.jpg,/Users/anirudh/RoadConditionClassifier/FPGAProject/ml/preprocessed/grid_labels/1094278_DF_251_251BDF0052_03273_RAW.jpg.npy
/Users/anirudh/RoadConditionClassifier/FPGAProject/ml/cracks-and-potholes-in-road-DatasetNinja/ds0/img/1094279_DF_251_251BDF0052_03275_RAW.jpg,/Users/anirudh/RoadConditionClassifier/FPGAProject/ml/preprocessed/grid_labels/1094279_DF_251_251BDF0052_03275_RAW.jpg.npy
/Users/anirudh/RoadConditionClassifier/FPGAProject/ml/cracks-and-potholes-in-road-DatasetNinja/ds0/img/1094285_DF_251_251BDF0052_03285_RAW.jpg,/Users/anirudh/RoadConditionClassifier/FPGAProject/ml/preprocessed/grid_labels/1094285_DF_251_251BDF0052_03285_RAW.jpg.npy
/Users/anirudh/RoadConditionClassifier/FPGAProject/ml/cracks-and-potholes-in-road-DatasetNinja/ds0/img/1094287_DF_251_251BDF0052_03289_RAW.jpg,/Users/anirudh/RoadConditionClassifier/FPGAProject/ml/preprocessed/grid_labels/1094287_DF_251_251BDF0052_03289_RAW.jpg.npy
/Users/anirudh/RoadConditionClassifier/FPGAProject/ml/cracks-and-potholes-in-road-DatasetNinja/ds0/img/1094288_DF_251_251BDF0052_03291_RAW.jpg,/Users/anirudh/RoadConditionClassifier/FPGAProject/ml/preprocessed/grid_labels/1094288_DF_251_251BDF0052_03291_RAW.jpg.npy
/Users/anirudh/RoadConditionClassifier/FPGAProject/ml/cracks-and-potholes-in-road-DatasetNinja/ds0/img/1094289_DF_251_251BDF0052_03293_RAW.jpg,/Users/anirudh/RoadConditionClassifier/FPGAProject/ml/preprocessed/grid_labels/1094289_DF_251_251BDF0052_03293_RAW.jpg.npy
/Users/anirudh/RoadConditionClassifier/FPGAProject/ml/cracks-and-potholes-in-road-DatasetNinja/ds0/img/1094290_DF_251_251BDF0052_03295_RAW.jpg,/Users/anirudh/RoadConditionClassifier/FPGAProject/ml/preprocessed/grid_labels/1094290_DF_251_251BDF0052_03295_RAW.jpg.npy
/Users/anirudh/RoadConditionClassifier/FPGAProject/ml/cracks-and-potholes-in-road-DatasetNinja/ds0/img/1094535_DF_251_251BDF0052_03747_RAW.jpg,/Users/anirudh/RoadConditionClassifier/FPGAProject/ml/preprocessed/grid_labels/1094535_DF_251_251BDF0052_03747_RAW.jpg.npy
/Users/anirudh/RoadConditionClassifier/FPGAProject/ml/cracks-and-potholes-in-road-DatasetNinja/ds0/img/1094543_DF_251_251BDF0052_03762_RAW.jpg,/Users/anirudh/RoadConditionClassifier/FPGAProject/ml/preprocessed/grid_labels/1094543_DF_251_251BDF0052_03762_RAW.jpg.npy
/Users/anirudh/RoadConditionClassifier/FPGAProject/ml/cracks-and-potholes-in-road-DatasetNinja/ds0/img/1094544_DF_251_251BDF0052_03764_RAW.jpg,/Users/anirudh/RoadConditionClassifier/FPGAProject/ml/preprocessed/grid_labels/1094544_DF_251_251BDF0052_03764_RAW.jpg.npy
/Users/anirudh/RoadConditionClassifier/FPGAProject/ml/cracks-and-potholes-in-road-DatasetNinja/ds0/img/1094551_DF_251_251BDF0052_03777_RAW.jpg,/Users/anirudh/RoadConditionClassifier/FPGAProject/ml/preprocessed/grid_labels/1094551_DF_251_251BDF0052_03777_RAW.jpg.npy
/Users/anirudh/RoadConditionClassifier/FPGAProject/ml/cracks-and-potholes-in-road-DatasetNinja/ds0/img/1094552_DF_251_251BDF0052_03779_RAW.jpg,/Users/anirudh/RoadConditionClassifier/FPGAProject/ml/preprocessed/grid_labels/1094552_DF_251_251BDF0052_03779_RAW.jpg.npy
/Users/anirudh/RoadConditionClassifier/FPGAProject/ml/cracks-and-potholes-in-road-DatasetNinja/ds0/img/1094553_DF_251_251BDF0052_03781_RAW.jpg,/Users/anirudh/RoadConditionClassifier/FPGAProject/ml/preprocessed/grid_labels/1094553_DF_251_251BDF0052_03781_RAW.jpg.npy
/Users/anirudh/RoadConditionClassifier/FPGAProject/ml/cracks-and-potholes-in-road-DatasetNinja/ds0/img/1094702_DF_251_251BDF0052_04058_RAW.jpg,/Users/anirudh/RoadConditionClassifier/FPGAProject/ml/preprocessed/grid_labels/1094702_DF_251_251BDF0052_04058_RAW.jpg.npy
/Users/anirudh/RoadConditionClassifier/FPGAProject/ml/cracks-and-potholes-in-road-DatasetNinja/ds0/img/1094910_DF_251_251BDF0052_04492_RAW.jpg,/Users/anirudh/RoadConditionClassifier/FPGAProject/ml/preprocessed/grid_labels/1094910_DF_251_251BDF0052_04492_RAW.jpg.npy
/Users/anirudh/RoadConditionClassifier/FPGAProject/ml/cracks-and-potholes-in-road-DatasetNinja/ds0/img/1094911_DF_251_251BDF0052_04494_RAW.jpg,/Users/anirudh/RoadConditionClassifier/FPGAProject/ml/preprocessed/grid_labels/1094911_DF_251_251BDF0052_04494_RAW.jpg.npy
/Users/anirudh/RoadConditionClassifier/FPGAProject/ml/cracks-and-potholes-in-road-DatasetNinja/ds0/img/1094912_DF_251_251BDF0052_04497_RAW.jpg,/Users/anirudh/RoadConditionClassifier/FPGAProject/ml/preprocessed/grid_labels/1094912_DF_251_251BDF0052_04497_RAW.jpg.npy
/Users/anirudh/RoadConditionClassifier/FPGAProject/ml/cracks-and-potholes-in-road-DatasetNinja/ds0/img/1095846_DF_070_070BDF0010_01635_RAW.jpg,/Users/anirudh/RoadConditionClassifier/FPGAProject/ml/preprocessed/grid_labels/1095846_DF_070_070BDF0010_01635_RAW.jpg.npy
/Users/anirudh/RoadConditionClassifier/FPGAProject/ml/cracks-and-potholes-in-road-DatasetNinja/ds0/img/1095847_DF_070_070BDF0010_01637_RAW.jpg,/Users/anirudh/RoadConditionClassifier/FPGAProject/ml/preprocessed/grid_labels/1095847_DF_070_070BDF0010_01637_RAW.jpg.npy
/Users/anirudh/RoadConditionClassifier/FPGAProject/ml/cracks-and-potholes-in-road-DatasetNinja/ds0/img/1095862_DF_070_070BDF0010_01664_RAW.jpg,/Users/anirudh/RoadConditionClassifier/FPGAProject/ml/preprocessed/grid_labels/1095862_DF_070_070BDF0010_01664_RAW.jpg.npy
/Users/anirudh/RoadConditionClassifier/FPGAProject/ml/cracks-and-potholes-in-road-DatasetNinja/ds0/img/1095878_DF_070_070BDF0010_01692_RAW.jpg,/Users/anirudh/RoadConditionClassifier/FPGAProject/ml/preprocessed/grid_labels/1095878_DF_070_070BDF0010_01692_RAW.jpg.npy
/Users/anirudh/RoadConditionClassifier/FPGAProject/ml/cracks-and-potholes-in-road-DatasetNinja/ds0/img/1095940_DF_070_070BDF0010_01813_RAW.jpg,/Users/anirudh/RoadConditionClassifier/FPGAProject/ml/preprocessed/grid_labels/1095940_DF_070_070BDF0010_01813_RAW.jpg.npy
/Users/anirudh/RoadConditionClassifier/FPGAProject/ml/cracks-and-potholes-in-road-DatasetNinja/ds0/img/1096016_DF_070_070BDF0010_01950_RAW.jpg,/Users/anirudh/RoadConditionClassifier/FPGAProject/ml/preprocessed/grid_labels/1096016_DF_070_070BDF0010_01950_RAW.jpg.npy
/Users/anirudh/RoadConditionClassifier/FPGAProject/ml/cracks-and-potholes-in-road-DatasetNinja/ds0/img/1096017_DF_070_070BDF0010_01952_RAW.jpg,/Users/anirudh/RoadConditionClassifier/FPGAProject/ml/preprocessed/grid_labels/1096017_DF_070_070BDF0010_01952_RAW.jpg.npy
/Users/anirudh/RoadConditionClassifier/FPGAProject/ml/cracks-and-potholes-in-road-DatasetNinja/ds0/img/1096018_DF_070_070BDF0010_01954_RAW.jpg,/Users/anirudh/RoadConditionClassifier/FPGAProject/ml/preprocessed/grid_labels/1096018_DF_070_070BDF0010_01954_RAW.jpg.npy
/Users/anirudh/RoadConditionClassifier/FPGAProject/ml/cracks-and-potholes-in-road-DatasetNinja/ds0/img/1096019_DF_070_070BDF0010_01956_RAW.jpg,/Users/anirudh/RoadConditionClassifier/FPGAProject/ml/preprocessed/grid_labels/1096019_DF_070_070BDF0010_01956_RAW.jpg.npy
/Users/anirudh/RoadConditionClassifier/FPGAProject/ml/cracks-and-potholes-in-road-DatasetNinja/ds0/img/1096028_DF_070_070BDF0010_01972_RAW.jpg,/Users/anirudh/RoadConditionClassifier/FPGAProject/ml/preprocessed/grid_labels/1096028_DF_070_070BDF0010_01972_RAW.jpg.npy
/Users/anirudh/RoadConditionClassifier/FPGAProject/ml/cracks-and-potholes-in-road-DatasetNinja/ds0/img/1096057_DF_070_070BDF0010_02023_RAW.jpg,/Users/anirudh/RoadConditionClassifier/FPGAProject/ml/preprocessed/grid_labels/1096057_DF_070_070BDF0010_02023_RAW.jpg.npy
/Users/anirudh/RoadConditionClassifier/FPGAProject/ml/cracks-and-potholes-in-road-DatasetNinja/ds0/img/1096058_DF_070_070BDF0010_02025_RAW.jpg,/Users/anirudh/RoadConditionClassifier/FPGAProject/ml/preprocessed/grid_labels/1096058_DF_070_070BDF0010_02025_RAW.jpg.npy
/Users/anirudh/RoadConditionClassifier/FPGAProject/ml/cracks-and-potholes-in-road-DatasetNinja/ds0/img/1096059_DF_070_070BDF0010_02026_RAW.jpg,/Users/anirudh/RoadConditionClassifier/FPGAProject/ml/preprocessed/grid_labels/1096059_DF_070_070BDF0010_02026_RAW.jpg.npy
/Users/anirudh/RoadConditionClassifier/FPGAProject/ml/cracks-and-potholes-in-road-DatasetNinja/ds0/img/1096522_DF_070_070BDF0010_02866_RAW.jpg,/Users/anirudh/RoadConditionClassifier/FPGAProject/ml/preprocessed/grid_labels/1096522_DF_070_070BDF0010_02866_RAW.jpg.npy
/Users/anirudh/RoadConditionClassifier/FPGAProject/ml/cracks-and-potholes-in-road-DatasetNinja/ds0/img/1096866_DF_070_070BDF0010_03480_RAW.jpg,/Users/anirudh/RoadConditionClassifier/FPGAProject/ml/preprocessed/grid_labels/1096866_DF_070_070BDF0010_03480_RAW.jpg.npy
/Users/anirudh/RoadConditionClassifier/FPGAProject/ml/cracks-and-potholes-in-road-DatasetNinja/ds0/img/1096867_DF_070_070BDF0010_03482_RAW.jpg,/Users/anirudh/RoadConditionClassifier/FPGAProject/ml/preprocessed/grid_labels/1096867_DF_070_070BDF0010_03482_RAW.jpg.npy
/Users/anirudh/RoadConditionClassifier/FPGAProject/ml/cracks-and-potholes-in-road-DatasetNinja/ds0/img/1097168_DF_070_070BDF0010_04017_RAW.jpg,/Users/anirudh/RoadConditionClassifier/FPGAProject/ml/preprocessed/grid_labels/1097168_DF_070_070BDF0010_04017_RAW.jpg.npy
/Users/anirudh/RoadConditionClassifier/FPGAProject/ml/cracks-and-potholes-in-road-DatasetNinja/ds0/img/1097209_DF_070_070BDF0010_04090_RAW.jpg,/Users/anirudh/RoadConditionClassifier/FPGAProject/ml/preprocessed/grid_labels/1097209_DF_070_070BDF0010_04090_RAW.jpg.npy
/Users/anirudh/RoadConditionClassifier/FPGAProject/ml/cracks-and-potholes-in-road-DatasetNinja/ds0/img/1097210_DF_070_070BDF0010_04093_RAW.jpg,/Users/anirudh/RoadConditionClassifier/FPGAProject/ml/preprocessed/grid_labels/1097210_DF_070_070BDF0010_04093_RAW.jpg.npy
/Users/anirudh/RoadConditionClassifier/FPGAProject/ml/cracks-and-potholes-in-road-DatasetNinja/ds0/img/1097235_DF_070_070BDF0010_04135_RAW.jpg,/Users/anirudh/RoadConditionClassifier/FPGAProject/ml/preprocessed/grid_labels/1097235_DF_070_070BDF0010_04135_RAW.jpg.npy
/Users/anirudh/RoadConditionClassifier/FPGAProject/ml/cracks-and-potholes-in-road-DatasetNinja/ds0/img/1097236_DF_070_070BDF0010_04137_RAW.jpg,/Users/anirudh/RoadConditionClassifier/FPGAProject/ml/preprocessed/grid_labels/1097236_DF_070_070BDF0010_04137_RAW.jpg.npy
/Users/anirudh/RoadConditionClassifier/FPGAProject/ml/cracks-and-potholes-in-road-DatasetNinja/ds0/img/1097237_DF_070_070BDF0010_04139_RAW.jpg,/Users/anirudh/RoadConditionClassifier/FPGAProject/ml/preprocessed/grid_labels/1097237_DF_070_070BDF0010_04139_RAW.jpg.npy
/Users/anirudh/RoadConditionClassifier/FPGAProject/ml/cracks-and-potholes-in-road-DatasetNinja/ds0/img/1097246_DF_070_070BDF0010_04154_RAW.jpg,/Users/anirudh/RoadConditionClassifier/FPGAProject/ml/preprocessed/grid_labels/1097246_DF_070_070BDF0010_04154_RAW.jpg.npy
/Users/anirudh/RoadConditionClassifier/FPGAProject/ml/cracks-and-potholes-in-road-DatasetNinja/ds0/img/1097247_DF_070_070BDF0010_04156_RAW.jpg,/Users/anirudh/RoadConditionClassifier/FPGAProject/ml/preprocessed/grid_labels/1097247_DF_070_070BDF0010_04156_RAW.jpg.npy
/Users/anirudh/RoadConditionClassifier/FPGAProject/ml/cracks-and-potholes-in-road-DatasetNinja/ds0/img/1097248_DF_070_070BDF0010_04158_RAW.jpg,/Users/anirudh/RoadConditionClassifier/FPGAProject/ml/preprocessed/grid_labels/1097248_DF_070_070BDF0010_04158_RAW.jpg.npy
/Users/anirudh/RoadConditionClassifier/FPGAProject/ml/cracks-and-potholes-in-road-DatasetNinja/ds0/img/1098964_DF_070_070BDF0010_07294_RAW.jpg,/Users/anirudh/RoadConditionClassifier/FPGAProject/ml/preprocessed/grid_labels/1098964_DF_070_070BDF0010_07294_RAW.jpg.npy
/Users/anirudh/RoadConditionClassifier/FPGAProject/ml/cracks-and-potholes-in-road-DatasetNinja/ds0/img/733835_ES_482_482ES014500_05885_RAW.jpg,/Users/anirudh/RoadConditionClassifier/FPGAProject/ml/preprocessed/grid_labels/733835_ES_482_482ES014500_05885_RAW.jpg.npy
/Users/anirudh/RoadConditionClassifier/FPGAProject/ml/cracks-and-potholes-in-road-DatasetNinja/ds0/img/733864_ES_482_482ES014500_06030_RAW.jpg,/Users/anirudh/RoadConditionClassifier/FPGAProject/ml/preprocessed/grid_labels/733864_ES_482_482ES014500_06030_RAW.jpg.npy
/Users/anirudh/RoadConditionClassifier/FPGAProject/ml/cracks-and-potholes-in-road-DatasetNinja/ds0/img/741369_ES_101_101ES000000_00345_RAW.jpg,/Users/anirudh/RoadConditionClassifier/FPGAProject/ml/preprocessed/grid_labels/741369_ES_101_101ES000000_00345_RAW.jpg.npy
/Users/anirudh/RoadConditionClassifier/FPGAProject/ml/cracks-and-potholes-in-road-DatasetNinja/ds0/img/765204_ES_259_259ES000000_00120_RAW.jpg,/Users/anirudh/RoadConditionClassifier/FPGAProject/ml/preprocessed/grid_labels/765204_ES_259_259ES000000_00120_RAW.jpg.npy
/Users/anirudh/RoadConditionClassifier/FPGAProject/ml/cracks-and-potholes-in-road-DatasetNinja/ds0/img/765228_ES_259_259ES000000_00240_RAW.jpg,/Users/anirudh/RoadConditionClassifier/FPGAProject/ml/preprocessed/grid_labels/765228_ES_259_259ES000000_00240_RAW.jpg.npy
/Users/anirudh/RoadConditionClassifier/FPGAProject/ml/cracks-and-potholes-in-road-DatasetNinja/ds0/img/765229_ES_259_259ES000000_00245_RAW.jpg,/Users/anirudh/RoadConditionClassifier/FPGAProject/ml/preprocessed/grid_labels/765229_ES_259_259ES000000_00245_RAW.jpg.npy
/Users/anirudh/RoadConditionClassifier/FPGAProject/ml/cracks-and-potholes-in-road-DatasetNinja/ds0/img/765235_ES_259_259ES000000_00275_RAW.jpg,/Users/anirudh/RoadConditionClassifier/FPGAProject/ml/preprocessed/grid_labels/765235_ES_259_259ES000000_00275_RAW.jpg.npy
/Users/anirudh/RoadConditionClassifier/FPGAProject/ml/cracks-and-potholes-in-road-DatasetNinja/ds0/img/765236_ES_259_259ES000000_00280_RAW.jpg,/Users/anirudh/RoadConditionClassifier/FPGAProject/ml/preprocessed/grid_labels/765236_ES_259_259ES000000_00280_RAW.jpg.npy
/Users/anirudh/RoadConditionClassifier/FPGAProject/ml/cracks-and-potholes-in-road-DatasetNinja/ds0/img/765237_ES_259_259ES000000_00285_RAW.jpg,/Users/anirudh/RoadConditionClassifier/FPGAProject/ml/preprocessed/grid_labels/765237_ES_259_259ES000000_00285_RAW.jpg.npy
/Users/anirudh/RoadConditionClassifier/FPGAProject/ml/cracks-and-potholes-in-road-DatasetNinja/ds0/img/765238_ES_259_259ES000000_00290_RAW.jpg,/Users/anirudh/RoadConditionClassifier/FPGAProject/ml/preprocessed/grid_labels/765238_ES_259_259ES000000_00290_RAW.jpg.npy
/Users/anirudh/RoadConditionClassifier/FPGAProject/ml/cracks-and-potholes-in-road-DatasetNinja/ds0/img/765245_ES_259_259ES000000_00325_RAW.jpg,/Users/anirudh/RoadConditionClassifier/FPGAProject/ml/preprocessed/grid_labels/765245_ES_259_259ES000000_00325_RAW.jpg.npy
/Users/anirudh/RoadConditionClassifier/FPGAProject/ml/cracks-and-potholes-in-road-DatasetNinja/ds0/img/765254_ES_259_259ES000000_00370_RAW.jpg,/Users/anirudh/RoadConditionClassifier/FPGAProject/ml/preprocessed/grid_labels/765254_ES_259_259ES000000_00370_RAW.jpg.npy
/Users/anirudh/RoadConditionClassifier/FPGAProject/ml/cracks-and-potholes-in-road-DatasetNinja/ds0/img/765272_ES_259_259ES000000_00460_RAW.jpg,/Users/anirudh/RoadConditionClassifier/FPGAProject/ml/preprocessed/grid_labels/765272_ES_259_259ES000000_00460_RAW.jpg.npy
/Users/anirudh/RoadConditionClassifier/FPGAProject/ml/cracks-and-potholes-in-road-DatasetNinja/ds0/img/765439_ES_259_259ES000000_01295_RAW.jpg,/Users/anirudh/RoadConditionClassifier/FPGAProject/ml/preprocessed/grid_labels/765439_ES_259_259ES000000_01295_RAW.jpg.npy
/Users/anirudh/RoadConditionClassifier/FPGAProject/ml/cracks-and-potholes-in-road-DatasetNinja/ds0/img/765440_ES_259_259ES000000_01300_RAW.jpg,/Users/anirudh/RoadConditionClassifier/FPGAProject/ml/preprocessed/grid_labels/765440_ES_259_259ES000000_01300_RAW.jpg.npy
/Users/anirudh/RoadConditionClassifier/FPGAProject/ml/cracks-and-potholes-in-road-DatasetNinja/ds0/img/765441_ES_259_259ES000000_01305_RAW.jpg,/Users/anirudh/RoadConditionClassifier/FPGAProject/ml/preprocessed/grid_labels/765441_ES_259_259ES000000_01305_RAW.jpg.npy
/Users/anirudh/RoadConditionClassifier/FPGAProject/ml/cracks-and-potholes-in-road-DatasetNinja/ds0/img/765442_ES_259_259ES000000_01310_RAW.jpg,/Users/anirudh/RoadConditionClassifier/FPGAProject/ml/preprocessed/grid_labels/765442_ES_259_259ES000000_01310_RAW.jpg.npy
/Users/anirudh/RoadConditionClassifier/FPGAProject/ml/cracks-and-potholes-in-road-DatasetNinja/ds0/img/765543_ES_259_259ES000000_01815_RAW.jpg,/Users/anirudh/RoadConditionClassifier/FPGAProject/ml/preprocessed/grid_labels/765543_ES_259_259ES000000_01815_RAW.jpg.npy
/Users/anirudh/RoadConditionClassifier/FPGAProject/ml/cracks-and-potholes-in-road-DatasetNinja/ds0/img/765877_ES_259_259ES000000_03485_RAW.jpg,/Users/anirudh/RoadConditionClassifier/FPGAProject/ml/preprocessed/grid_labels/765877_ES_259_259ES000000_03485_RAW.jpg.npy
/Users/anirudh/RoadConditionClassifier/FPGAProject/ml/cracks-and-potholes-in-road-DatasetNinja/ds0/img/766032_ES_259_259ES000000_04260_RAW.jpg,/Users/anirudh/RoadConditionClassifier/FPGAProject/ml/preprocessed/grid_labels/766032_ES_259_259ES000000_04260_RAW.jpg.npy
/Users/anirudh/RoadConditionClassifier/FPGAProject/ml/cracks-and-potholes-in-road-DatasetNinja/ds0/img/766085_ES_259_259ES000000_04525_RAW.jpg,/Users/anirudh/RoadConditionClassifier/FPGAProject/ml/preprocessed/grid_labels/766085_ES_259_259ES000000_04525_RAW.jpg.npy
/Users/anirudh/RoadConditionClassifier/FPGAProject/ml/cracks-and-potholes-in-road-DatasetNinja/ds0/img/766116_ES_259_259ES000000_04680_RAW.jpg,/Users/anirudh/RoadConditionClassifier/FPGAProject/ml/preprocessed/grid_labels/766116_ES_259_259ES000000_04680_RAW.jpg.npy
/Users/anirudh/RoadConditionClassifier/FPGAProject/ml/cracks-and-potholes-in-road-DatasetNinja/ds0/img/766171_ES_259_259ES000000_04955_RAW.jpg,/Users/anirudh/RoadConditionClassifier/FPGAProject/ml/preprocessed/grid_labels/766171_ES_259_259ES000000_04955_RAW.jpg.npy
/Users/anirudh/RoadConditionClassifier/FPGAProject/ml/cracks-and-potholes-in-road-DatasetNinja/ds0/img/766172_ES_259_259ES000000_04960_RAW.jpg,/Users/anirudh/RoadConditionClassifier/FPGAProject/ml/preprocessed/grid_labels/766172_ES_259_259ES000000_04960_RAW.jpg.npy
/Users/anirudh/RoadConditionClassifier/FPGAProject/ml/cracks-and-potholes-in-road-DatasetNinja/ds0/img/773816_ES_259_259ES000000_43180_RAW.jpg,/Users/anirudh/RoadConditionClassifier/FPGAProject/ml/preprocessed/grid_labels/773816_ES_259_259ES000000_43180_RAW.jpg.npy
/Users/anirudh/RoadConditionClassifier/FPGAProject/ml/cracks-and-potholes-in-road-DatasetNinja/ds0/img/773818_ES_259_259ES000000_43190_RAW.jpg,/Users/anirudh/RoadConditionClassifier/FPGAProject/ml/preprocessed/grid_labels/773818_ES_259_259ES000000_43190_RAW.jpg.npy
/Users/anirudh/RoadConditionClassifier/FPGAProject/ml/cracks-and-potholes-in-road-DatasetNinja/ds0/img/773851_ES_259_259ES000000_43355_RAW.jpg,/Users/anirudh/RoadConditionClassifier/FPGAProject/ml/preprocessed/grid_labels/773851_ES_259_259ES000000_43355_RAW.jpg.npy
/Users/anirudh/RoadConditionClassifier/FPGAProject/ml/cracks-and-potholes-in-road-DatasetNinja/ds0/img/773854_ES_259_259ES000000_43370_RAW.jpg,/Users/anirudh/RoadConditionClassifier/FPGAProject/ml/preprocessed/grid_labels/773854_ES_259_259ES000000_43370_RAW.jpg.npy
/Users/anirudh/RoadConditionClassifier/FPGAProject/ml/cracks-and-potholes-in-road-DatasetNinja/ds0/img/774080_ES_259_259ES000000_44500_RAW.jpg,/Users/anirudh/RoadConditionClassifier/FPGAProject/ml/preprocessed/grid_labels/774080_ES_259_259ES000000_44500_RAW.jpg.npy
/Users/anirudh/RoadConditionClassifier/FPGAProject/ml/cracks-and-potholes-in-road-DatasetNinja/ds0/img/774081_ES_259_259ES000000_44505_RAW.jpg,/Users/anirudh/RoadConditionClassifier/FPGAProject/ml/preprocessed/grid_labels/774081_ES_259_259ES000000_44505_RAW.jpg.npy
/Users/anirudh/RoadConditionClassifier/FPGAProject/ml/cracks-and-potholes-in-road-DatasetNinja/ds0/img/774082_ES_259_259ES000000_44510_RAW.jpg,/Users/anirudh/RoadConditionClassifier/FPGAProject/ml/preprocessed/grid_labels/774082_ES_259_259ES000000_44510_RAW.jpg.npy
/Users/anirudh/RoadConditionClassifier/FPGAProject/ml/cracks-and-potholes-in-road-DatasetNinja/ds0/img/774863_ES_259_259ES000000_48415_RAW.jpg,/Users/anirudh/RoadConditionClassifier/FPGAProject/ml/preprocessed/grid_labels/774863_ES_259_259ES000000_48415_RAW.jpg.npy
/Users/anirudh/RoadConditionClassifier/FPGAProject/ml/cracks-and-potholes-in-road-DatasetNinja/ds0/img/774885_ES_259_259ES000000_48525_RAW.jpg,/Users/anirudh/RoadConditionClassifier/FPGAProject/ml/preprocessed/grid_labels/774885_ES_259_259ES000000_48525_RAW.jpg.npy
/Users/anirudh/RoadConditionClassifier/FPGAProject/ml/cracks-and-potholes-in-road-DatasetNinja/ds0/img/774899_ES_259_259ES000000_48595_RAW.jpg,/Users/anirudh/RoadConditionClassifier/FPGAProject/ml/preprocessed/grid_labels/774899_ES_259_259ES000000_48595_RAW.jpg.npy
/Users/anirudh/RoadConditionClassifier/FPGAProject/ml/cracks-and-potholes-in-road-DatasetNinja/ds0/img/774900_ES_259_259ES000000_48600_RAW.jpg,/Users/anirudh/RoadConditionClassifier/FPGAProject/ml/preprocessed/grid_labels/774900_ES_259_259ES000000_48600_RAW.jpg.npy
/Users/anirudh/RoadConditionClassifier/FPGAProject/ml/cracks-and-potholes-in-road-DatasetNinja/ds0/img/819742_ES_259_259ES000000_00195_RAW.jpg,/Users/anirudh/RoadConditionClassifier/FPGAProject/ml/preprocessed/grid_labels/819742_ES_259_259ES000000_00195_RAW.jpg.npy
/Users/anirudh/RoadConditionClassifier/FPGAProject/ml/cracks-and-potholes-in-road-DatasetNinja/ds0/img/819783_ES_259_259ES000000_00400_RAW.jpg,/Users/anirudh/RoadConditionClassifier/FPGAProject/ml/preprocessed/grid_labels/819783_ES_259_259ES000000_00400_RAW.jpg.npy
/Users/anirudh/RoadConditionClassifier/FPGAProject/ml/cracks-and-potholes-in-road-DatasetNinja/ds0/img/819784_ES_259_259ES000000_00405_RAW.jpg,/Users/anirudh/RoadConditionClassifier/FPGAProject/ml/preprocessed/grid_labels/819784_ES_259_259ES000000_00405_RAW.jpg.npy
/Users/anirudh/RoadConditionClassifier/FPGAProject/ml/cracks-and-potholes-in-road-DatasetNinja/ds0/img/819785_ES_259_259ES000000_00410_RAW.jpg,/Users/anirudh/RoadConditionClassifier/FPGAProject/ml/preprocessed/grid_labels/819785_ES_259_259ES000000_00410_RAW.jpg.npy
/Users/anirudh/RoadConditionClassifier/FPGAProject/ml/cracks-and-potholes-in-road-DatasetNinja/ds0/img/819786_ES_259_259ES000000_00415_RAW.jpg,/Users/anirudh/RoadConditionClassifier/FPGAProject/ml/preprocessed/grid_labels/819786_ES_259_259ES000000_00415_RAW.jpg.npy
/Users/anirudh/RoadConditionClassifier/FPGAProject/ml/cracks-and-potholes-in-road-DatasetNinja/ds0/img/819787_ES_259_259ES000000_00420_RAW.jpg,/Users/anirudh/RoadConditionClassifier/FPGAProject/ml/preprocessed/grid_labels/819787_ES_259_259ES000000_00420_RAW.jpg.npy
/Users/anirudh/RoadConditionClassifier/FPGAProject/ml/cracks-and-potholes-in-road-DatasetNinja/ds0/img/819788_ES_259_259ES000000_00425_RAW.jpg,/Users/anirudh/RoadConditionClassifier/FPGAProject/ml/preprocessed/grid_labels/819788_ES_259_259ES000000_00425_RAW.jpg.npy
/Users/anirudh/RoadConditionClassifier/FPGAProject/ml/cracks-and-potholes-in-road-DatasetNinja/ds0/img/820243_ES_259_259ES000000_02700_RAW.jpg,/Users/anirudh/RoadConditionClassifier/FPGAProject/ml/preprocessed/grid_labels/820243_ES_259_259ES000000_02700_RAW.jpg.npy
/Users/anirudh/RoadConditionClassifier/FPGAProject/ml/cracks-and-potholes-in-road-DatasetNinja/ds0/img/820313_ES_259_259ES000000_03050_RAW.jpg,/Users/anirudh/RoadConditionClassifier/FPGAProject/ml/preprocessed/grid_labels/820313_ES_259_259ES000000_03050_RAW.jpg.npy
/Users/anirudh/RoadConditionClassifier/FPGAProject/ml/cracks-and-potholes-in-road-DatasetNinja/ds0/img/820315_ES_259_259ES000000_03060_RAW.jpg,/Users/anirudh/RoadConditionClassifier/FPGAProject/ml/preprocessed/grid_labels/820315_ES_259_259ES000000_03060_RAW.jpg.npy
/Users/anirudh/RoadConditionClassifier/FPGAProject/ml/cracks-and-potholes-in-road-DatasetNinja/ds0/img/820316_ES_259_259ES000000_03065_RAW.jpg,/Users/anirudh/RoadConditionClassifier/FPGAProject/ml/preprocessed/grid_labels/820316_ES_259_259ES000000_03065_RAW.jpg.npy
/Users/anirudh/RoadConditionClassifier/FPGAProject/ml/cracks-and-potholes-in-road-DatasetNinja/ds0/img/883044_RS_290_290RS150131_15951_RAW.jpg,/Users/anirudh/RoadConditionClassifier/FPGAProject/ml/preprocessed/grid_labels/883044_RS_290_290RS150131_15951_RAW.jpg.npy
/Users/anirudh/RoadConditionClassifier/FPGAProject/ml/cracks-and-potholes-in-road-DatasetNinja/ds0/img/883045_RS_290_290RS150131_15955_RAW.jpg,/Users/anirudh/RoadConditionClassifier/FPGAProject/ml/preprocessed/grid_labels/883045_RS_290_290RS150131_15955_RAW.jpg.npy
/Users/anirudh/RoadConditionClassifier/FPGAProject/ml/cracks-and-potholes-in-road-DatasetNinja/ds0/img/883046_RS_290_290RS150131_15960_RAW.jpg,/Users/anirudh/RoadConditionClassifier/FPGAProject/ml/preprocessed/grid_labels/883046_RS_290_290RS150131_15960_RAW.jpg.npy
/Users/anirudh/RoadConditionClassifier/FPGAProject/ml/cracks-and-potholes-in-road-DatasetNinja/ds0/img/883065_RS_290_290RS150131_16055_RAW.jpg,/Users/anirudh/RoadConditionClassifier/FPGAProject/ml/preprocessed/grid_labels/883065_RS_290_290RS150131_16055_RAW.jpg.npy
/Users/anirudh/RoadConditionClassifier/FPGAProject/ml/cracks-and-potholes-in-road-DatasetNinja/ds0/img/883066_RS_290_290RS150131_16060_RAW.jpg,/Users/anirudh/RoadConditionClassifier/FPGAProject/ml/preprocessed/grid_labels/883066_RS_290_290RS150131_16060_RAW.jpg.npy
/Users/anirudh/RoadConditionClassifier/FPGAProject/ml/cracks-and-potholes-in-road-DatasetNinja/ds0/img/883067_RS_290_290RS150131_16065_RAW.jpg,/Users/anirudh/RoadConditionClassifier/FPGAProject/ml/preprocessed/grid_labels/883067_RS_290_290RS150131_16065_RAW.jpg.npy
/Users/anirudh/RoadConditionClassifier/FPGAProject/ml/cracks-and-potholes-in-road-DatasetNinja/ds0/img/883068_RS_290_290RS150131_16070_RAW.jpg,/Users/anirudh/RoadConditionClassifier/FPGAProject/ml/preprocessed/grid_labels/883068_RS_290_290RS150131_16070_RAW.jpg.npy
/Users/anirudh/RoadConditionClassifier/FPGAProject/ml/cracks-and-potholes-in-road-DatasetNinja/ds0/img/883073_RS_290_290RS150131_16095_RAW.jpg,/Users/anirudh/RoadConditionClassifier/FPGAProject/ml/preprocessed/grid_labels/883073_RS_290_290RS150131_16095_RAW.jpg.npy
/Users/anirudh/RoadConditionClassifier/FPGAProject/ml/cracks-and-potholes-in-road-DatasetNinja/ds0/img/883074_RS_290_290RS150131_16100_RAW.jpg,/Users/anirudh/RoadConditionClassifier/FPGAProject/ml/preprocessed/grid_labels/883074_RS_290_290RS150131_16100_RAW.jpg.npy
/Users/anirudh/RoadConditionClassifier/FPGAProject/ml/cracks-and-potholes-in-road-DatasetNinja/ds0/img/883075_RS_290_290RS150131_16105_RAW.jpg,/Users/anirudh/RoadConditionClassifier/FPGAProject/ml/preprocessed/grid_labels/883075_RS_290_290RS150131_16105_RAW.jpg.npy
/Users/anirudh/RoadConditionClassifier/FPGAProject/ml/cracks-and-potholes-in-road-DatasetNinja/ds0/img/883076_RS_290_290RS150131_16110_RAW.jpg,/Users/anirudh/RoadConditionClassifier/FPGAProject/ml/preprocessed/grid_labels/883076_RS_290_290RS150131_16110_RAW.jpg.npy
/Users/anirudh/RoadConditionClassifier/FPGAProject/ml/cracks-and-potholes-in-road-DatasetNinja/ds0/img/883077_RS_290_290RS150131_16116_RAW.jpg,/Users/anirudh/RoadConditionClassifier/FPGAProject/ml/preprocessed/grid_labels/883077_RS_290_290RS150131_16116_RAW.jpg.npy
/Users/anirudh/RoadConditionClassifier/FPGAProject/ml/cracks-and-potholes-in-road-DatasetNinja/ds0/img/883078_RS_290_290RS150131_16121_RAW.jpg,/Users/anirudh/RoadConditionClassifier/FPGAProject/ml/preprocessed/grid_labels/883078_RS_290_290RS150131_16121_RAW.jpg.npy
/Users/anirudh/RoadConditionClassifier/FPGAProject/ml/cracks-and-potholes-in-road-DatasetNinja/ds0/img/883079_RS_290_290RS150131_16125_RAW.jpg,/Users/anirudh/RoadConditionClassifier/FPGAProject/ml/preprocessed/grid_labels/883079_RS_290_290RS150131_16125_RAW.jpg.npy
/Users/anirudh/RoadConditionClassifier/FPGAProject/ml/cracks-and-potholes-in-road-DatasetNinja/ds0/img/883080_RS_290_290RS150131_16130_RAW.jpg,/Users/anirudh/RoadConditionClassifier/FPGAProject/ml/preprocessed/grid_labels/883080_RS_290_290RS150131_16130_RAW.jpg.npy
/Users/anirudh/RoadConditionClassifier/FPGAProject/ml/cracks-and-potholes-in-road-DatasetNinja/ds0/img/883081_RS_290_290RS150131_16135_RAW.jpg,/Users/anirudh/RoadConditionClassifier/FPGAProject/ml/preprocessed/grid_labels/883081_RS_290_290RS150131_16135_RAW.jpg.npy
/Users/anirudh/RoadConditionClassifier/FPGAProject/ml/cracks-and-potholes-in-road-DatasetNinja/ds0/img/883083_RS_290_290RS150131_16145_RAW.jpg,/Users/anirudh/RoadConditionClassifier/FPGAProject/ml/preprocessed/grid_labels/883083_RS_290_290RS150131_16145_RAW.jpg.npy
/Users/anirudh/RoadConditionClassifier/FPGAProject/ml/cracks-and-potholes-in-road-DatasetNinja/ds0/img/883085_RS_290_290RS150131_16155_RAW.jpg,/Users/anirudh/RoadConditionClassifier/FPGAProject/ml/preprocessed/grid_labels/883085_RS_290_290RS150131_16155_RAW.jpg.npy
/Users/anirudh/RoadConditionClassifier/FPGAProject/ml/cracks-and-potholes-in-road-DatasetNinja/ds0/img/883130_RS_290_290RS150131_16380_RAW.jpg,/Users/anirudh/RoadConditionClassifier/FPGAProject/ml/preprocessed/grid_labels/883130_RS_290_290RS150131_16380_RAW.jpg.npy
/Users/anirudh/RoadConditionClassifier/FPGAProject/ml/cracks-and-potholes-in-road-DatasetNinja/ds0/img/883131_RS_290_290RS150131_16385_RAW.jpg,/Users/anirudh/RoadConditionClassifier/FPGAProject/ml/preprocessed/grid_labels/883131_RS_290_290RS150131_16385_RAW.jpg.npy
/Users/anirudh/RoadConditionClassifier/FPGAProject/ml/cracks-and-potholes-in-road-DatasetNinja/ds0/img/883133_RS_290_290RS150131_16395_RAW.jpg,/Users/anirudh/RoadConditionClassifier/FPGAProject/ml/preprocessed/grid_labels/883133_RS_290_290RS150131_16395_RAW.jpg.npy
/Users/anirudh/RoadConditionClassifier/FPGAProject/ml/cracks-and-potholes-in-road-DatasetNinja/ds0/img/883135_RS_290_290RS150131_16405_RAW.jpg,/Users/anirudh/RoadConditionClassifier/FPGAProject/ml/preprocessed/grid_labels/883135_RS_290_290RS150131_16405_RAW.jpg.npy
/Users/anirudh/RoadConditionClassifier/FPGAProject/ml/cracks-and-potholes-in-road-DatasetNinja/ds0/img/883139_RS_290_290RS150131_16425_RAW.jpg,/Users/anirudh/RoadConditionClassifier/FPGAProject/ml/preprocessed/grid_labels/883139_RS_290_290RS150131_16425_RAW.jpg.npy
/Users/anirudh/RoadConditionClassifier/FPGAProject/ml/cracks-and-potholes-in-road-DatasetNinja/ds0/img/883204_RS_290_290RS150131_16750_RAW.jpg,/Users/anirudh/RoadConditionClassifier/FPGAProject/ml/preprocessed/grid_labels/883204_RS_290_290RS150131_16750_RAW.jpg.npy
/Users/anirudh/RoadConditionClassifier/FPGAProject/ml/cracks-and-potholes-in-road-DatasetNinja/ds0/img/883207_RS_290_290RS150131_16765_RAW.jpg,/Users/anirudh/RoadConditionClassifier/FPGAProject/ml/preprocessed/grid_labels/883207_RS_290_290RS150131_16765_RAW.jpg.npy
/Users/anirudh/RoadConditionClassifier/FPGAProject/ml/cracks-and-potholes-in-road-DatasetNinja/ds0/img/883216_RS_290_290RS150131_16811_RAW.jpg,/Users/anirudh/RoadConditionClassifier/FPGAProject/ml/preprocessed/grid_labels/883216_RS_290_290RS150131_16811_RAW.jpg.npy
/Users/anirudh/RoadConditionClassifier/FPGAProject/ml/cracks-and-potholes-in-road-DatasetNinja/ds0/img/883217_RS_290_290RS150131_16815_RAW.jpg,/Users/anirudh/RoadConditionClassifier/FPGAProject/ml/preprocessed/grid_labels/883217_RS_290_290RS150131_16815_RAW.jpg.npy
/Users/anirudh/RoadConditionClassifier/FPGAProject/ml/cracks-and-potholes-in-road-DatasetNinja/ds0/img/883218_RS_290_290RS150131_16820_RAW.jpg,/Users/anirudh/RoadConditionClassifier/FPGAProject/ml/preprocessed/grid_labels/883218_RS_290_290RS150131_16820_RAW.jpg.npy
/Users/anirudh/RoadConditionClassifier/FPGAProject/ml/cracks-and-potholes-in-road-DatasetNinja/ds0/img/883232_RS_290_290RS150131_16890_RAW.jpg,/Users/anirudh/RoadConditionClassifier/FPGAProject/ml/preprocessed/grid_labels/883232_RS_290_290RS150131_16890_RAW.jpg.npy
/Users/anirudh/RoadConditionClassifier/FPGAProject/ml/cracks-and-potholes-in-road-DatasetNinja/ds0/img/883233_RS_290_290RS150131_16895_RAW.jpg,/Users/anirudh/RoadConditionClassifier/FPGAProject/ml/preprocessed/grid_labels/883233_RS_290_290RS150131_16895_RAW.jpg.npy
/Users/anirudh/RoadConditionClassifier/FPGAProject/ml/cracks-and-potholes-in-road-DatasetNinja/ds0/img/883234_RS_290_290RS150131_16900_RAW.jpg,/Users/anirudh/RoadConditionClassifier/FPGAProject/ml/preprocessed/grid_labels/883234_RS_290_290RS150131_16900_RAW.jpg.npy
/Users/anirudh/RoadConditionClassifier/FPGAProject/ml/cracks-and-potholes-in-road-DatasetNinja/ds0/img/883238_RS_290_290RS150131_16920_RAW.jpg,/Users/anirudh/RoadConditionClassifier/FPGAProject/ml/preprocessed/grid_labels/883238_RS_290_290RS150131_16920_RAW.jpg.npy
/Users/anirudh/RoadConditionClassifier/FPGAProject/ml/cracks-and-potholes-in-road-DatasetNinja/ds0/img/883239_RS_290_290RS150131_16926_RAW.jpg,/Users/anirudh/RoadConditionClassifier/FPGAProject/ml/preprocessed/grid_labels/883239_RS_290_290RS150131_16926_RAW.jpg.npy
/Users/anirudh/RoadConditionClassifier/FPGAProject/ml/cracks-and-potholes-in-road-DatasetNinja/ds0/img/883240_RS_290_290RS150131_16930_RAW.jpg,/Users/anirudh/RoadConditionClassifier/FPGAProject/ml/preprocessed/grid_labels/883240_RS_290_290RS150131_16930_RAW.jpg.npy
/Users/anirudh/RoadConditionClassifier/FPGAProject/ml/cracks-and-potholes-in-road-DatasetNinja/ds0/img/883241_RS_290_290RS150131_16935_RAW.jpg,/Users/anirudh/RoadConditionClassifier/FPGAProject/ml/preprocessed/grid_labels/883241_RS_290_290RS150131_16935_RAW.jpg.npy
/Users/anirudh/RoadConditionClassifier/FPGAProject/ml/cracks-and-potholes-in-road-DatasetNinja/ds0/img/883242_RS_290_290RS150131_16940_RAW.jpg,/Users/anirudh/RoadConditionClassifier/FPGAProject/ml/preprocessed/grid_labels/883242_RS_290_290RS150131_16940_RAW.jpg.npy
/Users/anirudh/RoadConditionClassifier/FPGAProject/ml/cracks-and-potholes-in-road-DatasetNinja/ds0/img/883243_RS_290_290RS150131_16945_RAW.jpg,/Users/anirudh/RoadConditionClassifier/FPGAProject/ml/preprocessed/grid_labels/883243_RS_290_290RS150131_16945_RAW.jpg.npy
/Users/anirudh/RoadConditionClassifier/FPGAProject/ml/cracks-and-potholes-in-road-DatasetNinja/ds0/img/883244_RS_290_290RS150131_16950_RAW.jpg,/Users/anirudh/RoadConditionClassifier/FPGAProject/ml/preprocessed/grid_labels/883244_RS_290_290RS150131_16950_RAW.jpg.npy
/Users/anirudh/RoadConditionClassifier/FPGAProject/ml/cracks-and-potholes-in-road-DatasetNinja/ds0/img/883245_RS_290_290RS150131_16955_RAW.jpg,/Users/anirudh/RoadConditionClassifier/FPGAProject/ml/preprocessed/grid_labels/883245_RS_290_290RS150131_16955_RAW.jpg.npy
/Users/anirudh/RoadConditionClassifier/FPGAProject/ml/cracks-and-potholes-in-road-DatasetNinja/ds0/img/883246_RS_290_290RS150131_16960_RAW.jpg,/Users/anirudh/RoadConditionClassifier/FPGAProject/ml/preprocessed/grid_labels/883246_RS_290_290RS150131_16960_RAW.jpg.npy
/Users/anirudh/RoadConditionClassifier/FPGAProject/ml/cracks-and-potholes-in-road-DatasetNinja/ds0/img/883247_RS_290_290RS150131_16965_RAW.jpg,/Users/anirudh/RoadConditionClassifier/FPGAProject/ml/preprocessed/grid_labels/883247_RS_290_290RS150131_16965_RAW.jpg.npy
/Users/anirudh/RoadConditionClassifier/FPGAProject/ml/cracks-and-potholes-in-road-DatasetNinja/ds0/img/883248_RS_290_290RS150131_16970_RAW.jpg,/Users/anirudh/RoadConditionClassifier/FPGAProject/ml/preprocessed/grid_labels/883248_RS_290_290RS150131_16970_RAW.jpg.npy
/Users/anirudh/RoadConditionClassifier/FPGAProject/ml/cracks-and-potholes-in-road-DatasetNinja/ds0/img/883249_RS_290_290RS150131_16975_RAW.jpg,/Users/anirudh/RoadConditionClassifier/FPGAProject/ml/preprocessed/grid_labels/883249_RS_290_290RS150131_16975_RAW.jpg.npy
/Users/anirudh/RoadConditionClassifier/FPGAProject/ml/cracks-and-potholes-in-road-DatasetNinja/ds0/img/883252_RS_290_290RS150131_16990_RAW.jpg,/Users/anirudh/RoadConditionClassifier/FPGAProject/ml/preprocessed/grid_labels/883252_RS_290_290RS150131_16990_RAW.jpg.npy
/Users/anirudh/RoadConditionClassifier/FPGAProject/ml/cracks-and-potholes-in-road-DatasetNinja/ds0/img/883253_RS_290_290RS150131_16996_RAW.jpg,/Users/anirudh/RoadConditionClassifier/FPGAProject/ml/preprocessed/grid_labels/883253_RS_290_290RS150131_16996_RAW.jpg.npy
/Users/anirudh/RoadConditionClassifier/FPGAProject/ml/cracks-and-potholes-in-road-DatasetNinja/ds0/img/883254_RS_290_290RS150131_17000_RAW.jpg,/Users/anirudh/RoadConditionClassifier/FPGAProject/ml/preprocessed/grid_labels/883254_RS_290_290RS150131_17000_RAW.jpg.npy
/Users/anirudh/RoadConditionClassifier/FPGAProject/ml/cracks-and-potholes-in-road-DatasetNinja/ds0/img/883255_RS_290_290RS150131_17005_RAW.jpg,/Users/anirudh/RoadConditionClassifier/FPGAProject/ml/preprocessed/grid_labels/883255_RS_290_290RS150131_17005_RAW.jpg.npy
/Users/anirudh/RoadConditionClassifier/FPGAProject/ml/cracks-and-potholes-in-road-DatasetNinja/ds0/img/883256_RS_290_290RS150131_17010_RAW.jpg,/Users/anirudh/RoadConditionClassifier/FPGAProject/ml/preprocessed/grid_labels/883256_RS_290_290RS150131_17010_RAW.jpg.npy
/Users/anirudh/RoadConditionClassifier/FPGAProject/ml/cracks-and-potholes-in-road-DatasetNinja/ds0/img/883269_RS_290_290RS150131_17075_RAW.jpg,/Users/anirudh/RoadConditionClassifier/FPGAProject/ml/preprocessed/grid_labels/883269_RS_290_290RS150131_17075_RAW.jpg.npy
/Users/anirudh/RoadConditionClassifier/FPGAProject/ml/cracks-and-potholes-in-road-DatasetNinja/ds0/img/883270_RS_290_290RS150131_17080_RAW.jpg,/Users/anirudh/RoadConditionClassifier/FPGAProject/ml/preprocessed/grid_labels/883270_RS_290_290RS150131_17080_RAW.jpg.npy
/Users/anirudh/RoadConditionClassifier/FPGAProject/ml/cracks-and-potholes-in-road-DatasetNinja/ds0/img/883271_RS_290_290RS150131_17085_RAW.jpg,/Users/anirudh/RoadConditionClassifier/FPGAProject/ml/preprocessed/grid_labels/883271_RS_290_290RS150131_17085_RAW.jpg.npy
/Users/anirudh/RoadConditionClassifier/FPGAProject/ml/cracks-and-potholes-in-road-DatasetNinja/ds0/img/883272_RS_290_290RS150131_17090_RAW.jpg,/Users/anirudh/RoadConditionClassifier/FPGAProject/ml/preprocessed/grid_labels/883272_RS_290_290RS150131_17090_RAW.jpg.npy
/Users/anirudh/RoadConditionClassifier/FPGAProject/ml/cracks-and-potholes-in-road-DatasetNinja/ds0/img/883273_RS_290_290RS150131_17095_RAW.jpg,/Users/anirudh/RoadConditionClassifier/FPGAProject/ml/preprocessed/grid_labels/883273_RS_290_290RS150131_17095_RAW.jpg.npy
/Users/anirudh/RoadConditionClassifier/FPGAProject/ml/cracks-and-potholes-in-road-DatasetNinja/ds0/img/883274_RS_290_290RS150131_17100_RAW.jpg,/Users/anirudh/RoadConditionClassifier/FPGAProject/ml/preprocessed/grid_labels/883274_RS_290_290RS150131_17100_RAW.jpg.npy
/Users/anirudh/RoadConditionClassifier/FPGAProject/ml/cracks-and-potholes-in-road-DatasetNinja/ds0/img/883275_RS_290_290RS150131_17105_RAW.jpg,/Users/anirudh/RoadConditionClassifier/FPGAProject/ml/preprocessed/grid_labels/883275_RS_290_290RS150131_17105_RAW.jpg.npy
/Users/anirudh/RoadConditionClassifier/FPGAProject/ml/cracks-and-potholes-in-road-DatasetNinja/ds0/img/883276_RS_290_290RS150131_17110_RAW.jpg,/Users/anirudh/RoadConditionClassifier/FPGAProject/ml/preprocessed/grid_labels/883276_RS_290_290RS150131_17110_RAW.jpg.npy
/Users/anirudh/RoadConditionClassifier/FPGAProject/ml/cracks-and-potholes-in-road-DatasetNinja/ds0/img/883277_RS_290_290RS150131_17115_RAW.jpg,/Users/anirudh/RoadConditionClassifier/FPGAProject/ml/preprocessed/grid_labels/883277_RS_290_290RS150131_17115_RAW.jpg.npy
/Users/anirudh/RoadConditionClassifier/FPGAProject/ml/cracks-and-potholes-in-road-DatasetNinja/ds0/img/884076_RS_290_290RS150131_21110_RAW.jpg,/Users/anirudh/RoadConditionClassifier/FPGAProject/ml/preprocessed/grid_labels/884076_RS_290_290RS150131_21110_RAW.jpg.npy
/Users/anirudh/RoadConditionClassifier/FPGAProject/ml/cracks-and-potholes-in-road-DatasetNinja/ds0/img/884191_RS_290_290RS150131_21685_RAW.jpg,/Users/anirudh/RoadConditionClassifier/FPGAProject/ml/preprocessed/grid_labels/884191_RS_290_290RS150131_21685_RAW.jpg.npy
/Users/anirudh/RoadConditionClassifier/FPGAProject/ml/cracks-and-potholes-in-road-DatasetNinja/ds0/img/884192_RS_290_290RS150131_21690_RAW.jpg,/Users/anirudh/RoadConditionClassifier/FPGAProject/ml/preprocessed/grid_labels/884192_RS_290_290RS150131_21690_RAW.jpg.npy
/Users/anirudh/RoadConditionClassifier/FPGAProject/ml/cracks-and-potholes-in-road-DatasetNinja/ds0/img/884193_RS_290_290RS150131_21695_RAW.jpg,/Users/anirudh/RoadConditionClassifier/FPGAProject/ml/preprocessed/grid_labels/884193_RS_290_290RS150131_21695_RAW.jpg.npy
/Users/anirudh/RoadConditionClassifier/FPGAProject/ml/cracks-and-potholes-in-road-DatasetNinja/ds0/img/884194_RS_290_290RS150131_21700_RAW.jpg,/Users/anirudh/RoadConditionClassifier/FPGAProject/ml/preprocessed/grid_labels/884194_RS_290_290RS150131_21700_RAW.jpg.npy
/Users/anirudh/RoadConditionClassifier/FPGAProject/ml/cracks-and-potholes-in-road-DatasetNinja/ds0/img/915944_RS_290_290RS294095_13170_RAW.jpg,/Users/anirudh/RoadConditionClassifier/FPGAProject/ml/preprocessed/grid_labels/915944_RS_290_290RS294095_13170_RAW.jpg.npy
/Users/anirudh/RoadConditionClassifier/FPGAProject/ml/cracks-and-potholes-in-road-DatasetNinja/ds0/img/915945_RS_290_290RS294095_13175_RAW.jpg,/Users/anirudh/RoadConditionClassifier/FPGAProject/ml/preprocessed/grid_labels/915945_RS_290_290RS294095_13175_RAW.jpg.npy
/Users/anirudh/RoadConditionClassifier/FPGAProject/ml/cracks-and-potholes-in-road-DatasetNinja/ds0/img/915946_RS_290_290RS294095_13181_RAW.jpg,/Users/anirudh/RoadConditionClassifier/FPGAProject/ml/preprocessed/grid_labels/915946_RS_290_290RS294095_13181_RAW.jpg.npy
/Users/anirudh/RoadConditionClassifier/FPGAProject/ml/cracks-and-potholes-in-road-DatasetNinja/ds0/img/915947_RS_290_290RS294095_13185_RAW.jpg,/Users/anirudh/RoadConditionClassifier/FPGAProject/ml/preprocessed/grid_labels/915947_RS_290_290RS294095_13185_RAW.jpg.npy
/Users/anirudh/RoadConditionClassifier/FPGAProject/ml/cracks-and-potholes-in-road-DatasetNinja/ds0/img/915957_RS_290_290RS294095_13235_RAW.jpg,/Users/anirudh/RoadConditionClassifier/FPGAProject/ml/preprocessed/grid_labels/915957_RS_290_290RS294095_13235_RAW.jpg.npy
/Users/anirudh/RoadConditionClassifier/FPGAProject/ml/cracks-and-potholes-in-road-DatasetNinja/ds0/img/915958_RS_290_290RS294095_13241_RAW.jpg,/Users/anirudh/RoadConditionClassifier/FPGAProject/ml/preprocessed/grid_labels/915958_RS_290_290RS294095_13241_RAW.jpg.npy
/Users/anirudh/RoadConditionClassifier/FPGAProject/ml/cracks-and-potholes-in-road-DatasetNinja/ds0/img/915959_RS_290_290RS294095_13245_RAW.jpg,/Users/anirudh/RoadConditionClassifier/FPGAProject/ml/preprocessed/grid_labels/915959_RS_290_290RS294095_13245_RAW.jpg.npy
/Users/anirudh/RoadConditionClassifier/FPGAProject/ml/cracks-and-potholes-in-road-DatasetNinja/ds0/img/915960_RS_290_290RS294095_13250_RAW.jpg,/Users/anirudh/RoadConditionClassifier/FPGAProject/ml/preprocessed/grid_labels/915960_RS_290_290RS294095_13250_RAW.jpg.npy
/Users/anirudh/RoadConditionClassifier/FPGAProject/ml/cracks-and-potholes-in-road-DatasetNinja/ds0/img/915961_RS_290_290RS294095_13255_RAW.jpg,/Users/anirudh/RoadConditionClassifier/FPGAProject/ml/preprocessed/grid_labels/915961_RS_290_290RS294095_13255_RAW.jpg.npy
/Users/anirudh/RoadConditionClassifier/FPGAProject/ml/cracks-and-potholes-in-road-DatasetNinja/ds0/img/915962_RS_290_290RS294095_13260_RAW.jpg,/Users/anirudh/RoadConditionClassifier/FPGAProject/ml/preprocessed/grid_labels/915962_RS_290_290RS294095_13260_RAW.jpg.npy
/Users/anirudh/RoadConditionClassifier/FPGAProject/ml/cracks-and-potholes-in-road-DatasetNinja/ds0/img/915963_RS_290_290RS294095_13265_RAW.jpg,/Users/anirudh/RoadConditionClassifier/FPGAProject/ml/preprocessed/grid_labels/915963_RS_290_290RS294095_13265_RAW.jpg.npy
/Users/anirudh/RoadConditionClassifier/FPGAProject/ml/cracks-and-potholes-in-road-DatasetNinja/ds0/img/915964_RS_290_290RS294095_13270_RAW.jpg,/Users/anirudh/RoadConditionClassifier/FPGAProject/ml/preprocessed/grid_labels/915964_RS_290_290RS294095_13270_RAW.jpg.npy
/Users/anirudh/RoadConditionClassifier/FPGAProject/ml/cracks-and-potholes-in-road-DatasetNinja/ds0/img/915965_RS_290_290RS294095_13275_RAW.jpg,/Users/anirudh/RoadConditionClassifier/FPGAProject/ml/preprocessed/grid_labels/915965_RS_290_290RS294095_13275_RAW.jpg.npy
/Users/anirudh/RoadConditionClassifier/FPGAProject/ml/cracks-and-potholes-in-road-DatasetNinja/ds0/img/915966_RS_290_290RS294095_13280_RAW.jpg,/Users/anirudh/RoadConditionClassifier/FPGAProject/ml/preprocessed/grid_labels/915966_RS_290_290RS294095_13280_RAW.jpg.npy
/Users/anirudh/RoadConditionClassifier/FPGAProject/ml/cracks-and-potholes-in-road-DatasetNinja/ds0/img/915967_RS_290_290RS294095_13285_RAW.jpg,/Users/anirudh/RoadConditionClassifier/FPGAProject/ml/preprocessed/grid_labels/915967_RS_290_290RS294095_13285_RAW.jpg.npy
/Users/anirudh/RoadConditionClassifier/FPGAProject/ml/cracks-and-potholes-in-road-DatasetNinja/ds0/img/915968_RS_290_290RS294095_13290_RAW.jpg,/Users/anirudh/RoadConditionClassifier/FPGAProject/ml/preprocessed/grid_labels/915968_RS_290_290RS294095_13290_RAW.jpg.npy
/Users/anirudh/RoadConditionClassifier/FPGAProject/ml/cracks-and-potholes-in-road-DatasetNinja/ds0/img/915985_RS_290_290RS294095_13376_RAW.jpg,/Users/anirudh/RoadConditionClassifier/FPGAProject/ml/preprocessed/grid_labels/915985_RS_290_290RS294095_13376_RAW.jpg.npy
/Users/anirudh/RoadConditionClassifier/FPGAProject/ml/cracks-and-potholes-in-road-DatasetNinja/ds0/img/916002_RS_290_290RS294095_13460_RAW.jpg,/Users/anirudh/RoadConditionClassifier/FPGAProject/ml/preprocessed/grid_labels/916002_RS_290_290RS294095_13460_RAW.jpg.npy
/Users/anirudh/RoadConditionClassifier/FPGAProject/ml/cracks-and-potholes-in-road-DatasetNinja/ds0/img/916024_RS_290_290RS294095_13570_RAW.jpg,/Users/anirudh/RoadConditionClassifier/FPGAProject/ml/preprocessed/grid_labels/916024_RS_290_290RS294095_13570_RAW.jpg.npy
/Users/anirudh/RoadConditionClassifier/FPGAProject/ml/cracks-and-potholes-in-road-DatasetNinja/ds0/img/916025_RS_290_290RS294095_13575_RAW.jpg,/Users/anirudh/RoadConditionClassifier/FPGAProject/ml/preprocessed/grid_labels/916025_RS_290_290RS294095_13575_RAW.jpg.npy
/Users/anirudh/RoadConditionClassifier/FPGAProject/ml/cracks-and-potholes-in-road-DatasetNinja/ds0/img/916079_RS_290_290RS294095_13846_RAW.jpg,/Users/anirudh/RoadConditionClassifier/FPGAProject/ml/preprocessed/grid_labels/916079_RS_290_290RS294095_13846_RAW.jpg.npy
/Users/anirudh/RoadConditionClassifier/FPGAProject/ml/cracks-and-potholes-in-road-DatasetNinja/ds0/img/916109_RS_290_290RS294095_13996_RAW.jpg,/Users/anirudh/RoadConditionClassifier/FPGAProject/ml/preprocessed/grid_labels/916109_RS_290_290RS294095_13996_RAW.jpg.npy
/Users/anirudh/RoadConditionClassifier/FPGAProject/ml/cracks-and-potholes-in-road-DatasetNinja/ds0/img/916110_RS_290_290RS294095_14000_RAW.jpg,/Users/anirudh/RoadConditionClassifier/FPGAProject/ml/preprocessed/grid_labels/916110_RS_290_290RS294095_14000_RAW.jpg.npy
/Users/anirudh/RoadConditionClassifier/FPGAProject/ml/cracks-and-potholes-in-road-DatasetNinja/ds0/img/916111_RS_290_290RS294095_14005_RAW.jpg,/Users/anirudh/RoadConditionClassifier/FPGAProject/ml/preprocessed/grid_labels/916111_RS_290_290RS294095_14005_RAW.jpg.npy
/Users/anirudh/RoadConditionClassifier/FPGAProject/ml/cracks-and-potholes-in-road-DatasetNinja/ds0/img/916112_RS_290_290RS294095_14010_RAW.jpg,/Users/anirudh/RoadConditionClassifier/FPGAProject/ml/preprocessed/grid_labels/916112_RS_290_290RS294095_14010_RAW.jpg.npy
/Users/anirudh/RoadConditionClassifier/FPGAProject/ml/cracks-and-potholes-in-road-DatasetNinja/ds0/img/916113_RS_290_290RS294095_14015_RAW.jpg,/Users/anirudh/RoadConditionClassifier/FPGAProject/ml/preprocessed/grid_labels/916113_RS_290_290RS294095_14015_RAW.jpg.npy
/Users/anirudh/RoadConditionClassifier/FPGAProject/ml/cracks-and-potholes-in-road-DatasetNinja/ds0/img/916114_RS_290_290RS294095_14020_RAW.jpg,/Users/anirudh/RoadConditionClassifier/FPGAProject/ml/preprocessed/grid_labels/916114_RS_290_290RS294095_14020_RAW.jpg.npy
/Users/anirudh/RoadConditionClassifier/FPGAProject/ml/cracks-and-potholes-in-road-DatasetNinja/ds0/img/916117_RS_290_290RS294095_14035_RAW.jpg,/Users/anirudh/RoadConditionClassifier/FPGAProject/ml/preprocessed/grid_labels/916117_RS_290_290RS294095_14035_RAW.jpg.npy
/Users/anirudh/RoadConditionClassifier/FPGAProject/ml/cracks-and-potholes-in-road-DatasetNinja/ds0/img/916118_RS_290_290RS294095_14040_RAW.jpg,/Users/anirudh/RoadConditionClassifier/FPGAProject/ml/preprocessed/grid_labels/916118_RS_290_290RS294095_14040_RAW.jpg.npy
/Users/anirudh/RoadConditionClassifier/FPGAProject/ml/cracks-and-potholes-in-road-DatasetNinja/ds0/img/916119_RS_290_290RS294095_14045_RAW.jpg,/Users/anirudh/RoadConditionClassifier/FPGAProject/ml/preprocessed/grid_labels/916119_RS_290_290RS294095_14045_RAW.jpg.npy
/Users/anirudh/RoadConditionClassifier/FPGAProject/ml/cracks-and-potholes-in-road-DatasetNinja/ds0/img/916134_RS_290_290RS294095_14120_RAW.jpg,/Users/anirudh/RoadConditionClassifier/FPGAProject/ml/preprocessed/grid_labels/916134_RS_290_290RS294095_14120_RAW.jpg.npy
/Users/anirudh/RoadConditionClassifier/FPGAProject/ml/cracks-and-potholes-in-road-DatasetNinja/ds0/img/916151_RS_290_290RS294095_14205_RAW.jpg,/Users/anirudh/RoadConditionClassifier/FPGAProject/ml/preprocessed/grid_labels/916151_RS_290_290RS294095_14205_RAW.jpg.npy
/Users/anirudh/RoadConditionClassifier/FPGAProject/ml/cracks-and-potholes-in-road-DatasetNinja/ds0/img/916152_RS_290_290RS294095_14210_RAW.jpg,/Users/anirudh/RoadConditionClassifier/FPGAProject/ml/preprocessed/grid_labels/916152_RS_290_290RS294095_14210_RAW.jpg.npy
/Users/anirudh/RoadConditionClassifier/FPGAProject/ml/cracks-and-potholes-in-road-DatasetNinja/ds0/img/916162_RS_290_290RS294095_14260_RAW.jpg,/Users/anirudh/RoadConditionClassifier/FPGAProject/ml/preprocessed/grid_labels/916162_RS_290_290RS294095_14260_RAW.jpg.npy
/Users/anirudh/RoadConditionClassifier/FPGAProject/ml/cracks-and-potholes-in-road-DatasetNinja/ds0/img/916163_RS_290_290RS294095_14266_RAW.jpg,/Users/anirudh/RoadConditionClassifier/FPGAProject/ml/preprocessed/grid_labels/916163_RS_290_290RS294095_14266_RAW.jpg.npy
/Users/anirudh/RoadConditionClassifier/FPGAProject/ml/cracks-and-potholes-in-road-DatasetNinja/ds0/img/916304_RS_290_290RS294095_14970_RAW.jpg,/Users/anirudh/RoadConditionClassifier/FPGAProject/ml/preprocessed/grid_labels/916304_RS_290_290RS294095_14970_RAW.jpg.npy
/Users/anirudh/RoadConditionClassifier/FPGAProject/ml/cracks-and-potholes-in-road-DatasetNinja/ds0/img/916321_RS_290_290RS294095_15055_RAW.jpg,/Users/anirudh/RoadConditionClassifier/FPGAProject/ml/preprocessed/grid_labels/916321_RS_290_290RS294095_15055_RAW.jpg.npy
/Users/anirudh/RoadConditionClassifier/FPGAProject/ml/cracks-and-potholes-in-road-DatasetNinja/ds0/img/916335_RS_290_290RS294095_15126_RAW.jpg,/Users/anirudh/RoadConditionClassifier/FPGAProject/ml/preprocessed/grid_labels/916335_RS_290_290RS294095_15126_RAW.jpg.npy
/Users/anirudh/RoadConditionClassifier/FPGAProject/ml/cracks-and-potholes-in-road-DatasetNinja/ds0/img/916336_RS_290_290RS294095_15130_RAW.jpg,/Users/anirudh/RoadConditionClassifier/FPGAProject/ml/preprocessed/grid_labels/916336_RS_290_290RS294095_15130_RAW.jpg.npy
/Users/anirudh/RoadConditionClassifier/FPGAProject/ml/cracks-and-potholes-in-road-DatasetNinja/ds0/img/916337_RS_290_290RS294095_15137_RAW.jpg,/Users/anirudh/RoadConditionClassifier/FPGAProject/ml/preprocessed/grid_labels/916337_RS_290_290RS294095_15137_RAW.jpg.npy
/Users/anirudh/RoadConditionClassifier/FPGAProject/ml/cracks-and-potholes-in-road-DatasetNinja/ds0/img/916338_RS_290_290RS294095_15140_RAW.jpg,/Users/anirudh/RoadConditionClassifier/FPGAProject/ml/preprocessed/grid_labels/916338_RS_290_290RS294095_15140_RAW.jpg.npy
/Users/anirudh/RoadConditionClassifier/FPGAProject/ml/cracks-and-potholes-in-road-DatasetNinja/ds0/img/916434_RS_290_290RS294095_15621_RAW.jpg,/Users/anirudh/RoadConditionClassifier/FPGAProject/ml/preprocessed/grid_labels/916434_RS_290_290RS294095_15621_RAW.jpg.npy
/Users/anirudh/RoadConditionClassifier/FPGAProject/ml/cracks-and-potholes-in-road-DatasetNinja/ds0/img/916435_RS_290_290RS294095_15626_RAW.jpg,/Users/anirudh/RoadConditionClassifier/FPGAProject/ml/preprocessed/grid_labels/916435_RS_290_290RS294095_15626_RAW.jpg.npy
/Users/anirudh/RoadConditionClassifier/FPGAProject/ml/cracks-and-potholes-in-road-DatasetNinja/ds0/img/916436_RS_290_290RS294095_15630_RAW.jpg,/Users/anirudh/RoadConditionClassifier/FPGAProject/ml/preprocessed/grid_labels/916436_RS_290_290RS294095_15630_RAW.jpg.npy
/Users/anirudh/RoadConditionClassifier/FPGAProject/ml/cracks-and-potholes-in-road-DatasetNinja/ds0/img/916437_RS_290_290RS294095_15635_RAW.jpg,/Users/anirudh/RoadConditionClassifier/FPGAProject/ml/preprocessed/grid_labels/916437_RS_290_290RS294095_15635_RAW.jpg.npy
/Users/anirudh/RoadConditionClassifier/FPGAProject/ml/cracks-and-potholes-in-road-DatasetNinja/ds0/img/916438_RS_290_290RS294095_15640_RAW.jpg,/Users/anirudh/RoadConditionClassifier/FPGAProject/ml/preprocessed/grid_labels/916438_RS_290_290RS294095_15640_RAW.jpg.npy
/Users/anirudh/RoadConditionClassifier/FPGAProject/ml/cracks-and-potholes-in-road-DatasetNinja/ds0/img/916443_RS_290_290RS294095_15665_RAW.jpg,/Users/anirudh/RoadConditionClassifier/FPGAProject/ml/preprocessed/grid_labels/916443_RS_290_290RS294095_15665_RAW.jpg.npy
/Users/anirudh/RoadConditionClassifier/FPGAProject/ml/cracks-and-potholes-in-road-DatasetNinja/ds0/img/916611_RS_290_290RS294095_16505_RAW.jpg,/Users/anirudh/RoadConditionClassifier/FPGAProject/ml/preprocessed/grid_labels/916611_RS_290_290RS294095_16505_RAW.jpg.npy
/Users/anirudh/RoadConditionClassifier/FPGAProject/ml/cracks-and-potholes-in-road-DatasetNinja/ds0/img/916636_RS_290_290RS294095_16630_RAW.jpg,/Users/anirudh/RoadConditionClassifier/FPGAProject/ml/preprocessed/grid_labels/916636_RS_290_290RS294095_16630_RAW.jpg.npy
/Users/anirudh/RoadConditionClassifier/FPGAProject/ml/cracks-and-potholes-in-road-DatasetNinja/ds0/img/916639_RS_290_290RS294095_16645_RAW.jpg,/Users/anirudh/RoadConditionClassifier/FPGAProject/ml/preprocessed/grid_labels/916639_RS_290_290RS294095_16645_RAW.jpg.npy
/Users/anirudh/RoadConditionClassifier/FPGAProject/ml/cracks-and-potholes-in-road-DatasetNinja/ds0/img/916643_RS_290_290RS294095_16665_RAW.jpg,/Users/anirudh/RoadConditionClassifier/FPGAProject/ml/preprocessed/grid_labels/916643_RS_290_290RS294095_16665_RAW.jpg.npy
/Users/anirudh/RoadConditionClassifier/FPGAProject/ml/cracks-and-potholes-in-road-DatasetNinja/ds0/img/916644_RS_290_290RS294095_16670_RAW.jpg,/Users/anirudh/RoadConditionClassifier/FPGAProject/ml/preprocessed/grid_labels/916644_RS_290_290RS294095_16670_RAW.jpg.npy
/Users/anirudh/RoadConditionClassifier/FPGAProject/ml/cracks-and-potholes-in-road-DatasetNinja/ds0/img/916646_RS_290_290RS294095_16680_RAW.jpg,/Users/anirudh/RoadConditionClassifier/FPGAProject/ml/preprocessed/grid_labels/916646_RS_290_290RS294095_16680_RAW.jpg.npy
/Users/anirudh/RoadConditionClassifier/FPGAProject/ml/cracks-and-potholes-in-road-DatasetNinja/ds0/img/916647_RS_290_290RS294095_16685_RAW.jpg,/Users/anirudh/RoadConditionClassifier/FPGAProject/ml/preprocessed/grid_labels/916647_RS_290_290RS294095_16685_RAW.jpg.npy
/Users/anirudh/RoadConditionClassifier/FPGAProject/ml/cracks-and-potholes-in-road-DatasetNinja/ds0/img/916648_RS_290_290RS294095_16690_RAW.jpg,/Users/anirudh/RoadConditionClassifier/FPGAProject/ml/preprocessed/grid_labels/916648_RS_290_290RS294095_16690_RAW.jpg.npy
/Users/anirudh/RoadConditionClassifier/FPGAProject/ml/cracks-and-potholes-in-road-DatasetNinja/ds0/img/916652_RS_290_290RS294095_16711_RAW.jpg,/Users/anirudh/RoadConditionClassifier/FPGAProject/ml/preprocessed/grid_labels/916652_RS_290_290RS294095_16711_RAW.jpg.npy
/Users/anirudh/RoadConditionClassifier/FPGAProject/ml/cracks-and-potholes-in-road-DatasetNinja/ds0/img/916653_RS_290_290RS294095_16715_RAW.jpg,/Users/anirudh/RoadConditionClassifier/FPGAProject/ml/preprocessed/grid_labels/916653_RS_290_290RS294095_16715_RAW.jpg.npy
/Users/anirudh/RoadConditionClassifier/FPGAProject/ml/cracks-and-potholes-in-road-DatasetNinja/ds0/img/916654_RS_290_290RS294095_16720_RAW.jpg,/Users/anirudh/RoadConditionClassifier/FPGAProject/ml/preprocessed/grid_labels/916654_RS_290_290RS294095_16720_RAW.jpg.npy
/Users/anirudh/RoadConditionClassifier/FPGAProject/ml/cracks-and-potholes-in-road-DatasetNinja/ds0/img/916655_RS_290_290RS294095_16725_RAW.jpg,/Users/anirudh/RoadConditionClassifier/FPGAProject/ml/preprocessed/grid_labels/916655_RS_290_290RS294095_16725_RAW.jpg.npy
/Users/anirudh/RoadConditionClassifier/FPGAProject/ml/cracks-and-potholes-in-road-DatasetNinja/ds0/img/916656_RS_290_290RS294095_16730_RAW.jpg,/Users/anirudh/RoadConditionClassifier/FPGAProject/ml/preprocessed/grid_labels/916656_RS_290_290RS294095_16730_RAW.jpg.npy
/Users/anirudh/RoadConditionClassifier/FPGAProject/ml/cracks-and-potholes-in-road-DatasetNinja/ds0/img/916659_RS_290_290RS294095_16745_RAW.jpg,/Users/anirudh/RoadConditionClassifier/FPGAProject/ml/preprocessed/grid_labels/916659_RS_290_290RS294095_16745_RAW.jpg.npy
/Users/anirudh/RoadConditionClassifier/FPGAProject/ml/cracks-and-potholes-in-road-DatasetNinja/ds0/img/916665_RS_290_290RS294095_16775_RAW.jpg,/Users/anirudh/RoadConditionClassifier/FPGAProject/ml/preprocessed/grid_labels/916665_RS_290_290RS294095_16775_RAW.jpg.npy
/Users/anirudh/RoadConditionClassifier/FPGAProject/ml/cracks-and-potholes-in-road-DatasetNinja/ds0/img/916673_RS_290_290RS294095_16815_RAW.jpg,/Users/anirudh/RoadConditionClassifier/FPGAProject/ml/preprocessed/grid_labels/916673_RS_290_290RS294095_16815_RAW.jpg.npy
/Users/anirudh/RoadConditionClassifier/FPGAProject/ml/cracks-and-potholes-in-road-DatasetNinja/ds0/img/916682_RS_290_290RS294095_16860_RAW.jpg,/Users/anirudh/RoadConditionClassifier/FPGAProject/ml/preprocessed/grid_labels/916682_RS_290_290RS294095_16860_RAW.jpg.npy
/Users/anirudh/RoadConditionClassifier/FPGAProject/ml/cracks-and-potholes-in-road-DatasetNinja/ds0/img/916683_RS_290_290RS294095_16865_RAW.jpg,/Users/anirudh/RoadConditionClassifier/FPGAProject/ml/preprocessed/grid_labels/916683_RS_290_290RS294095_16865_RAW.jpg.npy
/Users/anirudh/RoadConditionClassifier/FPGAProject/ml/cracks-and-potholes-in-road-DatasetNinja/ds0/img/916868_RS_290_290RS294095_17790_RAW.jpg,/Users/anirudh/RoadConditionClassifier/FPGAProject/ml/preprocessed/grid_labels/916868_RS_290_290RS294095_17790_RAW.jpg.npy
/Users/anirudh/RoadConditionClassifier/FPGAProject/ml/cracks-and-potholes-in-road-DatasetNinja/ds0/img/916869_RS_290_290RS294095_17795_RAW.jpg,/Users/anirudh/RoadConditionClassifier/FPGAProject/ml/preprocessed/grid_labels/916869_RS_290_290RS294095_17795_RAW.jpg.npy
/Users/anirudh/RoadConditionClassifier/FPGAProject/ml/cracks-and-potholes-in-road-DatasetNinja/ds0/img/916870_RS_290_290RS294095_17800_RAW.jpg,/Users/anirudh/RoadConditionClassifier/FPGAProject/ml/preprocessed/grid_labels/916870_RS_290_290RS294095_17800_RAW.jpg.npy
/Users/anirudh/RoadConditionClassifier/FPGAProject/ml/cracks-and-potholes-in-road-DatasetNinja/ds0/img/916871_RS_290_290RS294095_17806_RAW.jpg,/Users/anirudh/RoadConditionClassifier/FPGAProject/ml/preprocessed/grid_labels/916871_RS_290_290RS294095_17806_RAW.jpg.npy
/Users/anirudh/RoadConditionClassifier/FPGAProject/ml/cracks-and-potholes-in-road-DatasetNinja/ds0/img/916872_RS_290_290RS294095_17810_RAW.jpg,/Users/anirudh/RoadConditionClassifier/FPGAProject/ml/preprocessed/grid_labels/916872_RS_290_290RS294095_17810_RAW.jpg.npy
/Users/anirudh/RoadConditionClassifier/FPGAProject/ml/cracks-and-potholes-in-road-DatasetNinja/ds0/img/916873_RS_290_290RS294095_17815_RAW.jpg,/Users/anirudh/RoadConditionClassifier/FPGAProject/ml/preprocessed/grid_labels/916873_RS_290_290RS294095_17815_RAW.jpg.npy
/Users/anirudh/RoadConditionClassifier/FPGAProject/ml/cracks-and-potholes-in-road-DatasetNinja/ds0/img/916874_RS_290_290RS294095_17821_RAW.jpg,/Users/anirudh/RoadConditionClassifier/FPGAProject/ml/preprocessed/grid_labels/916874_RS_290_290RS294095_17821_RAW.jpg.npy
/Users/anirudh/RoadConditionClassifier/FPGAProject/ml/cracks-and-potholes-in-road-DatasetNinja/ds0/img/916875_RS_290_290RS294095_17825_RAW.jpg,/Users/anirudh/RoadConditionClassifier/FPGAProject/ml/preprocessed/grid_labels/916875_RS_290_290RS294095_17825_RAW.jpg.npy
/Users/anirudh/RoadConditionClassifier/FPGAProject/ml/cracks-and-potholes-in-road-DatasetNinja/ds0/img/916876_RS_290_290RS294095_17830_RAW.jpg,/Users/anirudh/RoadConditionClassifier/FPGAProject/ml/preprocessed/grid_labels/916876_RS_290_290RS294095_17830_RAW.jpg.npy
/Users/anirudh/RoadConditionClassifier/FPGAProject/ml/cracks-and-potholes-in-road-DatasetNinja/ds0/img/916877_RS_290_290RS294095_17835_RAW.jpg,/Users/anirudh/RoadConditionClassifier/FPGAProject/ml/preprocessed/grid_labels/916877_RS_290_290RS294095_17835_RAW.jpg.npy
/Users/anirudh/RoadConditionClassifier/FPGAProject/ml/cracks-and-potholes-in-road-DatasetNinja/ds0/img/916878_RS_290_290RS294095_17840_RAW.jpg,/Users/anirudh/RoadConditionClassifier/FPGAProject/ml/preprocessed/grid_labels/916878_RS_290_290RS294095_17840_RAW.jpg.npy
/Users/anirudh/RoadConditionClassifier/FPGAProject/ml/cracks-and-potholes-in-road-DatasetNinja/ds0/img/916879_RS_290_290RS294095_17845_RAW.jpg,/Users/anirudh/RoadConditionClassifier/FPGAProject/ml/preprocessed/grid_labels/916879_RS_290_290RS294095_17845_RAW.jpg.npy
/Users/anirudh/RoadConditionClassifier/FPGAProject/ml/cracks-and-potholes-in-road-DatasetNinja/ds0/img/916886_RS_290_290RS294095_17880_RAW.jpg,/Users/anirudh/RoadConditionClassifier/FPGAProject/ml/preprocessed/grid_labels/916886_RS_290_290RS294095_17880_RAW.jpg.npy
/Users/anirudh/RoadConditionClassifier/FPGAProject/ml/cracks-and-potholes-in-road-DatasetNinja/ds0/img/916887_RS_290_290RS294095_17885_RAW.jpg,/Users/anirudh/RoadConditionClassifier/FPGAProject/ml/preprocessed/grid_labels/916887_RS_290_290RS294095_17885_RAW.jpg.npy
/Users/anirudh/RoadConditionClassifier/FPGAProject/ml/cracks-and-potholes-in-road-DatasetNinja/ds0/img/916888_RS_290_290RS294095_17890_RAW.jpg,/Users/anirudh/RoadConditionClassifier/FPGAProject/ml/preprocessed/grid_labels/916888_RS_290_290RS294095_17890_RAW.jpg.npy
/Users/anirudh/RoadConditionClassifier/FPGAProject/ml/cracks-and-potholes-in-road-DatasetNinja/ds0/img/916891_RS_290_290RS294095_17905_RAW.jpg,/Users/anirudh/RoadConditionClassifier/FPGAProject/ml/preprocessed/grid_labels/916891_RS_290_290RS294095_17905_RAW.jpg.npy
/Users/anirudh/RoadConditionClassifier/FPGAProject/ml/cracks-and-potholes-in-road-DatasetNinja/ds0/img/916892_RS_290_290RS294095_17910_RAW.jpg,/Users/anirudh/RoadConditionClassifier/FPGAProject/ml/preprocessed/grid_labels/916892_RS_290_290RS294095_17910_RAW.jpg.npy
/Users/anirudh/RoadConditionClassifier/FPGAProject/ml/cracks-and-potholes-in-road-DatasetNinja/ds0/img/916893_RS_290_290RS294095_17916_RAW.jpg,/Users/anirudh/RoadConditionClassifier/FPGAProject/ml/preprocessed/grid_labels/916893_RS_290_290RS294095_17916_RAW.jpg.npy
/Users/anirudh/RoadConditionClassifier/FPGAProject/ml/cracks-and-potholes-in-road-DatasetNinja/ds0/img/916922_RS_290_290RS294095_18061_RAW.jpg,/Users/anirudh/RoadConditionClassifier/FPGAProject/ml/preprocessed/grid_labels/916922_RS_290_290RS294095_18061_RAW.jpg.npy
/Users/anirudh/RoadConditionClassifier/FPGAProject/ml/cracks-and-potholes-in-road-DatasetNinja/ds0/img/916930_RS_290_290RS294095_18100_RAW.jpg,/Users/anirudh/RoadConditionClassifier/FPGAProject/ml/preprocessed/grid_labels/916930_RS_290_290RS294095_18100_RAW.jpg.npy
/Users/anirudh/RoadConditionClassifier/FPGAProject/ml/cracks-and-potholes-in-road-DatasetNinja/ds0/img/916938_RS_290_290RS294095_18140_RAW.jpg,/Users/anirudh/RoadConditionClassifier/FPGAProject/ml/preprocessed/grid_labels/916938_RS_290_290RS294095_18140_RAW.jpg.npy
/Users/anirudh/RoadConditionClassifier/FPGAProject/ml/cracks-and-potholes-in-road-DatasetNinja/ds0/img/916939_RS_290_290RS294095_18145_RAW.jpg,/Users/anirudh/RoadConditionClassifier/FPGAProject/ml/preprocessed/grid_labels/916939_RS_290_290RS294095_18145_RAW.jpg.npy
/Users/anirudh/RoadConditionClassifier/FPGAProject/ml/cracks-and-potholes-in-road-DatasetNinja/ds0/img/916949_RS_290_290RS294095_18195_RAW.jpg,/Users/anirudh/RoadConditionClassifier/FPGAProject/ml/preprocessed/grid_labels/916949_RS_290_290RS294095_18195_RAW.jpg.npy
/Users/anirudh/RoadConditionClassifier/FPGAProject/ml/cracks-and-potholes-in-road-DatasetNinja/ds0/img/916950_RS_290_290RS294095_18200_RAW.jpg,/Users/anirudh/RoadConditionClassifier/FPGAProject/ml/preprocessed/grid_labels/916950_RS_290_290RS294095_18200_RAW.jpg.npy
/Users/anirudh/RoadConditionClassifier/FPGAProject/ml/cracks-and-potholes-in-road-DatasetNinja/ds0/img/916994_RS_290_290RS294095_18420_RAW.jpg,/Users/anirudh/RoadConditionClassifier/FPGAProject/ml/preprocessed/grid_labels/916994_RS_290_290RS294095_18420_RAW.jpg.npy
/Users/anirudh/RoadConditionClassifier/FPGAProject/ml/cracks-and-potholes-in-road-DatasetNinja/ds0/img/917025_RS_290_290RS294095_18576_RAW.jpg,/Users/anirudh/RoadConditionClassifier/FPGAProject/ml/preprocessed/grid_labels/917025_RS_290_290RS294095_18576_RAW.jpg.npy
/Users/anirudh/RoadConditionClassifier/FPGAProject/ml/cracks-and-potholes-in-road-DatasetNinja/ds0/img/917033_RS_290_290RS294095_18615_RAW.jpg,/Users/anirudh/RoadConditionClassifier/FPGAProject/ml/preprocessed/grid_labels/917033_RS_290_290RS294095_18615_RAW.jpg.npy
/Users/anirudh/RoadConditionClassifier/FPGAProject/ml/cracks-and-potholes-in-road-DatasetNinja/ds0/img/917038_RS_290_290RS294095_18640_RAW.jpg,/Users/anirudh/RoadConditionClassifier/FPGAProject/ml/preprocessed/grid_labels/917038_RS_290_290RS294095_18640_RAW.jpg.npy
/Users/anirudh/RoadConditionClassifier/FPGAProject/ml/cracks-and-potholes-in-road-DatasetNinja/ds0/img/917042_RS_290_290RS294095_18660_RAW.jpg,/Users/anirudh/RoadConditionClassifier/FPGAProject/ml/preprocessed/grid_labels/917042_RS_290_290RS294095_18660_RAW.jpg.npy
/Users/anirudh/RoadConditionClassifier/FPGAProject/ml/cracks-and-potholes-in-road-DatasetNinja/ds0/img/917043_RS_290_290RS294095_18665_RAW.jpg,/Users/anirudh/RoadConditionClassifier/FPGAProject/ml/preprocessed/grid_labels/917043_RS_290_290RS294095_18665_RAW.jpg.npy
/Users/anirudh/RoadConditionClassifier/FPGAProject/ml/cracks-and-potholes-in-road-DatasetNinja/ds0/img/917044_RS_290_290RS294095_18670_RAW.jpg,/Users/anirudh/RoadConditionClassifier/FPGAProject/ml/preprocessed/grid_labels/917044_RS_290_290RS294095_18670_RAW.jpg.npy
/Users/anirudh/RoadConditionClassifier/FPGAProject/ml/cracks-and-potholes-in-road-DatasetNinja/ds0/img/917045_RS_290_290RS294095_18675_RAW.jpg,/Users/anirudh/RoadConditionClassifier/FPGAProject/ml/preprocessed/grid_labels/917045_RS_290_290RS294095_18675_RAW.jpg.npy
/Users/anirudh/RoadConditionClassifier/FPGAProject/ml/cracks-and-potholes-in-road-DatasetNinja/ds0/img/917064_RS_290_290RS294095_18770_RAW.jpg,/Users/anirudh/RoadConditionClassifier/FPGAProject/ml/preprocessed/grid_labels/917064_RS_290_290RS294095_18770_RAW.jpg.npy
/Users/anirudh/RoadConditionClassifier/FPGAProject/ml/cracks-and-potholes-in-road-DatasetNinja/ds0/img/917066_RS_290_290RS294095_18780_RAW.jpg,/Users/anirudh/RoadConditionClassifier/FPGAProject/ml/preprocessed/grid_labels/917066_RS_290_290RS294095_18780_RAW.jpg.npy
/Users/anirudh/RoadConditionClassifier/FPGAProject/ml/cracks-and-potholes-in-road-DatasetNinja/ds0/img/917067_RS_290_290RS294095_18785_RAW.jpg,/Users/anirudh/RoadConditionClassifier/FPGAProject/ml/preprocessed/grid_labels/917067_RS_290_290RS294095_18785_RAW.jpg.npy
/Users/anirudh/RoadConditionClassifier/FPGAProject/ml/cracks-and-potholes-in-road-DatasetNinja/ds0/img/917069_RS_290_290RS294095_18795_RAW.jpg,/Users/anirudh/RoadConditionClassifier/FPGAProject/ml/preprocessed/grid_labels/917069_RS_290_290RS294095_18795_RAW.jpg.npy
/Users/anirudh/RoadConditionClassifier/FPGAProject/ml/cracks-and-potholes-in-road-DatasetNinja/ds0/img/917070_RS_290_290RS294095_18800_RAW.jpg,/Users/anirudh/RoadConditionClassifier/FPGAProject/ml/preprocessed/grid_labels/917070_RS_290_290RS294095_18800_RAW.jpg.npy
/Users/anirudh/RoadConditionClassifier/FPGAProject/ml/cracks-and-potholes-in-road-DatasetNinja/ds0/img/917071_RS_290_290RS294095_18805_RAW.jpg,/Users/anirudh/RoadConditionClassifier/FPGAProject/ml/preprocessed/grid_labels/917071_RS_290_290RS294095_18805_RAW.jpg.npy
/Users/anirudh/RoadConditionClassifier/FPGAProject/ml/cracks-and-potholes-in-road-DatasetNinja/ds0/img/917072_RS_290_290RS294095_18810_RAW.jpg,/Users/anirudh/RoadConditionClassifier/FPGAProject/ml/preprocessed/grid_labels/917072_RS_290_290RS294095_18810_RAW.jpg.npy
/Users/anirudh/RoadConditionClassifier/FPGAProject/ml/cracks-and-potholes-in-road-DatasetNinja/ds0/img/917086_RS_290_290RS294095_18880_RAW.jpg,/Users/anirudh/RoadConditionClassifier/FPGAProject/ml/preprocessed/grid_labels/917086_RS_290_290RS294095_18880_RAW.jpg.npy
/Users/anirudh/RoadConditionClassifier/FPGAProject/ml/cracks-and-potholes-in-road-DatasetNinja/ds0/img/917087_RS_290_290RS294095_18885_RAW.jpg,/Users/anirudh/RoadConditionClassifier/FPGAProject/ml/preprocessed/grid_labels/917087_RS_290_290RS294095_18885_RAW.jpg.npy
/Users/anirudh/RoadConditionClassifier/FPGAProject/ml/cracks-and-potholes-in-road-DatasetNinja/ds0/img/917088_RS_290_290RS294095_18890_RAW.jpg,/Users/anirudh/RoadConditionClassifier/FPGAProject/ml/preprocessed/grid_labels/917088_RS_290_290RS294095_18890_RAW.jpg.npy
/Users/anirudh/RoadConditionClassifier/FPGAProject/ml/cracks-and-potholes-in-road-DatasetNinja/ds0/img/917089_RS_290_290RS294095_18895_RAW.jpg,/Users/anirudh/RoadConditionClassifier/FPGAProject/ml/preprocessed/grid_labels/917089_RS_290_290RS294095_18895_RAW.jpg.npy
/Users/anirudh/RoadConditionClassifier/FPGAProject/ml/cracks-and-potholes-in-road-DatasetNinja/ds0/img/917090_RS_290_290RS294095_18900_RAW.jpg,/Users/anirudh/RoadConditionClassifier/FPGAProject/ml/preprocessed/grid_labels/917090_RS_290_290RS294095_18900_RAW.jpg.npy
/Users/anirudh/RoadConditionClassifier/FPGAProject/ml/cracks-and-potholes-in-road-DatasetNinja/ds0/img/917091_RS_290_290RS294095_18905_RAW.jpg,/Users/anirudh/RoadConditionClassifier/FPGAProject/ml/preprocessed/grid_labels/917091_RS_290_290RS294095_18905_RAW.jpg.npy
/Users/anirudh/RoadConditionClassifier/FPGAProject/ml/cracks-and-potholes-in-road-DatasetNinja/ds0/img/917092_RS_290_290RS294095_18910_RAW.jpg,/Users/anirudh/RoadConditionClassifier/FPGAProject/ml/preprocessed/grid_labels/917092_RS_290_290RS294095_18910_RAW.jpg.npy
/Users/anirudh/RoadConditionClassifier/FPGAProject/ml/cracks-and-potholes-in-road-DatasetNinja/ds0/img/917093_RS_290_290RS294095_18915_RAW.jpg,/Users/anirudh/RoadConditionClassifier/FPGAProject/ml/preprocessed/grid_labels/917093_RS_290_290RS294095_18915_RAW.jpg.npy
/Users/anirudh/RoadConditionClassifier/FPGAProject/ml/cracks-and-potholes-in-road-DatasetNinja/ds0/img/917094_RS_290_290RS294095_18920_RAW.jpg,/Users/anirudh/RoadConditionClassifier/FPGAProject/ml/preprocessed/grid_labels/917094_RS_290_290RS294095_18920_RAW.jpg.npy
/Users/anirudh/RoadConditionClassifier/FPGAProject/ml/cracks-and-potholes-in-road-DatasetNinja/ds0/img/917095_RS_290_290RS294095_18925_RAW.jpg,/Users/anirudh/RoadConditionClassifier/FPGAProject/ml/preprocessed/grid_labels/917095_RS_290_290RS294095_18925_RAW.jpg.npy
/Users/anirudh/RoadConditionClassifier/FPGAProject/ml/cracks-and-potholes-in-road-DatasetNinja/ds0/img/917096_RS_290_290RS294095_18930_RAW.jpg,/Users/anirudh/RoadConditionClassifier/FPGAProject/ml/preprocessed/grid_labels/917096_RS_290_290RS294095_18930_RAW.jpg.npy
/Users/anirudh/RoadConditionClassifier/FPGAProject/ml/cracks-and-potholes-in-road-DatasetNinja/ds0/img/917097_RS_290_290RS294095_18935_RAW.jpg,/Users/anirudh/RoadConditionClassifier/FPGAProject/ml/preprocessed/grid_labels/917097_RS_290_290RS294095_18935_RAW.jpg.npy
/Users/anirudh/RoadConditionClassifier/FPGAProject/ml/cracks-and-potholes-in-road-DatasetNinja/ds0/img/917104_RS_290_290RS294095_18970_RAW.jpg,/Users/anirudh/RoadConditionClassifier/FPGAProject/ml/preprocessed/grid_labels/917104_RS_290_290RS294095_18970_RAW.jpg.npy
/Users/anirudh/RoadConditionClassifier/FPGAProject/ml/cracks-and-potholes-in-road-DatasetNinja/ds0/img/917105_RS_290_290RS294095_18975_RAW.jpg,/Users/anirudh/RoadConditionClassifier/FPGAProject/ml/preprocessed/grid_labels/917105_RS_290_290RS294095_18975_RAW.jpg.npy
/Users/anirudh/RoadConditionClassifier/FPGAProject/ml/cracks-and-potholes-in-road-DatasetNinja/ds0/img/917108_RS_290_290RS294095_18990_RAW.jpg,/Users/anirudh/RoadConditionClassifier/FPGAProject/ml/preprocessed/grid_labels/917108_RS_290_290RS294095_18990_RAW.jpg.npy
/Users/anirudh/RoadConditionClassifier/FPGAProject/ml/cracks-and-potholes-in-road-DatasetNinja/ds0/img/917109_RS_290_290RS294095_18995_RAW.jpg,/Users/anirudh/RoadConditionClassifier/FPGAProject/ml/preprocessed/grid_labels/917109_RS_290_290RS294095_18995_RAW.jpg.npy
/Users/anirudh/RoadConditionClassifier/FPGAProject/ml/cracks-and-potholes-in-road-DatasetNinja/ds0/img/917113_RS_290_290RS294095_19015_RAW.jpg,/Users/anirudh/RoadConditionClassifier/FPGAProject/ml/preprocessed/grid_labels/917113_RS_290_290RS294095_19015_RAW.jpg.npy
/Users/anirudh/RoadConditionClassifier/FPGAProject/ml/cracks-and-potholes-in-road-DatasetNinja/ds0/img/917114_RS_290_290RS294095_19020_RAW.jpg,/Users/anirudh/RoadConditionClassifier/FPGAProject/ml/preprocessed/grid_labels/917114_RS_290_290RS294095_19020_RAW.jpg.npy
/Users/anirudh/RoadConditionClassifier/FPGAProject/ml/cracks-and-potholes-in-road-DatasetNinja/ds0/img/917115_RS_290_290RS294095_19025_RAW.jpg,/Users/anirudh/RoadConditionClassifier/FPGAProject/ml/preprocessed/grid_labels/917115_RS_290_290RS294095_19025_RAW.jpg.npy
/Users/anirudh/RoadConditionClassifier/FPGAProject/ml/cracks-and-potholes-in-road-DatasetNinja/ds0/img/917116_RS_290_290RS294095_19030_RAW.jpg,/Users/anirudh/RoadConditionClassifier/FPGAProject/ml/preprocessed/grid_labels/917116_RS_290_290RS294095_19030_RAW.jpg.npy
/Users/anirudh/RoadConditionClassifier/FPGAProject/ml/cracks-and-potholes-in-road-DatasetNinja/ds0/img/917117_RS_290_290RS294095_19035_RAW.jpg,/Users/anirudh/RoadConditionClassifier/FPGAProject/ml/preprocessed/grid_labels/917117_RS_290_290RS294095_19035_RAW.jpg.npy
/Users/anirudh/RoadConditionClassifier/FPGAProject/ml/cracks-and-potholes-in-road-DatasetNinja/ds0/img/917118_RS_290_290RS294095_19040_RAW.jpg,/Users/anirudh/RoadConditionClassifier/FPGAProject/ml/preprocessed/grid_labels/917118_RS_290_290RS294095_19040_RAW.jpg.npy
/Users/anirudh/RoadConditionClassifier/FPGAProject/ml/cracks-and-potholes-in-road-DatasetNinja/ds0/img/917119_RS_290_290RS294095_19045_RAW.jpg,/Users/anirudh/RoadConditionClassifier/FPGAProject/ml/preprocessed/grid_labels/917119_RS_290_290RS294095_19045_RAW.jpg.npy
/Users/anirudh/RoadConditionClassifier/FPGAProject/ml/cracks-and-potholes-in-road-DatasetNinja/ds0/img/917120_RS_290_290RS294095_19051_RAW.jpg,/Users/anirudh/RoadConditionClassifier/FPGAProject/ml/preprocessed/grid_labels/917120_RS_290_290RS294095_19051_RAW.jpg.npy
/Users/anirudh/RoadConditionClassifier/FPGAProject/ml/cracks-and-potholes-in-road-DatasetNinja/ds0/img/917121_RS_290_290RS294095_19055_RAW.jpg,/Users/anirudh/RoadConditionClassifier/FPGAProject/ml/preprocessed/grid_labels/917121_RS_290_290RS294095_19055_RAW.jpg.npy
/Users/anirudh/RoadConditionClassifier/FPGAProject/ml/cracks-and-potholes-in-road-DatasetNinja/ds0/img/917129_RS_290_290RS294095_19096_RAW.jpg,/Users/anirudh/RoadConditionClassifier/FPGAProject/ml/preprocessed/grid_labels/917129_RS_290_290RS294095_19096_RAW.jpg.npy
/Users/anirudh/RoadConditionClassifier/FPGAProject/ml/cracks-and-potholes-in-road-DatasetNinja/ds0/img/917130_RS_290_290RS294095_19100_RAW.jpg,/Users/anirudh/RoadConditionClassifier/FPGAProject/ml/preprocessed/grid_labels/917130_RS_290_290RS294095_19100_RAW.jpg.npy
/Users/anirudh/RoadConditionClassifier/FPGAProject/ml/cracks-and-potholes-in-road-DatasetNinja/ds0/img/917131_RS_290_290RS294095_19105_RAW.jpg,/Users/anirudh/RoadConditionClassifier/FPGAProject/ml/preprocessed/grid_labels/917131_RS_290_290RS294095_19105_RAW.jpg.npy
/Users/anirudh/RoadConditionClassifier/FPGAProject/ml/cracks-and-potholes-in-road-DatasetNinja/ds0/img/917140_RS_290_290RS294095_19150_RAW.jpg,/Users/anirudh/RoadConditionClassifier/FPGAProject/ml/preprocessed/grid_labels/917140_RS_290_290RS294095_19150_RAW.jpg.npy
/Users/anirudh/RoadConditionClassifier/FPGAProject/ml/cracks-and-potholes-in-road-DatasetNinja/ds0/img/917154_RS_290_290RS294095_19220_RAW.jpg,/Users/anirudh/RoadConditionClassifier/FPGAProject/ml/preprocessed/grid_labels/917154_RS_290_290RS294095_19220_RAW.jpg.npy
/Users/anirudh/RoadConditionClassifier/FPGAProject/ml/cracks-and-potholes-in-road-DatasetNinja/ds0/img/917155_RS_290_290RS294095_19225_RAW.jpg,/Users/anirudh/RoadConditionClassifier/FPGAProject/ml/preprocessed/grid_labels/917155_RS_290_290RS294095_19225_RAW.jpg.npy
/Users/anirudh/RoadConditionClassifier/FPGAProject/ml/cracks-and-potholes-in-road-DatasetNinja/ds0/img/917156_RS_290_290RS294095_19230_RAW.jpg,/Users/anirudh/RoadConditionClassifier/FPGAProject/ml/preprocessed/grid_labels/917156_RS_290_290RS294095_19230_RAW.jpg.npy
/Users/anirudh/RoadConditionClassifier/FPGAProject/ml/cracks-and-potholes-in-road-DatasetNinja/ds0/img/917161_RS_290_290RS294095_19255_RAW.jpg,/Users/anirudh/RoadConditionClassifier/FPGAProject/ml/preprocessed/grid_labels/917161_RS_290_290RS294095_19255_RAW.jpg.npy
/Users/anirudh/RoadConditionClassifier/FPGAProject/ml/cracks-and-potholes-in-road-DatasetNinja/ds0/img/917162_RS_290_290RS294095_19261_RAW.jpg,/Users/anirudh/RoadConditionClassifier/FPGAProject/ml/preprocessed/grid_labels/917162_RS_290_290RS294095_19261_RAW.jpg.npy
/Users/anirudh/RoadConditionClassifier/FPGAProject/ml/cracks-and-potholes-in-road-DatasetNinja/ds0/img/917170_RS_290_290RS294095_19300_RAW.jpg,/Users/anirudh/RoadConditionClassifier/FPGAProject/ml/preprocessed/grid_labels/917170_RS_290_290RS294095_19300_RAW.jpg.npy
/Users/anirudh/RoadConditionClassifier/FPGAProject/ml/cracks-and-potholes-in-road-DatasetNinja/ds0/img/917171_RS_290_290RS294095_19305_RAW.jpg,/Users/anirudh/RoadConditionClassifier/FPGAProject/ml/preprocessed/grid_labels/917171_RS_290_290RS294095_19305_RAW.jpg.npy
/Users/anirudh/RoadConditionClassifier/FPGAProject/ml/cracks-and-potholes-in-road-DatasetNinja/ds0/img/917186_RS_290_290RS294095_19380_RAW.jpg,/Users/anirudh/RoadConditionClassifier/FPGAProject/ml/preprocessed/grid_labels/917186_RS_290_290RS294095_19380_RAW.jpg.npy
/Users/anirudh/RoadConditionClassifier/FPGAProject/ml/cracks-and-potholes-in-road-DatasetNinja/ds0/img/917187_RS_290_290RS294095_19385_RAW.jpg,/Users/anirudh/RoadConditionClassifier/FPGAProject/ml/preprocessed/grid_labels/917187_RS_290_290RS294095_19385_RAW.jpg.npy
/Users/anirudh/RoadConditionClassifier/FPGAProject/ml/cracks-and-potholes-in-road-DatasetNinja/ds0/img/917188_RS_290_290RS294095_19390_RAW.jpg,/Users/anirudh/RoadConditionClassifier/FPGAProject/ml/preprocessed/grid_labels/917188_RS_290_290RS294095_19390_RAW.jpg.npy
/Users/anirudh/RoadConditionClassifier/FPGAProject/ml/cracks-and-potholes-in-road-DatasetNinja/ds0/img/917189_RS_290_290RS294095_19395_RAW.jpg,/Users/anirudh/RoadConditionClassifier/FPGAProject/ml/preprocessed/grid_labels/917189_RS_290_290RS294095_19395_RAW.jpg.npy
/Users/anirudh/RoadConditionClassifier/FPGAProject/ml/cracks-and-potholes-in-road-DatasetNinja/ds0/img/917190_RS_290_290RS294095_19400_RAW.jpg,/Users/anirudh/RoadConditionClassifier/FPGAProject/ml/preprocessed/grid_labels/917190_RS_290_290RS294095_19400_RAW.jpg.npy
/Users/anirudh/RoadConditionClassifier/FPGAProject/ml/cracks-and-potholes-in-road-DatasetNinja/ds0/img/917191_RS_290_290RS294095_19405_RAW.jpg,/Users/anirudh/RoadConditionClassifier/FPGAProject/ml/preprocessed/grid_labels/917191_RS_290_290RS294095_19405_RAW.jpg.npy
/Users/anirudh/RoadConditionClassifier/FPGAProject/ml/cracks-and-potholes-in-road-DatasetNinja/ds0/img/917192_RS_290_290RS294095_19410_RAW.jpg,/Users/anirudh/RoadConditionClassifier/FPGAProject/ml/preprocessed/grid_labels/917192_RS_290_290RS294095_19410_RAW.jpg.npy
/Users/anirudh/RoadConditionClassifier/FPGAProject/ml/cracks-and-potholes-in-road-DatasetNinja/ds0/img/917193_RS_290_290RS294095_19415_RAW.jpg,/Users/anirudh/RoadConditionClassifier/FPGAProject/ml/preprocessed/grid_labels/917193_RS_290_290RS294095_19415_RAW.jpg.npy
/Users/anirudh/RoadConditionClassifier/FPGAProject/ml/cracks-and-potholes-in-road-DatasetNinja/ds0/img/917194_RS_290_290RS294095_19420_RAW.jpg,/Users/anirudh/RoadConditionClassifier/FPGAProject/ml/preprocessed/grid_labels/917194_RS_290_290RS294095_19420_RAW.jpg.npy
/Users/anirudh/RoadConditionClassifier/FPGAProject/ml/cracks-and-potholes-in-road-DatasetNinja/ds0/img/917195_RS_290_290RS294095_19426_RAW.jpg,/Users/anirudh/RoadConditionClassifier/FPGAProject/ml/preprocessed/grid_labels/917195_RS_290_290RS294095_19426_RAW.jpg.npy
/Users/anirudh/RoadConditionClassifier/FPGAProject/ml/cracks-and-potholes-in-road-DatasetNinja/ds0/img/917197_RS_290_290RS294095_19435_RAW.jpg,/Users/anirudh/RoadConditionClassifier/FPGAProject/ml/preprocessed/grid_labels/917197_RS_290_290RS294095_19435_RAW.jpg.npy
/Users/anirudh/RoadConditionClassifier/FPGAProject/ml/cracks-and-potholes-in-road-DatasetNinja/ds0/img/917198_RS_290_290RS294095_19440_RAW.jpg,/Users/anirudh/RoadConditionClassifier/FPGAProject/ml/preprocessed/grid_labels/917198_RS_290_290RS294095_19440_RAW.jpg.npy
/Users/anirudh/RoadConditionClassifier/FPGAProject/ml/cracks-and-potholes-in-road-DatasetNinja/ds0/img/917199_RS_290_290RS294095_19445_RAW.jpg,/Users/anirudh/RoadConditionClassifier/FPGAProject/ml/preprocessed/grid_labels/917199_RS_290_290RS294095_19445_RAW.jpg.npy
/Users/anirudh/RoadConditionClassifier/FPGAProject/ml/cracks-and-potholes-in-road-DatasetNinja/ds0/img/917200_RS_290_290RS294095_19450_RAW.jpg,/Users/anirudh/RoadConditionClassifier/FPGAProject/ml/preprocessed/grid_labels/917200_RS_290_290RS294095_19450_RAW.jpg.npy
/Users/anirudh/RoadConditionClassifier/FPGAProject/ml/cracks-and-potholes-in-road-DatasetNinja/ds0/img/917201_RS_290_290RS294095_19455_RAW.jpg,/Users/anirudh/RoadConditionClassifier/FPGAProject/ml/preprocessed/grid_labels/917201_RS_290_290RS294095_19455_RAW.jpg.npy
/Users/anirudh/RoadConditionClassifier/FPGAProject/ml/cracks-and-potholes-in-road-DatasetNinja/ds0/img/917202_RS_290_290RS294095_19460_RAW.jpg,/Users/anirudh/RoadConditionClassifier/FPGAProject/ml/preprocessed/grid_labels/917202_RS_290_290RS294095_19460_RAW.jpg.npy
/Users/anirudh/RoadConditionClassifier/FPGAProject/ml/cracks-and-potholes-in-road-DatasetNinja/ds0/img/917203_RS_290_290RS294095_19465_RAW.jpg,/Users/anirudh/RoadConditionClassifier/FPGAProject/ml/preprocessed/grid_labels/917203_RS_290_290RS294095_19465_RAW.jpg.npy
/Users/anirudh/RoadConditionClassifier/FPGAProject/ml/cracks-and-potholes-in-road-DatasetNinja/ds0/img/917204_RS_290_290RS294095_19470_RAW.jpg,/Users/anirudh/RoadConditionClassifier/FPGAProject/ml/preprocessed/grid_labels/917204_RS_290_290RS294095_19470_RAW.jpg.npy
/Users/anirudh/RoadConditionClassifier/FPGAProject/ml/cracks-and-potholes-in-road-DatasetNinja/ds0/img/917205_RS_290_290RS294095_19475_RAW.jpg,/Users/anirudh/RoadConditionClassifier/FPGAProject/ml/preprocessed/grid_labels/917205_RS_290_290RS294095_19475_RAW.jpg.npy
/Users/anirudh/RoadConditionClassifier/FPGAProject/ml/cracks-and-potholes-in-road-DatasetNinja/ds0/img/917206_RS_290_290RS294095_19480_RAW.jpg,/Users/anirudh/RoadConditionClassifier/FPGAProject/ml/preprocessed/grid_labels/917206_RS_290_290RS294095_19480_RAW.jpg.npy
/Users/anirudh/RoadConditionClassifier/FPGAProject/ml/cracks-and-potholes-in-road-DatasetNinja/ds0/img/917207_RS_290_290RS294095_19485_RAW.jpg,/Users/anirudh/RoadConditionClassifier/FPGAProject/ml/preprocessed/grid_labels/917207_RS_290_290RS294095_19485_RAW.jpg.npy
/Users/anirudh/RoadConditionClassifier/FPGAProject/ml/cracks-and-potholes-in-road-DatasetNinja/ds0/img/917208_RS_290_290RS294095_19490_RAW.jpg,/Users/anirudh/RoadConditionClassifier/FPGAProject/ml/preprocessed/grid_labels/917208_RS_290_290RS294095_19490_RAW.jpg.npy
/Users/anirudh/RoadConditionClassifier/FPGAProject/ml/cracks-and-potholes-in-road-DatasetNinja/ds0/img/917209_RS_290_290RS294095_19495_RAW.jpg,/Users/anirudh/RoadConditionClassifier/FPGAProject/ml/preprocessed/grid_labels/917209_RS_290_290RS294095_19495_RAW.jpg.npy
/Users/anirudh/RoadConditionClassifier/FPGAProject/ml/cracks-and-potholes-in-road-DatasetNinja/ds0/img/917210_RS_290_290RS294095_19500_RAW.jpg,/Users/anirudh/RoadConditionClassifier/FPGAProject/ml/preprocessed/grid_labels/917210_RS_290_290RS294095_19500_RAW.jpg.npy
/Users/anirudh/RoadConditionClassifier/FPGAProject/ml/cracks-and-potholes-in-road-DatasetNinja/ds0/img/917211_RS_290_290RS294095_19505_RAW.jpg,/Users/anirudh/RoadConditionClassifier/FPGAProject/ml/preprocessed/grid_labels/917211_RS_290_290RS294095_19505_RAW.jpg.npy
/Users/anirudh/RoadConditionClassifier/FPGAProject/ml/cracks-and-potholes-in-road-DatasetNinja/ds0/img/917212_RS_290_290RS294095_19510_RAW.jpg,/Users/anirudh/RoadConditionClassifier/FPGAProject/ml/preprocessed/grid_labels/917212_RS_290_290RS294095_19510_RAW.jpg.npy
/Users/anirudh/RoadConditionClassifier/FPGAProject/ml/cracks-and-potholes-in-road-DatasetNinja/ds0/img/917213_RS_290_290RS294095_19515_RAW.jpg,/Users/anirudh/RoadConditionClassifier/FPGAProject/ml/preprocessed/grid_labels/917213_RS_290_290RS294095_19515_RAW.jpg.npy
/Users/anirudh/RoadConditionClassifier/FPGAProject/ml/cracks-and-potholes-in-road-DatasetNinja/ds0/img/917214_RS_290_290RS294095_19520_RAW.jpg,/Users/anirudh/RoadConditionClassifier/FPGAProject/ml/preprocessed/grid_labels/917214_RS_290_290RS294095_19520_RAW.jpg.npy
/Users/anirudh/RoadConditionClassifier/FPGAProject/ml/cracks-and-potholes-in-road-DatasetNinja/ds0/img/917215_RS_290_290RS294095_19525_RAW.jpg,/Users/anirudh/RoadConditionClassifier/FPGAProject/ml/preprocessed/grid_labels/917215_RS_290_290RS294095_19525_RAW.jpg.npy
/Users/anirudh/RoadConditionClassifier/FPGAProject/ml/cracks-and-potholes-in-road-DatasetNinja/ds0/img/917216_RS_290_290RS294095_19530_RAW.jpg,/Users/anirudh/RoadConditionClassifier/FPGAProject/ml/preprocessed/grid_labels/917216_RS_290_290RS294095_19530_RAW.jpg.npy
/Users/anirudh/RoadConditionClassifier/FPGAProject/ml/cracks-and-potholes-in-road-DatasetNinja/ds0/img/917217_RS_290_290RS294095_19535_RAW.jpg,/Users/anirudh/RoadConditionClassifier/FPGAProject/ml/preprocessed/grid_labels/917217_RS_290_290RS294095_19535_RAW.jpg.npy
/Users/anirudh/RoadConditionClassifier/FPGAProject/ml/cracks-and-potholes-in-road-DatasetNinja/ds0/img/917218_RS_290_290RS294095_19540_RAW.jpg,/Users/anirudh/RoadConditionClassifier/FPGAProject/ml/preprocessed/grid_labels/917218_RS_290_290RS294095_19540_RAW.jpg.npy
/Users/anirudh/RoadConditionClassifier/FPGAProject/ml/cracks-and-potholes-in-road-DatasetNinja/ds0/img/917219_RS_290_290RS294095_19545_RAW.jpg,/Users/anirudh/RoadConditionClassifier/FPGAProject/ml/preprocessed/grid_labels/917219_RS_290_290RS294095_19545_RAW.jpg.npy
/Users/anirudh/RoadConditionClassifier/FPGAProject/ml/cracks-and-potholes-in-road-DatasetNinja/ds0/img/917220_RS_290_290RS294095_19551_RAW.jpg,/Users/anirudh/RoadConditionClassifier/FPGAProject/ml/preprocessed/grid_labels/917220_RS_290_290RS294095_19551_RAW.jpg.npy
/Users/anirudh/RoadConditionClassifier/FPGAProject/ml/cracks-and-potholes-in-road-DatasetNinja/ds0/img/917221_RS_290_290RS294095_19555_RAW.jpg,/Users/anirudh/RoadConditionClassifier/FPGAProject/ml/preprocessed/grid_labels/917221_RS_290_290RS294095_19555_RAW.jpg.npy
/Users/anirudh/RoadConditionClassifier/FPGAProject/ml/cracks-and-potholes-in-road-DatasetNinja/ds0/img/917222_RS_290_290RS294095_19560_RAW.jpg,/Users/anirudh/RoadConditionClassifier/FPGAProject/ml/preprocessed/grid_labels/917222_RS_290_290RS294095_19560_RAW.jpg.npy
/Users/anirudh/RoadConditionClassifier/FPGAProject/ml/cracks-and-potholes-in-road-DatasetNinja/ds0/img/917223_RS_290_290RS294095_19565_RAW.jpg,/Users/anirudh/RoadConditionClassifier/FPGAProject/ml/preprocessed/grid_labels/917223_RS_290_290RS294095_19565_RAW.jpg.npy
/Users/anirudh/RoadConditionClassifier/FPGAProject/ml/cracks-and-potholes-in-road-DatasetNinja/ds0/img/917224_RS_290_290RS294095_19570_RAW.jpg,/Users/anirudh/RoadConditionClassifier/FPGAProject/ml/preprocessed/grid_labels/917224_RS_290_290RS294095_19570_RAW.jpg.npy
/Users/anirudh/RoadConditionClassifier/FPGAProject/ml/cracks-and-potholes-in-road-DatasetNinja/ds0/img/917225_RS_290_290RS294095_19575_RAW.jpg,/Users/anirudh/RoadConditionClassifier/FPGAProject/ml/preprocessed/grid_labels/917225_RS_290_290RS294095_19575_RAW.jpg.npy
/Users/anirudh/RoadConditionClassifier/FPGAProject/ml/cracks-and-potholes-in-road-DatasetNinja/ds0/img/917226_RS_290_290RS294095_19580_RAW.jpg,/Users/anirudh/RoadConditionClassifier/FPGAProject/ml/preprocessed/grid_labels/917226_RS_290_290RS294095_19580_RAW.jpg.npy
/Users/anirudh/RoadConditionClassifier/FPGAProject/ml/cracks-and-potholes-in-road-DatasetNinja/ds0/img/917227_RS_290_290RS294095_19585_RAW.jpg,/Users/anirudh/RoadConditionClassifier/FPGAProject/ml/preprocessed/grid_labels/917227_RS_290_290RS294095_19585_RAW.jpg.npy
/Users/anirudh/RoadConditionClassifier/FPGAProject/ml/cracks-and-potholes-in-road-DatasetNinja/ds0/img/917228_RS_290_290RS294095_19590_RAW.jpg,/Users/anirudh/RoadConditionClassifier/FPGAProject/ml/preprocessed/grid_labels/917228_RS_290_290RS294095_19590_RAW.jpg.npy
/Users/anirudh/RoadConditionClassifier/FPGAProject/ml/cracks-and-potholes-in-road-DatasetNinja/ds0/img/917229_RS_290_290RS294095_19595_RAW.jpg,/Users/anirudh/RoadConditionClassifier/FPGAProject/ml/preprocessed/grid_labels/917229_RS_290_290RS294095_19595_RAW.jpg.npy
/Users/anirudh/RoadConditionClassifier/FPGAProject/ml/cracks-and-potholes-in-road-DatasetNinja/ds0/img/917230_RS_290_290RS294095_19600_RAW.jpg,/Users/anirudh/RoadConditionClassifier/FPGAProject/ml/preprocessed/grid_labels/917230_RS_290_290RS294095_19600_RAW.jpg.npy
/Users/anirudh/RoadConditionClassifier/FPGAProject/ml/cracks-and-potholes-in-road-DatasetNinja/ds0/img/917231_RS_290_290RS294095_19605_RAW.jpg,/Users/anirudh/RoadConditionClassifier/FPGAProject/ml/preprocessed/grid_labels/917231_RS_290_290RS294095_19605_RAW.jpg.npy
/Users/anirudh/RoadConditionClassifier/FPGAProject/ml/cracks-and-potholes-in-road-DatasetNinja/ds0/img/917232_RS_290_290RS294095_19613_RAW.jpg,/Users/anirudh/RoadConditionClassifier/FPGAProject/ml/preprocessed/grid_labels/917232_RS_290_290RS294095_19613_RAW.jpg.npy
/Users/anirudh/RoadConditionClassifier/FPGAProject/ml/cracks-and-potholes-in-road-DatasetNinja/ds0/img/917233_RS_290_290RS294095_19615_RAW.jpg,/Users/anirudh/RoadConditionClassifier/FPGAProject/ml/preprocessed/grid_labels/917233_RS_290_290RS294095_19615_RAW.jpg.npy
/Users/anirudh/RoadConditionClassifier/FPGAProject/ml/cracks-and-potholes-in-road-DatasetNinja/ds0/img/917234_RS_290_290RS294095_19620_RAW.jpg,/Users/anirudh/RoadConditionClassifier/FPGAProject/ml/preprocessed/grid_labels/917234_RS_290_290RS294095_19620_RAW.jpg.npy
/Users/anirudh/RoadConditionClassifier/FPGAProject/ml/cracks-and-potholes-in-road-DatasetNinja/ds0/img/917235_RS_290_290RS294095_19625_RAW.jpg,/Users/anirudh/RoadConditionClassifier/FPGAProject/ml/preprocessed/grid_labels/917235_RS_290_290RS294095_19625_RAW.jpg.npy
/Users/anirudh/RoadConditionClassifier/FPGAProject/ml/cracks-and-potholes-in-road-DatasetNinja/ds0/img/917236_RS_290_290RS294095_19630_RAW.jpg,/Users/anirudh/RoadConditionClassifier/FPGAProject/ml/preprocessed/grid_labels/917236_RS_290_290RS294095_19630_RAW.jpg.npy
/Users/anirudh/RoadConditionClassifier/FPGAProject/ml/cracks-and-potholes-in-road-DatasetNinja/ds0/img/917237_RS_290_290RS294095_19635_RAW.jpg,/Users/anirudh/RoadConditionClassifier/FPGAProject/ml/preprocessed/grid_labels/917237_RS_290_290RS294095_19635_RAW.jpg.npy
/Users/anirudh/RoadConditionClassifier/FPGAProject/ml/cracks-and-potholes-in-road-DatasetNinja/ds0/img/917238_RS_290_290RS294095_19640_RAW.jpg,/Users/anirudh/RoadConditionClassifier/FPGAProject/ml/preprocessed/grid_labels/917238_RS_290_290RS294095_19640_RAW.jpg.npy
/Users/anirudh/RoadConditionClassifier/FPGAProject/ml/cracks-and-potholes-in-road-DatasetNinja/ds0/img/917239_RS_290_290RS294095_19646_RAW.jpg,/Users/anirudh/RoadConditionClassifier/FPGAProject/ml/preprocessed/grid_labels/917239_RS_290_290RS294095_19646_RAW.jpg.npy
/Users/anirudh/RoadConditionClassifier/FPGAProject/ml/cracks-and-potholes-in-road-DatasetNinja/ds0/img/917240_RS_290_290RS294095_19650_RAW.jpg,/Users/anirudh/RoadConditionClassifier/FPGAProject/ml/preprocessed/grid_labels/917240_RS_290_290RS294095_19650_RAW.jpg.npy
/Users/anirudh/RoadConditionClassifier/FPGAProject/ml/cracks-and-potholes-in-road-DatasetNinja/ds0/img/917241_RS_290_290RS294095_19655_RAW.jpg,/Users/anirudh/RoadConditionClassifier/FPGAProject/ml/preprocessed/grid_labels/917241_RS_290_290RS294095_19655_RAW.jpg.npy
/Users/anirudh/RoadConditionClassifier/FPGAProject/ml/cracks-and-potholes-in-road-DatasetNinja/ds0/img/917242_RS_290_290RS294095_19660_RAW.jpg,/Users/anirudh/RoadConditionClassifier/FPGAProject/ml/preprocessed/grid_labels/917242_RS_290_290RS294095_19660_RAW.jpg.npy
/Users/anirudh/RoadConditionClassifier/FPGAProject/ml/cracks-and-potholes-in-road-DatasetNinja/ds0/img/917243_RS_290_290RS294095_19665_RAW.jpg,/Users/anirudh/RoadConditionClassifier/FPGAProject/ml/preprocessed/grid_labels/917243_RS_290_290RS294095_19665_RAW.jpg.npy
/Users/anirudh/RoadConditionClassifier/FPGAProject/ml/cracks-and-potholes-in-road-DatasetNinja/ds0/img/917244_RS_290_290RS294095_19670_RAW.jpg,/Users/anirudh/RoadConditionClassifier/FPGAProject/ml/preprocessed/grid_labels/917244_RS_290_290RS294095_19670_RAW.jpg.npy
/Users/anirudh/RoadConditionClassifier/FPGAProject/ml/cracks-and-potholes-in-road-DatasetNinja/ds0/img/917245_RS_290_290RS294095_19675_RAW.jpg,/Users/anirudh/RoadConditionClassifier/FPGAProject/ml/preprocessed/grid_labels/917245_RS_290_290RS294095_19675_RAW.jpg.npy
/Users/anirudh/RoadConditionClassifier/FPGAProject/ml/cracks-and-potholes-in-road-DatasetNinja/ds0/img/917246_RS_290_290RS294095_19680_RAW.jpg,/Users/anirudh/RoadConditionClassifier/FPGAProject/ml/preprocessed/grid_labels/917246_RS_290_290RS294095_19680_RAW.jpg.npy
/Users/anirudh/RoadConditionClassifier/FPGAProject/ml/cracks-and-potholes-in-road-DatasetNinja/ds0/img/917247_RS_290_290RS294095_19685_RAW.jpg,/Users/anirudh/RoadConditionClassifier/FPGAProject/ml/preprocessed/grid_labels/917247_RS_290_290RS294095_19685_RAW.jpg.npy
/Users/anirudh/RoadConditionClassifier/FPGAProject/ml/cracks-and-potholes-in-road-DatasetNinja/ds0/img/917248_RS_290_290RS294095_19690_RAW.jpg,/Users/anirudh/RoadConditionClassifier/FPGAProject/ml/preprocessed/grid_labels/917248_RS_290_290RS294095_19690_RAW.jpg.npy
/Users/anirudh/RoadConditionClassifier/FPGAProject/ml/cracks-and-potholes-in-road-DatasetNinja/ds0/img/917249_RS_290_290RS294095_19695_RAW.jpg,/Users/anirudh/RoadConditionClassifier/FPGAProject/ml/preprocessed/grid_labels/917249_RS_290_290RS294095_19695_RAW.jpg.npy
/Users/anirudh/RoadConditionClassifier/FPGAProject/ml/cracks-and-potholes-in-road-DatasetNinja/ds0/img/917250_RS_290_290RS294095_19700_RAW.jpg,/Users/anirudh/RoadConditionClassifier/FPGAProject/ml/preprocessed/grid_labels/917250_RS_290_290RS294095_19700_RAW.jpg.npy
/Users/anirudh/RoadConditionClassifier/FPGAProject/ml/cracks-and-potholes-in-road-DatasetNinja/ds0/img/917251_RS_290_290RS294095_19705_RAW.jpg,/Users/anirudh/RoadConditionClassifier/FPGAProject/ml/preprocessed/grid_labels/917251_RS_290_290RS294095_19705_RAW.jpg.npy
/Users/anirudh/RoadConditionClassifier/FPGAProject/ml/cracks-and-potholes-in-road-DatasetNinja/ds0/img/917252_RS_290_290RS294095_19710_RAW.jpg,/Users/anirudh/RoadConditionClassifier/FPGAProject/ml/preprocessed/grid_labels/917252_RS_290_290RS294095_19710_RAW.jpg.npy
/Users/anirudh/RoadConditionClassifier/FPGAProject/ml/cracks-and-potholes-in-road-DatasetNinja/ds0/img/917253_RS_290_290RS294095_19715_RAW.jpg,/Users/anirudh/RoadConditionClassifier/FPGAProject/ml/preprocessed/grid_labels/917253_RS_290_290RS294095_19715_RAW.jpg.npy
/Users/anirudh/RoadConditionClassifier/FPGAProject/ml/cracks-and-potholes-in-road-DatasetNinja/ds0/img/917254_RS_290_290RS294095_19721_RAW.jpg,/Users/anirudh/RoadConditionClassifier/FPGAProject/ml/preprocessed/grid_labels/917254_RS_290_290RS294095_19721_RAW.jpg.npy
/Users/anirudh/RoadConditionClassifier/FPGAProject/ml/cracks-and-potholes-in-road-DatasetNinja/ds0/img/917255_RS_290_290RS294095_19725_RAW.jpg,/Users/anirudh/RoadConditionClassifier/FPGAProject/ml/preprocessed/grid_labels/917255_RS_290_290RS294095_19725_RAW.jpg.npy
/Users/anirudh/RoadConditionClassifier/FPGAProject/ml/cracks-and-potholes-in-road-DatasetNinja/ds0/img/917256_RS_290_290RS294095_19730_RAW.jpg,/Users/anirudh/RoadConditionClassifier/FPGAProject/ml/preprocessed/grid_labels/917256_RS_290_290RS294095_19730_RAW.jpg.npy
/Users/anirudh/RoadConditionClassifier/FPGAProject/ml/cracks-and-potholes-in-road-DatasetNinja/ds0/img/917257_RS_290_290RS294095_19736_RAW.jpg,/Users/anirudh/RoadConditionClassifier/FPGAProject/ml/preprocessed/grid_labels/917257_RS_290_290RS294095_19736_RAW.jpg.npy
/Users/anirudh/RoadConditionClassifier/FPGAProject/ml/cracks-and-potholes-in-road-DatasetNinja/ds0/img/917258_RS_290_290RS294095_19740_RAW.jpg,/Users/anirudh/RoadConditionClassifier/FPGAProject/ml/preprocessed/grid_labels/917258_RS_290_290RS294095_19740_RAW.jpg.npy
/Users/anirudh/RoadConditionClassifier/FPGAProject/ml/cracks-and-potholes-in-road-DatasetNinja/ds0/img/917259_RS_290_290RS294095_19745_RAW.jpg,/Users/anirudh/RoadConditionClassifier/FPGAProject/ml/preprocessed/grid_labels/917259_RS_290_290RS294095_19745_RAW.jpg.npy
/Users/anirudh/RoadConditionClassifier/FPGAProject/ml/cracks-and-potholes-in-road-DatasetNinja/ds0/img/917268_RS_290_290RS294095_19790_RAW.jpg,/Users/anirudh/RoadConditionClassifier/FPGAProject/ml/preprocessed/grid_labels/917268_RS_290_290RS294095_19790_RAW.jpg.npy
/Users/anirudh/RoadConditionClassifier/FPGAProject/ml/cracks-and-potholes-in-road-DatasetNinja/ds0/img/917269_RS_290_290RS294095_19795_RAW.jpg,/Users/anirudh/RoadConditionClassifier/FPGAProject/ml/preprocessed/grid_labels/917269_RS_290_290RS294095_19795_RAW.jpg.npy
/Users/anirudh/RoadConditionClassifier/FPGAProject/ml/cracks-and-potholes-in-road-DatasetNinja/ds0/img/917272_RS_290_290RS294095_19810_RAW.jpg,/Users/anirudh/RoadConditionClassifier/FPGAProject/ml/preprocessed/grid_labels/917272_RS_290_290RS294095_19810_RAW.jpg.npy
/Users/anirudh/RoadConditionClassifier/FPGAProject/ml/cracks-and-potholes-in-road-DatasetNinja/ds0/img/917273_RS_290_290RS294095_19816_RAW.jpg,/Users/anirudh/RoadConditionClassifier/FPGAProject/ml/preprocessed/grid_labels/917273_RS_290_290RS294095_19816_RAW.jpg.npy
/Users/anirudh/RoadConditionClassifier/FPGAProject/ml/cracks-and-potholes-in-road-DatasetNinja/ds0/img/917279_RS_290_290RS294095_19845_RAW.jpg,/Users/anirudh/RoadConditionClassifier/FPGAProject/ml/preprocessed/grid_labels/917279_RS_290_290RS294095_19845_RAW.jpg.npy
/Users/anirudh/RoadConditionClassifier/FPGAProject/ml/cracks-and-potholes-in-road-DatasetNinja/ds0/img/917280_RS_290_290RS294095_19850_RAW.jpg,/Users/anirudh/RoadConditionClassifier/FPGAProject/ml/preprocessed/grid_labels/917280_RS_290_290RS294095_19850_RAW.jpg.npy
/Users/anirudh/RoadConditionClassifier/FPGAProject/ml/cracks-and-potholes-in-road-DatasetNinja/ds0/img/917281_RS_290_290RS294095_19855_RAW.jpg,/Users/anirudh/RoadConditionClassifier/FPGAProject/ml/preprocessed/grid_labels/917281_RS_290_290RS294095_19855_RAW.jpg.npy
/Users/anirudh/RoadConditionClassifier/FPGAProject/ml/cracks-and-potholes-in-road-DatasetNinja/ds0/img/917282_RS_290_290RS294095_19860_RAW.jpg,/Users/anirudh/RoadConditionClassifier/FPGAProject/ml/preprocessed/grid_labels/917282_RS_290_290RS294095_19860_RAW.jpg.npy
/Users/anirudh/RoadConditionClassifier/FPGAProject/ml/cracks-and-potholes-in-road-DatasetNinja/ds0/img/917283_RS_290_290RS294095_19866_RAW.jpg,/Users/anirudh/RoadConditionClassifier/FPGAProject/ml/preprocessed/grid_labels/917283_RS_290_290RS294095_19866_RAW.jpg.npy
/Users/anirudh/RoadConditionClassifier/FPGAProject/ml/cracks-and-potholes-in-road-DatasetNinja/ds0/img/917284_RS_290_290RS294095_19871_RAW.jpg,/Users/anirudh/RoadConditionClassifier/FPGAProject/ml/preprocessed/grid_labels/917284_RS_290_290RS294095_19871_RAW.jpg.npy
/Users/anirudh/RoadConditionClassifier/FPGAProject/ml/cracks-and-potholes-in-road-DatasetNinja/ds0/img/917285_RS_290_290RS294095_19875_RAW.jpg,/Users/anirudh/RoadConditionClassifier/FPGAProject/ml/preprocessed/grid_labels/917285_RS_290_290RS294095_19875_RAW.jpg.npy
/Users/anirudh/RoadConditionClassifier/FPGAProject/ml/cracks-and-potholes-in-road-DatasetNinja/ds0/img/917286_RS_290_290RS294095_19880_RAW.jpg,/Users/anirudh/RoadConditionClassifier/FPGAProject/ml/preprocessed/grid_labels/917286_RS_290_290RS294095_19880_RAW.jpg.npy
/Users/anirudh/RoadConditionClassifier/FPGAProject/ml/cracks-and-potholes-in-road-DatasetNinja/ds0/img/917287_RS_290_290RS294095_19885_RAW.jpg,/Users/anirudh/RoadConditionClassifier/FPGAProject/ml/preprocessed/grid_labels/917287_RS_290_290RS294095_19885_RAW.jpg.npy
/Users/anirudh/RoadConditionClassifier/FPGAProject/ml/cracks-and-potholes-in-road-DatasetNinja/ds0/img/917288_RS_290_290RS294095_19891_RAW.jpg,/Users/anirudh/RoadConditionClassifier/FPGAProject/ml/preprocessed/grid_labels/917288_RS_290_290RS294095_19891_RAW.jpg.npy
/Users/anirudh/RoadConditionClassifier/FPGAProject/ml/cracks-and-potholes-in-road-DatasetNinja/ds0/img/917289_RS_290_290RS294095_19895_RAW.jpg,/Users/anirudh/RoadConditionClassifier/FPGAProject/ml/preprocessed/grid_labels/917289_RS_290_290RS294095_19895_RAW.jpg.npy
/Users/anirudh/RoadConditionClassifier/FPGAProject/ml/cracks-and-potholes-in-road-DatasetNinja/ds0/img/917290_RS_290_290RS294095_19900_RAW.jpg,/Users/anirudh/RoadConditionClassifier/FPGAProject/ml/preprocessed/grid_labels/917290_RS_290_290RS294095_19900_RAW.jpg.npy
/Users/anirudh/RoadConditionClassifier/FPGAProject/ml/cracks-and-potholes-in-road-DatasetNinja/ds0/img/917292_RS_290_290RS294095_19910_RAW.jpg,/Users/anirudh/RoadConditionClassifier/FPGAProject/ml/preprocessed/grid_labels/917292_RS_290_290RS294095_19910_RAW.jpg.npy
/Users/anirudh/RoadConditionClassifier/FPGAProject/ml/cracks-and-potholes-in-road-DatasetNinja/ds0/img/917293_RS_290_290RS294095_19915_RAW.jpg,/Users/anirudh/RoadConditionClassifier/FPGAProject/ml/preprocessed/grid_labels/917293_RS_290_290RS294095_19915_RAW.jpg.npy
/Users/anirudh/RoadConditionClassifier/FPGAProject/ml/cracks-and-potholes-in-road-DatasetNinja/ds0/img/917294_RS_290_290RS294095_19920_RAW.jpg,/Users/anirudh/RoadConditionClassifier/FPGAProject/ml/preprocessed/grid_labels/917294_RS_290_290RS294095_19920_RAW.jpg.npy
/Users/anirudh/RoadConditionClassifier/FPGAProject/ml/cracks-and-potholes-in-road-DatasetNinja/ds0/img/917295_RS_290_290RS294095_19925_RAW.jpg,/Users/anirudh/RoadConditionClassifier/FPGAProject/ml/preprocessed/grid_labels/917295_RS_290_290RS294095_19925_RAW.jpg.npy
/Users/anirudh/RoadConditionClassifier/FPGAProject/ml/cracks-and-potholes-in-road-DatasetNinja/ds0/img/917296_RS_290_290RS294095_19930_RAW.jpg,/Users/anirudh/RoadConditionClassifier/FPGAProject/ml/preprocessed/grid_labels/917296_RS_290_290RS294095_19930_RAW.jpg.npy
/Users/anirudh/RoadConditionClassifier/FPGAProject/ml/cracks-and-potholes-in-road-DatasetNinja/ds0/img/917297_RS_290_290RS294095_19935_RAW.jpg,/Users/anirudh/RoadConditionClassifier/FPGAProject/ml/preprocessed/grid_labels/917297_RS_290_290RS294095_19935_RAW.jpg.npy
/Users/anirudh/RoadConditionClassifier/FPGAProject/ml/cracks-and-potholes-in-road-DatasetNinja/ds0/img/917306_RS_290_290RS294095_19980_RAW.jpg,/Users/anirudh/RoadConditionClassifier/FPGAProject/ml/preprocessed/grid_labels/917306_RS_290_290RS294095_19980_RAW.jpg.npy
/Users/anirudh/RoadConditionClassifier/FPGAProject/ml/cracks-and-potholes-in-road-DatasetNinja/ds0/img/917307_RS_290_290RS294095_19987_RAW.jpg,/Users/anirudh/RoadConditionClassifier/FPGAProject/ml/preprocessed/grid_labels/917307_RS_290_290RS294095_19987_RAW.jpg.npy
/Users/anirudh/RoadConditionClassifier/FPGAProject/ml/cracks-and-potholes-in-road-DatasetNinja/ds0/img/917308_RS_290_290RS294095_19990_RAW.jpg,/Users/anirudh/RoadConditionClassifier/FPGAProject/ml/preprocessed/grid_labels/917308_RS_290_290RS294095_19990_RAW.jpg.npy
/Users/anirudh/RoadConditionClassifier/FPGAProject/ml/cracks-and-potholes-in-road-DatasetNinja/ds0/img/917311_RS_290_290RS294095_20005_RAW.jpg,/Users/anirudh/RoadConditionClassifier/FPGAProject/ml/preprocessed/grid_labels/917311_RS_290_290RS294095_20005_RAW.jpg.npy
/Users/anirudh/RoadConditionClassifier/FPGAProject/ml/cracks-and-potholes-in-road-DatasetNinja/ds0/img/917312_RS_290_290RS294095_20010_RAW.jpg,/Users/anirudh/RoadConditionClassifier/FPGAProject/ml/preprocessed/grid_labels/917312_RS_290_290RS294095_20010_RAW.jpg.npy
/Users/anirudh/RoadConditionClassifier/FPGAProject/ml/cracks-and-potholes-in-road-DatasetNinja/ds0/img/917320_RS_290_290RS294095_20050_RAW.jpg,/Users/anirudh/RoadConditionClassifier/FPGAProject/ml/preprocessed/grid_labels/917320_RS_290_290RS294095_20050_RAW.jpg.npy
/Users/anirudh/RoadConditionClassifier/FPGAProject/ml/cracks-and-potholes-in-road-DatasetNinja/ds0/img/917324_RS_290_290RS294095_20070_RAW.jpg,/Users/anirudh/RoadConditionClassifier/FPGAProject/ml/preprocessed/grid_labels/917324_RS_290_290RS294095_20070_RAW.jpg.npy
/Users/anirudh/RoadConditionClassifier/FPGAProject/ml/cracks-and-potholes-in-road-DatasetNinja/ds0/img/917325_RS_290_290RS294095_20075_RAW.jpg,/Users/anirudh/RoadConditionClassifier/FPGAProject/ml/preprocessed/grid_labels/917325_RS_290_290RS294095_20075_RAW.jpg.npy
/Users/anirudh/RoadConditionClassifier/FPGAProject/ml/cracks-and-potholes-in-road-DatasetNinja/ds0/img/917327_RS_290_290RS294095_20085_RAW.jpg,/Users/anirudh/RoadConditionClassifier/FPGAProject/ml/preprocessed/grid_labels/917327_RS_290_290RS294095_20085_RAW.jpg.npy
/Users/anirudh/RoadConditionClassifier/FPGAProject/ml/cracks-and-potholes-in-road-DatasetNinja/ds0/img/917336_RS_290_290RS294095_20131_RAW.jpg,/Users/anirudh/RoadConditionClassifier/FPGAProject/ml/preprocessed/grid_labels/917336_RS_290_290RS294095_20131_RAW.jpg.npy
/Users/anirudh/RoadConditionClassifier/FPGAProject/ml/cracks-and-potholes-in-road-DatasetNinja/ds0/img/917337_RS_290_290RS294095_20135_RAW.jpg,/Users/anirudh/RoadConditionClassifier/FPGAProject/ml/preprocessed/grid_labels/917337_RS_290_290RS294095_20135_RAW.jpg.npy
/Users/anirudh/RoadConditionClassifier/FPGAProject/ml/cracks-and-potholes-in-road-DatasetNinja/ds0/img/917338_RS_290_290RS294095_20140_RAW.jpg,/Users/anirudh/RoadConditionClassifier/FPGAProject/ml/preprocessed/grid_labels/917338_RS_290_290RS294095_20140_RAW.jpg.npy
/Users/anirudh/RoadConditionClassifier/FPGAProject/ml/cracks-and-potholes-in-road-DatasetNinja/ds0/img/917350_RS_290_290RS294095_20200_RAW.jpg,/Users/anirudh/RoadConditionClassifier/FPGAProject/ml/preprocessed/grid_labels/917350_RS_290_290RS294095_20200_RAW.jpg.npy
/Users/anirudh/RoadConditionClassifier/FPGAProject/ml/cracks-and-potholes-in-road-DatasetNinja/ds0/img/917364_RS_290_290RS294095_20270_RAW.jpg,/Users/anirudh/RoadConditionClassifier/FPGAProject/ml/preprocessed/grid_labels/917364_RS_290_290RS294095_20270_RAW.jpg.npy
/Users/anirudh/RoadConditionClassifier/FPGAProject/ml/cracks-and-potholes-in-road-DatasetNinja/ds0/img/917375_RS_290_290RS294095_20325_RAW.jpg,/Users/anirudh/RoadConditionClassifier/FPGAProject/ml/preprocessed/grid_labels/917375_RS_290_290RS294095_20325_RAW.jpg.npy
/Users/anirudh/RoadConditionClassifier/FPGAProject/ml/cracks-and-potholes-in-road-DatasetNinja/ds0/img/917379_RS_290_290RS294095_20345_RAW.jpg,/Users/anirudh/RoadConditionClassifier/FPGAProject/ml/preprocessed/grid_labels/917379_RS_290_290RS294095_20345_RAW.jpg.npy
/Users/anirudh/RoadConditionClassifier/FPGAProject/ml/cracks-and-potholes-in-road-DatasetNinja/ds0/img/917380_RS_290_290RS294095_20350_RAW.jpg,/Users/anirudh/RoadConditionClassifier/FPGAProject/ml/preprocessed/grid_labels/917380_RS_290_290RS294095_20350_RAW.jpg.npy
/Users/anirudh/RoadConditionClassifier/FPGAProject/ml/cracks-and-potholes-in-road-DatasetNinja/ds0/img/917381_RS_290_290RS294095_20355_RAW.jpg,/Users/anirudh/RoadConditionClassifier/FPGAProject/ml/preprocessed/grid_labels/917381_RS_290_290RS294095_20355_RAW.jpg.npy
/Users/anirudh/RoadConditionClassifier/FPGAProject/ml/cracks-and-potholes-in-road-DatasetNinja/ds0/img/917389_RS_290_290RS294095_20395_RAW.jpg,/Users/anirudh/RoadConditionClassifier/FPGAProject/ml/preprocessed/grid_labels/917389_RS_290_290RS294095_20395_RAW.jpg.npy
/Users/anirudh/RoadConditionClassifier/FPGAProject/ml/cracks-and-potholes-in-road-DatasetNinja/ds0/img/917390_RS_290_290RS294095_20400_RAW.jpg,/Users/anirudh/RoadConditionClassifier/FPGAProject/ml/preprocessed/grid_labels/917390_RS_290_290RS294095_20400_RAW.jpg.npy
/Users/anirudh/RoadConditionClassifier/FPGAProject/ml/cracks-and-potholes-in-road-DatasetNinja/ds0/img/917391_RS_290_290RS294095_20405_RAW.jpg,/Users/anirudh/RoadConditionClassifier/FPGAProject/ml/preprocessed/grid_labels/917391_RS_290_290RS294095_20405_RAW.jpg.npy
/Users/anirudh/RoadConditionClassifier/FPGAProject/ml/cracks-and-potholes-in-road-DatasetNinja/ds0/img/917395_RS_290_290RS294095_20425_RAW.jpg,/Users/anirudh/RoadConditionClassifier/FPGAProject/ml/preprocessed/grid_labels/917395_RS_290_290RS294095_20425_RAW.jpg.npy
/Users/anirudh/RoadConditionClassifier/FPGAProject/ml/cracks-and-potholes-in-road-DatasetNinja/ds0/img/917396_RS_290_290RS294095_20430_RAW.jpg,/Users/anirudh/RoadConditionClassifier/FPGAProject/ml/preprocessed/grid_labels/917396_RS_290_290RS294095_20430_RAW.jpg.npy
/Users/anirudh/RoadConditionClassifier/FPGAProject/ml/cracks-and-potholes-in-road-DatasetNinja/ds0/img/917397_RS_290_290RS294095_20435_RAW.jpg,/Users/anirudh/RoadConditionClassifier/FPGAProject/ml/preprocessed/grid_labels/917397_RS_290_290RS294095_20435_RAW.jpg.npy
/Users/anirudh/RoadConditionClassifier/FPGAProject/ml/cracks-and-potholes-in-road-DatasetNinja/ds0/img/917398_RS_290_290RS294095_20441_RAW.jpg,/Users/anirudh/RoadConditionClassifier/FPGAProject/ml/preprocessed/grid_labels/917398_RS_290_290RS294095_20441_RAW.jpg.npy
/Users/anirudh/RoadConditionClassifier/FPGAProject/ml/cracks-and-potholes-in-road-DatasetNinja/ds0/img/917399_RS_290_290RS294095_20445_RAW.jpg,/Users/anirudh/RoadConditionClassifier/FPGAProject/ml/preprocessed/grid_labels/917399_RS_290_290RS294095_20445_RAW.jpg.npy
/Users/anirudh/RoadConditionClassifier/FPGAProject/ml/cracks-and-potholes-in-road-DatasetNinja/ds0/img/917400_RS_290_290RS294095_20451_RAW.jpg,/Users/anirudh/RoadConditionClassifier/FPGAProject/ml/preprocessed/grid_labels/917400_RS_290_290RS294095_20451_RAW.jpg.npy
/Users/anirudh/RoadConditionClassifier/FPGAProject/ml/cracks-and-potholes-in-road-DatasetNinja/ds0/img/917401_RS_290_290RS294095_20455_RAW.jpg,/Users/anirudh/RoadConditionClassifier/FPGAProject/ml/preprocessed/grid_labels/917401_RS_290_290RS294095_20455_RAW.jpg.npy
/Users/anirudh/RoadConditionClassifier/FPGAProject/ml/cracks-and-potholes-in-road-DatasetNinja/ds0/img/917402_RS_290_290RS294095_20460_RAW.jpg,/Users/anirudh/RoadConditionClassifier/FPGAProject/ml/preprocessed/grid_labels/917402_RS_290_290RS294095_20460_RAW.jpg.npy
/Users/anirudh/RoadConditionClassifier/FPGAProject/ml/cracks-and-potholes-in-road-DatasetNinja/ds0/img/917403_RS_290_290RS294095_20465_RAW.jpg,/Users/anirudh/RoadConditionClassifier/FPGAProject/ml/preprocessed/grid_labels/917403_RS_290_290RS294095_20465_RAW.jpg.npy
/Users/anirudh/RoadConditionClassifier/FPGAProject/ml/cracks-and-potholes-in-road-DatasetNinja/ds0/img/917415_RS_290_290RS294095_20525_RAW.jpg,/Users/anirudh/RoadConditionClassifier/FPGAProject/ml/preprocessed/grid_labels/917415_RS_290_290RS294095_20525_RAW.jpg.npy
/Users/anirudh/RoadConditionClassifier/FPGAProject/ml/cracks-and-potholes-in-road-DatasetNinja/ds0/img/917416_RS_290_290RS294095_20530_RAW.jpg,/Users/anirudh/RoadConditionClassifier/FPGAProject/ml/preprocessed/grid_labels/917416_RS_290_290RS294095_20530_RAW.jpg.npy
/Users/anirudh/RoadConditionClassifier/FPGAProject/ml/cracks-and-potholes-in-road-DatasetNinja/ds0/img/917425_RS_290_290RS294095_20576_RAW.jpg,/Users/anirudh/RoadConditionClassifier/FPGAProject/ml/preprocessed/grid_labels/917425_RS_290_290RS294095_20576_RAW.jpg.npy
/Users/anirudh/RoadConditionClassifier/FPGAProject/ml/cracks-and-potholes-in-road-DatasetNinja/ds0/img/917426_RS_290_290RS294095_20580_RAW.jpg,/Users/anirudh/RoadConditionClassifier/FPGAProject/ml/preprocessed/grid_labels/917426_RS_290_290RS294095_20580_RAW.jpg.npy
/Users/anirudh/RoadConditionClassifier/FPGAProject/ml/cracks-and-potholes-in-road-DatasetNinja/ds0/img/917427_RS_290_290RS294095_20585_RAW.jpg,/Users/anirudh/RoadConditionClassifier/FPGAProject/ml/preprocessed/grid_labels/917427_RS_290_290RS294095_20585_RAW.jpg.npy
/Users/anirudh/RoadConditionClassifier/FPGAProject/ml/cracks-and-potholes-in-road-DatasetNinja/ds0/img/917440_RS_290_290RS294095_20650_RAW.jpg,/Users/anirudh/RoadConditionClassifier/FPGAProject/ml/preprocessed/grid_labels/917440_RS_290_290RS294095_20650_RAW.jpg.npy
/Users/anirudh/RoadConditionClassifier/FPGAProject/ml/cracks-and-potholes-in-road-DatasetNinja/ds0/img/917441_RS_290_290RS294095_20655_RAW.jpg,/Users/anirudh/RoadConditionClassifier/FPGAProject/ml/preprocessed/grid_labels/917441_RS_290_290RS294095_20655_RAW.jpg.npy
/Users/anirudh/RoadConditionClassifier/FPGAProject/ml/cracks-and-potholes-in-road-DatasetNinja/ds0/img/917442_RS_290_290RS294095_20660_RAW.jpg,/Users/anirudh/RoadConditionClassifier/FPGAProject/ml/preprocessed/grid_labels/917442_RS_290_290RS294095_20660_RAW.jpg.npy
/Users/anirudh/RoadConditionClassifier/FPGAProject/ml/cracks-and-potholes-in-road-DatasetNinja/ds0/img/917448_RS_290_290RS294095_20691_RAW.jpg,/Users/anirudh/RoadConditionClassifier/FPGAProject/ml/preprocessed/grid_labels/917448_RS_290_290RS294095_20691_RAW.jpg.npy
/Users/anirudh/RoadConditionClassifier/FPGAProject/ml/cracks-and-potholes-in-road-DatasetNinja/ds0/img/917449_RS_290_290RS294095_20695_RAW.jpg,/Users/anirudh/RoadConditionClassifier/FPGAProject/ml/preprocessed/grid_labels/917449_RS_290_290RS294095_20695_RAW.jpg.npy
/Users/anirudh/RoadConditionClassifier/FPGAProject/ml/cracks-and-potholes-in-road-DatasetNinja/ds0/img/917454_RS_290_290RS294095_20720_RAW.jpg,/Users/anirudh/RoadConditionClassifier/FPGAProject/ml/preprocessed/grid_labels/917454_RS_290_290RS294095_20720_RAW.jpg.npy
/Users/anirudh/RoadConditionClassifier/FPGAProject/ml/cracks-and-potholes-in-road-DatasetNinja/ds0/img/917455_RS_290_290RS294095_20725_RAW.jpg,/Users/anirudh/RoadConditionClassifier/FPGAProject/ml/preprocessed/grid_labels/917455_RS_290_290RS294095_20725_RAW.jpg.npy
/Users/anirudh/RoadConditionClassifier/FPGAProject/ml/cracks-and-potholes-in-road-DatasetNinja/ds0/img/917460_RS_290_290RS294095_20750_RAW.jpg,/Users/anirudh/RoadConditionClassifier/FPGAProject/ml/preprocessed/grid_labels/917460_RS_290_290RS294095_20750_RAW.jpg.npy
/Users/anirudh/RoadConditionClassifier/FPGAProject/ml/cracks-and-potholes-in-road-DatasetNinja/ds0/img/917461_RS_290_290RS294095_20755_RAW.jpg,/Users/anirudh/RoadConditionClassifier/FPGAProject/ml/preprocessed/grid_labels/917461_RS_290_290RS294095_20755_RAW.jpg.npy
/Users/anirudh/RoadConditionClassifier/FPGAProject/ml/cracks-and-potholes-in-road-DatasetNinja/ds0/img/917466_RS_290_290RS294095_20780_RAW.jpg,/Users/anirudh/RoadConditionClassifier/FPGAProject/ml/preprocessed/grid_labels/917466_RS_290_290RS294095_20780_RAW.jpg.npy
/Users/anirudh/RoadConditionClassifier/FPGAProject/ml/cracks-and-potholes-in-road-DatasetNinja/ds0/img/917467_RS_290_290RS294095_20785_RAW.jpg,/Users/anirudh/RoadConditionClassifier/FPGAProject/ml/preprocessed/grid_labels/917467_RS_290_290RS294095_20785_RAW.jpg.npy
/Users/anirudh/RoadConditionClassifier/FPGAProject/ml/cracks-and-potholes-in-road-DatasetNinja/ds0/img/917468_RS_290_290RS294095_20790_RAW.jpg,/Users/anirudh/RoadConditionClassifier/FPGAProject/ml/preprocessed/grid_labels/917468_RS_290_290RS294095_20790_RAW.jpg.npy
/Users/anirudh/RoadConditionClassifier/FPGAProject/ml/cracks-and-potholes-in-road-DatasetNinja/ds0/img/917469_RS_290_290RS294095_20795_RAW.jpg,/Users/anirudh/RoadConditionClassifier/FPGAProject/ml/preprocessed/grid_labels/917469_RS_290_290RS294095_20795_RAW.jpg.npy
/Users/anirudh/RoadConditionClassifier/FPGAProject/ml/cracks-and-potholes-in-road-DatasetNinja/ds0/img/917470_RS_290_290RS294095_20800_RAW.jpg,/Users/anirudh/RoadConditionClassifier/FPGAProject/ml/preprocessed/grid_labels/917470_RS_290_290RS294095_20800_RAW.jpg.npy
/Users/anirudh/RoadConditionClassifier/FPGAProject/ml/cracks-and-potholes-in-road-DatasetNinja/ds0/img/917471_RS_290_290RS294095_20805_RAW.jpg,/Users/anirudh/RoadConditionClassifier/FPGAProject/ml/preprocessed/grid_labels/917471_RS_290_290RS294095_20805_RAW.jpg.npy
/Users/anirudh/RoadConditionClassifier/FPGAProject/ml/cracks-and-potholes-in-road-DatasetNinja/ds0/img/917481_RS_290_290RS294095_20856_RAW.jpg,/Users/anirudh/RoadConditionClassifier/FPGAProject/ml/preprocessed/grid_labels/917481_RS_290_290RS294095_20856_RAW.jpg.npy
/Users/anirudh/RoadConditionClassifier/FPGAProject/ml/cracks-and-potholes-in-road-DatasetNinja/ds0/img/917482_RS_290_290RS294095_20860_RAW.jpg,/Users/anirudh/RoadConditionClassifier/FPGAProject/ml/preprocessed/grid_labels/917482_RS_290_290RS294095_20860_RAW.jpg.npy
/Users/anirudh/RoadConditionClassifier/FPGAProject/ml/cracks-and-potholes-in-road-DatasetNinja/ds0/img/917489_RS_290_290RS294095_20895_RAW.jpg,/Users/anirudh/RoadConditionClassifier/FPGAProject/ml/preprocessed/grid_labels/917489_RS_290_290RS294095_20895_RAW.jpg.npy
/Users/anirudh/RoadConditionClassifier/FPGAProject/ml/cracks-and-potholes-in-road-DatasetNinja/ds0/img/917490_RS_290_290RS294095_20900_RAW.jpg,/Users/anirudh/RoadConditionClassifier/FPGAProject/ml/preprocessed/grid_labels/917490_RS_290_290RS294095_20900_RAW.jpg.npy
/Users/anirudh/RoadConditionClassifier/FPGAProject/ml/cracks-and-potholes-in-road-DatasetNinja/ds0/img/917494_RS_290_290RS294095_20920_RAW.jpg,/Users/anirudh/RoadConditionClassifier/FPGAProject/ml/preprocessed/grid_labels/917494_RS_290_290RS294095_20920_RAW.jpg.npy
/Users/anirudh/RoadConditionClassifier/FPGAProject/ml/cracks-and-potholes-in-road-DatasetNinja/ds0/img/917495_RS_290_290RS294095_20925_RAW.jpg,/Users/anirudh/RoadConditionClassifier/FPGAProject/ml/preprocessed/grid_labels/917495_RS_290_290RS294095_20925_RAW.jpg.npy
/Users/anirudh/RoadConditionClassifier/FPGAProject/ml/cracks-and-potholes-in-road-DatasetNinja/ds0/img/917503_RS_290_290RS294095_20965_RAW.jpg,/Users/anirudh/RoadConditionClassifier/FPGAProject/ml/preprocessed/grid_labels/917503_RS_290_290RS294095_20965_RAW.jpg.npy
/Users/anirudh/RoadConditionClassifier/FPGAProject/ml/cracks-and-potholes-in-road-DatasetNinja/ds0/img/917504_RS_290_290RS294095_20970_RAW.jpg,/Users/anirudh/RoadConditionClassifier/FPGAProject/ml/preprocessed/grid_labels/917504_RS_290_290RS294095_20970_RAW.jpg.npy
/Users/anirudh/RoadConditionClassifier/FPGAProject/ml/cracks-and-potholes-in-road-DatasetNinja/ds0/img/917505_RS_290_290RS294095_20975_RAW.jpg,/Users/anirudh/RoadConditionClassifier/FPGAProject/ml/preprocessed/grid_labels/917505_RS_290_290RS294095_20975_RAW.jpg.npy
/Users/anirudh/RoadConditionClassifier/FPGAProject/ml/cracks-and-potholes-in-road-DatasetNinja/ds0/img/917517_RS_290_290RS294095_21035_RAW.jpg,/Users/anirudh/RoadConditionClassifier/FPGAProject/ml/preprocessed/grid_labels/917517_RS_290_290RS294095_21035_RAW.jpg.npy
/Users/anirudh/RoadConditionClassifier/FPGAProject/ml/cracks-and-potholes-in-road-DatasetNinja/ds0/img/917518_RS_290_290RS294095_21040_RAW.jpg,/Users/anirudh/RoadConditionClassifier/FPGAProject/ml/preprocessed/grid_labels/917518_RS_290_290RS294095_21040_RAW.jpg.npy
/Users/anirudh/RoadConditionClassifier/FPGAProject/ml/cracks-and-potholes-in-road-DatasetNinja/ds0/img/917529_RS_290_290RS294095_21095_RAW.jpg,/Users/anirudh/RoadConditionClassifier/FPGAProject/ml/preprocessed/grid_labels/917529_RS_290_290RS294095_21095_RAW.jpg.npy
/Users/anirudh/RoadConditionClassifier/FPGAProject/ml/cracks-and-potholes-in-road-DatasetNinja/ds0/img/917530_RS_290_290RS294095_21100_RAW.jpg,/Users/anirudh/RoadConditionClassifier/FPGAProject/ml/preprocessed/grid_labels/917530_RS_290_290RS294095_21100_RAW.jpg.npy
/Users/anirudh/RoadConditionClassifier/FPGAProject/ml/cracks-and-potholes-in-road-DatasetNinja/ds0/img/917531_RS_290_290RS294095_21105_RAW.jpg,/Users/anirudh/RoadConditionClassifier/FPGAProject/ml/preprocessed/grid_labels/917531_RS_290_290RS294095_21105_RAW.jpg.npy
/Users/anirudh/RoadConditionClassifier/FPGAProject/ml/cracks-and-potholes-in-road-DatasetNinja/ds0/img/917542_RS_290_290RS294095_21160_RAW.jpg,/Users/anirudh/RoadConditionClassifier/FPGAProject/ml/preprocessed/grid_labels/917542_RS_290_290RS294095_21160_RAW.jpg.npy
/Users/anirudh/RoadConditionClassifier/FPGAProject/ml/cracks-and-potholes-in-road-DatasetNinja/ds0/img/917543_RS_290_290RS294095_21165_RAW.jpg,/Users/anirudh/RoadConditionClassifier/FPGAProject/ml/preprocessed/grid_labels/917543_RS_290_290RS294095_21165_RAW.jpg.npy
/Users/anirudh/RoadConditionClassifier/FPGAProject/ml/cracks-and-potholes-in-road-DatasetNinja/ds0/img/917556_RS_290_290RS294095_21230_RAW.jpg,/Users/anirudh/RoadConditionClassifier/FPGAProject/ml/preprocessed/grid_labels/917556_RS_290_290RS294095_21230_RAW.jpg.npy
/Users/anirudh/RoadConditionClassifier/FPGAProject/ml/cracks-and-potholes-in-road-DatasetNinja/ds0/img/917558_RS_290_290RS294095_21240_RAW.jpg,/Users/anirudh/RoadConditionClassifier/FPGAProject/ml/preprocessed/grid_labels/917558_RS_290_290RS294095_21240_RAW.jpg.npy
/Users/anirudh/RoadConditionClassifier/FPGAProject/ml/cracks-and-potholes-in-road-DatasetNinja/ds0/img/917563_RS_290_290RS294095_21265_RAW.jpg,/Users/anirudh/RoadConditionClassifier/FPGAProject/ml/preprocessed/grid_labels/917563_RS_290_290RS294095_21265_RAW.jpg.npy
/Users/anirudh/RoadConditionClassifier/FPGAProject/ml/cracks-and-potholes-in-road-DatasetNinja/ds0/img/917564_RS_290_290RS294095_21270_RAW.jpg,/Users/anirudh/RoadConditionClassifier/FPGAProject/ml/preprocessed/grid_labels/917564_RS_290_290RS294095_21270_RAW.jpg.npy
/Users/anirudh/RoadConditionClassifier/FPGAProject/ml/cracks-and-potholes-in-road-DatasetNinja/ds0/img/917566_RS_290_290RS294095_21280_RAW.jpg,/Users/anirudh/RoadConditionClassifier/FPGAProject/ml/preprocessed/grid_labels/917566_RS_290_290RS294095_21280_RAW.jpg.npy
/Users/anirudh/RoadConditionClassifier/FPGAProject/ml/cracks-and-potholes-in-road-DatasetNinja/ds0/img/917567_RS_290_290RS294095_21285_RAW.jpg,/Users/anirudh/RoadConditionClassifier/FPGAProject/ml/preprocessed/grid_labels/917567_RS_290_290RS294095_21285_RAW.jpg.npy
/Users/anirudh/RoadConditionClassifier/FPGAProject/ml/cracks-and-potholes-in-road-DatasetNinja/ds0/img/917568_RS_290_290RS294095_21290_RAW.jpg,/Users/anirudh/RoadConditionClassifier/FPGAProject/ml/preprocessed/grid_labels/917568_RS_290_290RS294095_21290_RAW.jpg.npy
/Users/anirudh/RoadConditionClassifier/FPGAProject/ml/cracks-and-potholes-in-road-DatasetNinja/ds0/img/917569_RS_290_290RS294095_21295_RAW.jpg,/Users/anirudh/RoadConditionClassifier/FPGAProject/ml/preprocessed/grid_labels/917569_RS_290_290RS294095_21295_RAW.jpg.npy
/Users/anirudh/RoadConditionClassifier/FPGAProject/ml/cracks-and-potholes-in-road-DatasetNinja/ds0/img/917570_RS_290_290RS294095_21300_RAW.jpg,/Users/anirudh/RoadConditionClassifier/FPGAProject/ml/preprocessed/grid_labels/917570_RS_290_290RS294095_21300_RAW.jpg.npy
/Users/anirudh/RoadConditionClassifier/FPGAProject/ml/cracks-and-potholes-in-road-DatasetNinja/ds0/img/917571_RS_290_290RS294095_21305_RAW.jpg,/Users/anirudh/RoadConditionClassifier/FPGAProject/ml/preprocessed/grid_labels/917571_RS_290_290RS294095_21305_RAW.jpg.npy
/Users/anirudh/RoadConditionClassifier/FPGAProject/ml/cracks-and-potholes-in-road-DatasetNinja/ds0/img/917572_RS_290_290RS294095_21310_RAW.jpg,/Users/anirudh/RoadConditionClassifier/FPGAProject/ml/preprocessed/grid_labels/917572_RS_290_290RS294095_21310_RAW.jpg.npy
/Users/anirudh/RoadConditionClassifier/FPGAProject/ml/cracks-and-potholes-in-road-DatasetNinja/ds0/img/917577_RS_290_290RS294095_21335_RAW.jpg,/Users/anirudh/RoadConditionClassifier/FPGAProject/ml/preprocessed/grid_labels/917577_RS_290_290RS294095_21335_RAW.jpg.npy
/Users/anirudh/RoadConditionClassifier/FPGAProject/ml/cracks-and-potholes-in-road-DatasetNinja/ds0/img/917579_RS_290_290RS294095_21345_RAW.jpg,/Users/anirudh/RoadConditionClassifier/FPGAProject/ml/preprocessed/grid_labels/917579_RS_290_290RS294095_21345_RAW.jpg.npy
/Users/anirudh/RoadConditionClassifier/FPGAProject/ml/cracks-and-potholes-in-road-DatasetNinja/ds0/img/917620_RS_290_290RS294095_21550_RAW.jpg,/Users/anirudh/RoadConditionClassifier/FPGAProject/ml/preprocessed/grid_labels/917620_RS_290_290RS294095_21550_RAW.jpg.npy
/Users/anirudh/RoadConditionClassifier/FPGAProject/ml/cracks-and-potholes-in-road-DatasetNinja/ds0/img/917622_RS_290_290RS294095_21560_RAW.jpg,/Users/anirudh/RoadConditionClassifier/FPGAProject/ml/preprocessed/grid_labels/917622_RS_290_290RS294095_21560_RAW.jpg.npy
/Users/anirudh/RoadConditionClassifier/FPGAProject/ml/cracks-and-potholes-in-road-DatasetNinja/ds0/img/917670_RS_290_290RS294095_21800_RAW.jpg,/Users/anirudh/RoadConditionClassifier/FPGAProject/ml/preprocessed/grid_labels/917670_RS_290_290RS294095_21800_RAW.jpg.npy
/Users/anirudh/RoadConditionClassifier/FPGAProject/ml/cracks-and-potholes-in-road-DatasetNinja/ds0/img/917671_RS_290_290RS294095_21805_RAW.jpg,/Users/anirudh/RoadConditionClassifier/FPGAProject/ml/preprocessed/grid_labels/917671_RS_290_290RS294095_21805_RAW.jpg.npy
/Users/anirudh/RoadConditionClassifier/FPGAProject/ml/cracks-and-potholes-in-road-DatasetNinja/ds0/img/917672_RS_290_290RS294095_21811_RAW.jpg,/Users/anirudh/RoadConditionClassifier/FPGAProject/ml/preprocessed/grid_labels/917672_RS_290_290RS294095_21811_RAW.jpg.npy
/Users/anirudh/RoadConditionClassifier/FPGAProject/ml/cracks-and-potholes-in-road-DatasetNinja/ds0/img/917673_RS_290_290RS294095_21815_RAW.jpg,/Users/anirudh/RoadConditionClassifier/FPGAProject/ml/preprocessed/grid_labels/917673_RS_290_290RS294095_21815_RAW.jpg.npy
/Users/anirudh/RoadConditionClassifier/FPGAProject/ml/cracks-and-potholes-in-road-DatasetNinja/ds0/img/917699_RS_290_290RS294095_21945_RAW.jpg,/Users/anirudh/RoadConditionClassifier/FPGAProject/ml/preprocessed/grid_labels/917699_RS_290_290RS294095_21945_RAW.jpg.npy
/Users/anirudh/RoadConditionClassifier/FPGAProject/ml/cracks-and-potholes-in-road-DatasetNinja/ds0/img/917700_RS_290_290RS294095_21950_RAW.jpg,/Users/anirudh/RoadConditionClassifier/FPGAProject/ml/preprocessed/grid_labels/917700_RS_290_290RS294095_21950_RAW.jpg.npy
/Users/anirudh/RoadConditionClassifier/FPGAProject/ml/cracks-and-potholes-in-road-DatasetNinja/ds0/img/917701_RS_290_290RS294095_21955_RAW.jpg,/Users/anirudh/RoadConditionClassifier/FPGAProject/ml/preprocessed/grid_labels/917701_RS_290_290RS294095_21955_RAW.jpg.npy
/Users/anirudh/RoadConditionClassifier/FPGAProject/ml/cracks-and-potholes-in-road-DatasetNinja/ds0/img/917724_RS_290_290RS294095_22070_RAW.jpg,/Users/anirudh/RoadConditionClassifier/FPGAProject/ml/preprocessed/grid_labels/917724_RS_290_290RS294095_22070_RAW.jpg.npy
/Users/anirudh/RoadConditionClassifier/FPGAProject/ml/cracks-and-potholes-in-road-DatasetNinja/ds0/img/917766_RS_290_290RS294095_22280_RAW.jpg,/Users/anirudh/RoadConditionClassifier/FPGAProject/ml/preprocessed/grid_labels/917766_RS_290_290RS294095_22280_RAW.jpg.npy
/Users/anirudh/RoadConditionClassifier/FPGAProject/ml/cracks-and-potholes-in-road-DatasetNinja/ds0/img/917772_RS_290_290RS294095_22312_RAW.jpg,/Users/anirudh/RoadConditionClassifier/FPGAProject/ml/preprocessed/grid_labels/917772_RS_290_290RS294095_22312_RAW.jpg.npy
/Users/anirudh/RoadConditionClassifier/FPGAProject/ml/cracks-and-potholes-in-road-DatasetNinja/ds0/img/917784_RS_290_290RS294095_22370_RAW.jpg,/Users/anirudh/RoadConditionClassifier/FPGAProject/ml/preprocessed/grid_labels/917784_RS_290_290RS294095_22370_RAW.jpg.npy
/Users/anirudh/RoadConditionClassifier/FPGAProject/ml/cracks-and-potholes-in-road-DatasetNinja/ds0/img/917788_RS_290_290RS294095_22390_RAW.jpg,/Users/anirudh/RoadConditionClassifier/FPGAProject/ml/preprocessed/grid_labels/917788_RS_290_290RS294095_22390_RAW.jpg.npy
/Users/anirudh/RoadConditionClassifier/FPGAProject/ml/cracks-and-potholes-in-road-DatasetNinja/ds0/img/917802_RS_290_290RS294095_22460_RAW.jpg,/Users/anirudh/RoadConditionClassifier/FPGAProject/ml/preprocessed/grid_labels/917802_RS_290_290RS294095_22460_RAW.jpg.npy
/Users/anirudh/RoadConditionClassifier/FPGAProject/ml/cracks-and-potholes-in-road-DatasetNinja/ds0/img/917803_RS_290_290RS294095_22466_RAW.jpg,/Users/anirudh/RoadConditionClassifier/FPGAProject/ml/preprocessed/grid_labels/917803_RS_290_290RS294095_22466_RAW.jpg.npy
/Users/anirudh/RoadConditionClassifier/FPGAProject/ml/cracks-and-potholes-in-road-DatasetNinja/ds0/img/917804_RS_290_290RS294095_22470_RAW.jpg,/Users/anirudh/RoadConditionClassifier/FPGAProject/ml/preprocessed/grid_labels/917804_RS_290_290RS294095_22470_RAW.jpg.npy
/Users/anirudh/RoadConditionClassifier/FPGAProject/ml/cracks-and-potholes-in-road-DatasetNinja/ds0/img/917805_RS_290_290RS294095_22475_RAW.jpg,/Users/anirudh/RoadConditionClassifier/FPGAProject/ml/preprocessed/grid_labels/917805_RS_290_290RS294095_22475_RAW.jpg.npy
/Users/anirudh/RoadConditionClassifier/FPGAProject/ml/cracks-and-potholes-in-road-DatasetNinja/ds0/img/917806_RS_290_290RS294095_22480_RAW.jpg,/Users/anirudh/RoadConditionClassifier/FPGAProject/ml/preprocessed/grid_labels/917806_RS_290_290RS294095_22480_RAW.jpg.npy
/Users/anirudh/RoadConditionClassifier/FPGAProject/ml/cracks-and-potholes-in-road-DatasetNinja/ds0/img/917819_RS_290_290RS294095_22545_RAW.jpg,/Users/anirudh/RoadConditionClassifier/FPGAProject/ml/preprocessed/grid_labels/917819_RS_290_290RS294095_22545_RAW.jpg.npy
/Users/anirudh/RoadConditionClassifier/FPGAProject/ml/cracks-and-potholes-in-road-DatasetNinja/ds0/img/917820_RS_290_290RS294095_22550_RAW.jpg,/Users/anirudh/RoadConditionClassifier/FPGAProject/ml/preprocessed/grid_labels/917820_RS_290_290RS294095_22550_RAW.jpg.npy
/Users/anirudh/RoadConditionClassifier/FPGAProject/ml/cracks-and-potholes-in-road-DatasetNinja/ds0/img/917821_RS_290_290RS294095_22555_RAW.jpg,/Users/anirudh/RoadConditionClassifier/FPGAProject/ml/preprocessed/grid_labels/917821_RS_290_290RS294095_22555_RAW.jpg.npy
/Users/anirudh/RoadConditionClassifier/FPGAProject/ml/cracks-and-potholes-in-road-DatasetNinja/ds0/img/917837_RS_290_290RS294095_22635_RAW.jpg,/Users/anirudh/RoadConditionClassifier/FPGAProject/ml/preprocessed/grid_labels/917837_RS_290_290RS294095_22635_RAW.jpg.npy
/Users/anirudh/RoadConditionClassifier/FPGAProject/ml/cracks-and-potholes-in-road-DatasetNinja/ds0/img/917838_RS_290_290RS294095_22640_RAW.jpg,/Users/anirudh/RoadConditionClassifier/FPGAProject/ml/preprocessed/grid_labels/917838_RS_290_290RS294095_22640_RAW.jpg.npy
/Users/anirudh/RoadConditionClassifier/FPGAProject/ml/cracks-and-potholes-in-road-DatasetNinja/ds0/img/917853_RS_290_290RS294095_22715_RAW.jpg,/Users/anirudh/RoadConditionClassifier/FPGAProject/ml/preprocessed/grid_labels/917853_RS_290_290RS294095_22715_RAW.jpg.npy
/Users/anirudh/RoadConditionClassifier/FPGAProject/ml/cracks-and-potholes-in-road-DatasetNinja/ds0/img/917854_RS_290_290RS294095_22720_RAW.jpg,/Users/anirudh/RoadConditionClassifier/FPGAProject/ml/preprocessed/grid_labels/917854_RS_290_290RS294095_22720_RAW.jpg.npy
/Users/anirudh/RoadConditionClassifier/FPGAProject/ml/cracks-and-potholes-in-road-DatasetNinja/ds0/img/917872_RS_290_290RS294095_22810_RAW.jpg,/Users/anirudh/RoadConditionClassifier/FPGAProject/ml/preprocessed/grid_labels/917872_RS_290_290RS294095_22810_RAW.jpg.npy
/Users/anirudh/RoadConditionClassifier/FPGAProject/ml/cracks-and-potholes-in-road-DatasetNinja/ds0/img/917873_RS_290_290RS294095_22815_RAW.jpg,/Users/anirudh/RoadConditionClassifier/FPGAProject/ml/preprocessed/grid_labels/917873_RS_290_290RS294095_22815_RAW.jpg.npy
/Users/anirudh/RoadConditionClassifier/FPGAProject/ml/cracks-and-potholes-in-road-DatasetNinja/ds0/img/917874_RS_290_290RS294095_22820_RAW.jpg,/Users/anirudh/RoadConditionClassifier/FPGAProject/ml/preprocessed/grid_labels/917874_RS_290_290RS294095_22820_RAW.jpg.npy
/Users/anirudh/RoadConditionClassifier/FPGAProject/ml/cracks-and-potholes-in-road-DatasetNinja/ds0/img/917886_RS_290_290RS294095_22880_RAW.jpg,/Users/anirudh/RoadConditionClassifier/FPGAProject/ml/preprocessed/grid_labels/917886_RS_290_290RS294095_22880_RAW.jpg.npy
/Users/anirudh/RoadConditionClassifier/FPGAProject/ml/cracks-and-potholes-in-road-DatasetNinja/ds0/img/917892_RS_290_290RS294095_22910_RAW.jpg,/Users/anirudh/RoadConditionClassifier/FPGAProject/ml/preprocessed/grid_labels/917892_RS_290_290RS294095_22910_RAW.jpg.npy
/Users/anirudh/RoadConditionClassifier/FPGAProject/ml/cracks-and-potholes-in-road-DatasetNinja/ds0/img/917893_RS_290_290RS294095_22915_RAW.jpg,/Users/anirudh/RoadConditionClassifier/FPGAProject/ml/preprocessed/grid_labels/917893_RS_290_290RS294095_22915_RAW.jpg.npy
/Users/anirudh/RoadConditionClassifier/FPGAProject/ml/cracks-and-potholes-in-road-DatasetNinja/ds0/img/917900_RS_290_290RS294095_22950_RAW.jpg,/Users/anirudh/RoadConditionClassifier/FPGAProject/ml/preprocessed/grid_labels/917900_RS_290_290RS294095_22950_RAW.jpg.npy
/Users/anirudh/RoadConditionClassifier/FPGAProject/ml/cracks-and-potholes-in-road-DatasetNinja/ds0/img/917901_RS_290_290RS294095_22955_RAW.jpg,/Users/anirudh/RoadConditionClassifier/FPGAProject/ml/preprocessed/grid_labels/917901_RS_290_290RS294095_22955_RAW.jpg.npy
/Users/anirudh/RoadConditionClassifier/FPGAProject/ml/cracks-and-potholes-in-road-DatasetNinja/ds0/img/917902_RS_290_290RS294095_22960_RAW.jpg,/Users/anirudh/RoadConditionClassifier/FPGAProject/ml/preprocessed/grid_labels/917902_RS_290_290RS294095_22960_RAW.jpg.npy
/Users/anirudh/RoadConditionClassifier/FPGAProject/ml/cracks-and-potholes-in-road-DatasetNinja/ds0/img/917903_RS_290_290RS294095_22965_RAW.jpg,/Users/anirudh/RoadConditionClassifier/FPGAProject/ml/preprocessed/grid_labels/917903_RS_290_290RS294095_22965_RAW.jpg.npy
/Users/anirudh/RoadConditionClassifier/FPGAProject/ml/cracks-and-potholes-in-road-DatasetNinja/ds0/img/917904_RS_290_290RS294095_22970_RAW.jpg,/Users/anirudh/RoadConditionClassifier/FPGAProject/ml/preprocessed/grid_labels/917904_RS_290_290RS294095_22970_RAW.jpg.npy
/Users/anirudh/RoadConditionClassifier/FPGAProject/ml/cracks-and-potholes-in-road-DatasetNinja/ds0/img/917905_RS_290_290RS294095_22975_RAW.jpg,/Users/anirudh/RoadConditionClassifier/FPGAProject/ml/preprocessed/grid_labels/917905_RS_290_290RS294095_22975_RAW.jpg.npy
/Users/anirudh/RoadConditionClassifier/FPGAProject/ml/cracks-and-potholes-in-road-DatasetNinja/ds0/img/917906_RS_290_290RS294095_22980_RAW.jpg,/Users/anirudh/RoadConditionClassifier/FPGAProject/ml/preprocessed/grid_labels/917906_RS_290_290RS294095_22980_RAW.jpg.npy
/Users/anirudh/RoadConditionClassifier/FPGAProject/ml/cracks-and-potholes-in-road-DatasetNinja/ds0/img/917907_RS_290_290RS294095_22986_RAW.jpg,/Users/anirudh/RoadConditionClassifier/FPGAProject/ml/preprocessed/grid_labels/917907_RS_290_290RS294095_22986_RAW.jpg.npy
/Users/anirudh/RoadConditionClassifier/FPGAProject/ml/cracks-and-potholes-in-road-DatasetNinja/ds0/img/917908_RS_290_290RS294095_22990_RAW.jpg,/Users/anirudh/RoadConditionClassifier/FPGAProject/ml/preprocessed/grid_labels/917908_RS_290_290RS294095_22990_RAW.jpg.npy
/Users/anirudh/RoadConditionClassifier/FPGAProject/ml/cracks-and-potholes-in-road-DatasetNinja/ds0/img/917909_RS_290_290RS294095_22995_RAW.jpg,/Users/anirudh/RoadConditionClassifier/FPGAProject/ml/preprocessed/grid_labels/917909_RS_290_290RS294095_22995_RAW.jpg.npy
/Users/anirudh/RoadConditionClassifier/FPGAProject/ml/cracks-and-potholes-in-road-DatasetNinja/ds0/img/917910_RS_290_290RS294095_23000_RAW.jpg,/Users/anirudh/RoadConditionClassifier/FPGAProject/ml/preprocessed/grid_labels/917910_RS_290_290RS294095_23000_RAW.jpg.npy
/Users/anirudh/RoadConditionClassifier/FPGAProject/ml/cracks-and-potholes-in-road-DatasetNinja/ds0/img/917926_RS_290_290RS294095_23080_RAW.jpg,/Users/anirudh/RoadConditionClassifier/FPGAProject/ml/preprocessed/grid_labels/917926_RS_290_290RS294095_23080_RAW.jpg.npy
/Users/anirudh/RoadConditionClassifier/FPGAProject/ml/cracks-and-potholes-in-road-DatasetNinja/ds0/img/917927_RS_290_290RS294095_23085_RAW.jpg,/Users/anirudh/RoadConditionClassifier/FPGAProject/ml/preprocessed/grid_labels/917927_RS_290_290RS294095_23085_RAW.jpg.npy
/Users/anirudh/RoadConditionClassifier/FPGAProject/ml/cracks-and-potholes-in-road-DatasetNinja/ds0/img/917930_RS_290_290RS294095_23100_RAW.jpg,/Users/anirudh/RoadConditionClassifier/FPGAProject/ml/preprocessed/grid_labels/917930_RS_290_290RS294095_23100_RAW.jpg.npy
/Users/anirudh/RoadConditionClassifier/FPGAProject/ml/cracks-and-potholes-in-road-DatasetNinja/ds0/img/917937_RS_290_290RS294095_23135_RAW.jpg,/Users/anirudh/RoadConditionClassifier/FPGAProject/ml/preprocessed/grid_labels/917937_RS_290_290RS294095_23135_RAW.jpg.npy
/Users/anirudh/RoadConditionClassifier/FPGAProject/ml/cracks-and-potholes-in-road-DatasetNinja/ds0/img/917938_RS_290_290RS294095_23140_RAW.jpg,/Users/anirudh/RoadConditionClassifier/FPGAProject/ml/preprocessed/grid_labels/917938_RS_290_290RS294095_23140_RAW.jpg.npy
/Users/anirudh/RoadConditionClassifier/FPGAProject/ml/cracks-and-potholes-in-road-DatasetNinja/ds0/img/917943_RS_290_290RS294095_23165_RAW.jpg,/Users/anirudh/RoadConditionClassifier/FPGAProject/ml/preprocessed/grid_labels/917943_RS_290_290RS294095_23165_RAW.jpg.npy
/Users/anirudh/RoadConditionClassifier/FPGAProject/ml/cracks-and-potholes-in-road-DatasetNinja/ds0/img/917944_RS_290_290RS294095_23170_RAW.jpg,/Users/anirudh/RoadConditionClassifier/FPGAProject/ml/preprocessed/grid_labels/917944_RS_290_290RS294095_23170_RAW.jpg.npy
/Users/anirudh/RoadConditionClassifier/FPGAProject/ml/cracks-and-potholes-in-road-DatasetNinja/ds0/img/917945_RS_290_290RS294095_23175_RAW.jpg,/Users/anirudh/RoadConditionClassifier/FPGAProject/ml/preprocessed/grid_labels/917945_RS_290_290RS294095_23175_RAW.jpg.npy
/Users/anirudh/RoadConditionClassifier/FPGAProject/ml/cracks-and-potholes-in-road-DatasetNinja/ds0/img/917948_RS_290_290RS294095_23190_RAW.jpg,/Users/anirudh/RoadConditionClassifier/FPGAProject/ml/preprocessed/grid_labels/917948_RS_290_290RS294095_23190_RAW.jpg.npy
/Users/anirudh/RoadConditionClassifier/FPGAProject/ml/cracks-and-potholes-in-road-DatasetNinja/ds0/img/917958_RS_290_290RS294095_23240_RAW.jpg,/Users/anirudh/RoadConditionClassifier/FPGAProject/ml/preprocessed/grid_labels/917958_RS_290_290RS294095_23240_RAW.jpg.npy
/Users/anirudh/RoadConditionClassifier/FPGAProject/ml/cracks-and-potholes-in-road-DatasetNinja/ds0/img/917959_RS_290_290RS294095_23245_RAW.jpg,/Users/anirudh/RoadConditionClassifier/FPGAProject/ml/preprocessed/grid_labels/917959_RS_290_290RS294095_23245_RAW.jpg.npy
/Users/anirudh/RoadConditionClassifier/FPGAProject/ml/cracks-and-potholes-in-road-DatasetNinja/ds0/img/917960_RS_290_290RS294095_23250_RAW.jpg,/Users/anirudh/RoadConditionClassifier/FPGAProject/ml/preprocessed/grid_labels/917960_RS_290_290RS294095_23250_RAW.jpg.npy
/Users/anirudh/RoadConditionClassifier/FPGAProject/ml/cracks-and-potholes-in-road-DatasetNinja/ds0/img/917961_RS_290_290RS294095_23255_RAW.jpg,/Users/anirudh/RoadConditionClassifier/FPGAProject/ml/preprocessed/grid_labels/917961_RS_290_290RS294095_23255_RAW.jpg.npy
/Users/anirudh/RoadConditionClassifier/FPGAProject/ml/cracks-and-potholes-in-road-DatasetNinja/ds0/img/918042_RS_290_290RS294095_23660_RAW.jpg,/Users/anirudh/RoadConditionClassifier/FPGAProject/ml/preprocessed/grid_labels/918042_RS_290_290RS294095_23660_RAW.jpg.npy
/Users/anirudh/RoadConditionClassifier/FPGAProject/ml/cracks-and-potholes-in-road-DatasetNinja/ds0/img/918058_RS_290_290RS294095_23740_RAW.jpg,/Users/anirudh/RoadConditionClassifier/FPGAProject/ml/preprocessed/grid_labels/918058_RS_290_290RS294095_23740_RAW.jpg.npy
/Users/anirudh/RoadConditionClassifier/FPGAProject/ml/cracks-and-potholes-in-road-DatasetNinja/ds0/img/918101_RS_290_290RS294095_23956_RAW.jpg,/Users/anirudh/RoadConditionClassifier/FPGAProject/ml/preprocessed/grid_labels/918101_RS_290_290RS294095_23956_RAW.jpg.npy
/Users/anirudh/RoadConditionClassifier/FPGAProject/ml/cracks-and-potholes-in-road-DatasetNinja/ds0/img/918127_RS_290_290RS294095_24085_RAW.jpg,/Users/anirudh/RoadConditionClassifier/FPGAProject/ml/preprocessed/grid_labels/918127_RS_290_290RS294095_24085_RAW.jpg.npy
/Users/anirudh/RoadConditionClassifier/FPGAProject/ml/cracks-and-potholes-in-road-DatasetNinja/ds0/img/918128_RS_290_290RS294095_24091_RAW.jpg,/Users/anirudh/RoadConditionClassifier/FPGAProject/ml/preprocessed/grid_labels/918128_RS_290_290RS294095_24091_RAW.jpg.npy
/Users/anirudh/RoadConditionClassifier/FPGAProject/ml/cracks-and-potholes-in-road-DatasetNinja/ds0/img/918129_RS_290_290RS294095_24095_RAW.jpg,/Users/anirudh/RoadConditionClassifier/FPGAProject/ml/preprocessed/grid_labels/918129_RS_290_290RS294095_24095_RAW.jpg.npy
/Users/anirudh/RoadConditionClassifier/FPGAProject/ml/cracks-and-potholes-in-road-DatasetNinja/ds0/img/918130_RS_290_290RS294095_24100_RAW.jpg,/Users/anirudh/RoadConditionClassifier/FPGAProject/ml/preprocessed/grid_labels/918130_RS_290_290RS294095_24100_RAW.jpg.npy
/Users/anirudh/RoadConditionClassifier/FPGAProject/ml/cracks-and-potholes-in-road-DatasetNinja/ds0/img/918179_RS_290_290RS294095_24346_RAW.jpg,/Users/anirudh/RoadConditionClassifier/FPGAProject/ml/preprocessed/grid_labels/918179_RS_290_290RS294095_24346_RAW.jpg.npy
/Users/anirudh/RoadConditionClassifier/FPGAProject/ml/cracks-and-potholes-in-road-DatasetNinja/ds0/img/918213_RS_290_290RS294095_24515_RAW.jpg,/Users/anirudh/RoadConditionClassifier/FPGAProject/ml/preprocessed/grid_labels/918213_RS_290_290RS294095_24515_RAW.jpg.npy
/Users/anirudh/RoadConditionClassifier/FPGAProject/ml/cracks-and-potholes-in-road-DatasetNinja/ds0/img/918214_RS_290_290RS294095_24520_RAW.jpg,/Users/anirudh/RoadConditionClassifier/FPGAProject/ml/preprocessed/grid_labels/918214_RS_290_290RS294095_24520_RAW.jpg.npy
/Users/anirudh/RoadConditionClassifier/FPGAProject/ml/cracks-and-potholes-in-road-DatasetNinja/ds0/img/918219_RS_290_290RS294095_24545_RAW.jpg,/Users/anirudh/RoadConditionClassifier/FPGAProject/ml/preprocessed/grid_labels/918219_RS_290_290RS294095_24545_RAW.jpg.npy
/Users/anirudh/RoadConditionClassifier/FPGAProject/ml/cracks-and-potholes-in-road-DatasetNinja/ds0/img/918220_RS_290_290RS294095_24551_RAW.jpg,/Users/anirudh/RoadConditionClassifier/FPGAProject/ml/preprocessed/grid_labels/918220_RS_290_290RS294095_24551_RAW.jpg.npy
/Users/anirudh/RoadConditionClassifier/FPGAProject/ml/cracks-and-potholes-in-road-DatasetNinja/ds0/img/918229_RS_290_290RS294095_24595_RAW.jpg,/Users/anirudh/RoadConditionClassifier/FPGAProject/ml/preprocessed/grid_labels/918229_RS_290_290RS294095_24595_RAW.jpg.npy
/Users/anirudh/RoadConditionClassifier/FPGAProject/ml/cracks-and-potholes-in-road-DatasetNinja/ds0/img/918230_RS_290_290RS294095_24600_RAW.jpg,/Users/anirudh/RoadConditionClassifier/FPGAProject/ml/preprocessed/grid_labels/918230_RS_290_290RS294095_24600_RAW.jpg.npy
/Users/anirudh/RoadConditionClassifier/FPGAProject/ml/cracks-and-potholes-in-road-DatasetNinja/ds0/img/918231_RS_290_290RS294095_24605_RAW.jpg,/Users/anirudh/RoadConditionClassifier/FPGAProject/ml/preprocessed/grid_labels/918231_RS_290_290RS294095_24605_RAW.jpg.npy
/Users/anirudh/RoadConditionClassifier/FPGAProject/ml/cracks-and-potholes-in-road-DatasetNinja/ds0/img/918232_RS_290_290RS294095_24610_RAW.jpg,/Users/anirudh/RoadConditionClassifier/FPGAProject/ml/preprocessed/grid_labels/918232_RS_290_290RS294095_24610_RAW.jpg.npy
/Users/anirudh/RoadConditionClassifier/FPGAProject/ml/cracks-and-potholes-in-road-DatasetNinja/ds0/img/918233_RS_290_290RS294095_24615_RAW.jpg,/Users/anirudh/RoadConditionClassifier/FPGAProject/ml/preprocessed/grid_labels/918233_RS_290_290RS294095_24615_RAW.jpg.npy
/Users/anirudh/RoadConditionClassifier/FPGAProject/ml/cracks-and-potholes-in-road-DatasetNinja/ds0/img/918234_RS_290_290RS294095_24620_RAW.jpg,/Users/anirudh/RoadConditionClassifier/FPGAProject/ml/preprocessed/grid_labels/918234_RS_290_290RS294095_24620_RAW.jpg.npy
/Users/anirudh/RoadConditionClassifier/FPGAProject/ml/cracks-and-potholes-in-road-DatasetNinja/ds0/img/918235_RS_290_290RS294095_24625_RAW.jpg,/Users/anirudh/RoadConditionClassifier/FPGAProject/ml/preprocessed/grid_labels/918235_RS_290_290RS294095_24625_RAW.jpg.npy
/Users/anirudh/RoadConditionClassifier/FPGAProject/ml/cracks-and-potholes-in-road-DatasetNinja/ds0/img/918236_RS_290_290RS294095_24630_RAW.jpg,/Users/anirudh/RoadConditionClassifier/FPGAProject/ml/preprocessed/grid_labels/918236_RS_290_290RS294095_24630_RAW.jpg.npy
/Users/anirudh/RoadConditionClassifier/FPGAProject/ml/cracks-and-potholes-in-road-DatasetNinja/ds0/img/918237_RS_290_290RS294095_24635_RAW.jpg,/Users/anirudh/RoadConditionClassifier/FPGAProject/ml/preprocessed/grid_labels/918237_RS_290_290RS294095_24635_RAW.jpg.npy
/Users/anirudh/RoadConditionClassifier/FPGAProject/ml/cracks-and-potholes-in-road-DatasetNinja/ds0/img/918240_RS_290_290RS294095_24650_RAW.jpg,/Users/anirudh/RoadConditionClassifier/FPGAProject/ml/preprocessed/grid_labels/918240_RS_290_290RS294095_24650_RAW.jpg.npy
/Users/anirudh/RoadConditionClassifier/FPGAProject/ml/cracks-and-potholes-in-road-DatasetNinja/ds0/img/918355_RS_290_290RS294095_25225_RAW.jpg,/Users/anirudh/RoadConditionClassifier/FPGAProject/ml/preprocessed/grid_labels/918355_RS_290_290RS294095_25225_RAW.jpg.npy
/Users/anirudh/RoadConditionClassifier/FPGAProject/ml/cracks-and-potholes-in-road-DatasetNinja/ds0/img/918356_RS_290_290RS294095_25230_RAW.jpg,/Users/anirudh/RoadConditionClassifier/FPGAProject/ml/preprocessed/grid_labels/918356_RS_290_290RS294095_25230_RAW.jpg.npy
/Users/anirudh/RoadConditionClassifier/FPGAProject/ml/cracks-and-potholes-in-road-DatasetNinja/ds0/img/918373_RS_290_290RS294095_25315_RAW.jpg,/Users/anirudh/RoadConditionClassifier/FPGAProject/ml/preprocessed/grid_labels/918373_RS_290_290RS294095_25315_RAW.jpg.npy
/Users/anirudh/RoadConditionClassifier/FPGAProject/ml/cracks-and-potholes-in-road-DatasetNinja/ds0/img/918374_RS_290_290RS294095_25320_RAW.jpg,/Users/anirudh/RoadConditionClassifier/FPGAProject/ml/preprocessed/grid_labels/918374_RS_290_290RS294095_25320_RAW.jpg.npy
/Users/anirudh/RoadConditionClassifier/FPGAProject/ml/cracks-and-potholes-in-road-DatasetNinja/ds0/img/918383_RS_290_290RS294095_25365_RAW.jpg,/Users/anirudh/RoadConditionClassifier/FPGAProject/ml/preprocessed/grid_labels/918383_RS_290_290RS294095_25365_RAW.jpg.npy
/Users/anirudh/RoadConditionClassifier/FPGAProject/ml/cracks-and-potholes-in-road-DatasetNinja/ds0/img/918386_RS_290_290RS294095_25380_RAW.jpg,/Users/anirudh/RoadConditionClassifier/FPGAProject/ml/preprocessed/grid_labels/918386_RS_290_290RS294095_25380_RAW.jpg.npy
/Users/anirudh/RoadConditionClassifier/FPGAProject/ml/cracks-and-potholes-in-road-DatasetNinja/ds0/img/918387_RS_290_290RS294095_25385_RAW.jpg,/Users/anirudh/RoadConditionClassifier/FPGAProject/ml/preprocessed/grid_labels/918387_RS_290_290RS294095_25385_RAW.jpg.npy
/Users/anirudh/RoadConditionClassifier/FPGAProject/ml/cracks-and-potholes-in-road-DatasetNinja/ds0/img/918388_RS_290_290RS294095_25390_RAW.jpg,/Users/anirudh/RoadConditionClassifier/FPGAProject/ml/preprocessed/grid_labels/918388_RS_290_290RS294095_25390_RAW.jpg.npy
/Users/anirudh/RoadConditionClassifier/FPGAProject/ml/cracks-and-potholes-in-road-DatasetNinja/ds0/img/918389_RS_290_290RS294095_25395_RAW.jpg,/Users/anirudh/RoadConditionClassifier/FPGAProject/ml/preprocessed/grid_labels/918389_RS_290_290RS294095_25395_RAW.jpg.npy
/Users/anirudh/RoadConditionClassifier/FPGAProject/ml/cracks-and-potholes-in-road-DatasetNinja/ds0/img/918396_RS_290_290RS294095_25430_RAW.jpg,/Users/anirudh/RoadConditionClassifier/FPGAProject/ml/preprocessed/grid_labels/918396_RS_290_290RS294095_25430_RAW.jpg.npy
/Users/anirudh/RoadConditionClassifier/FPGAProject/ml/cracks-and-potholes-in-road-DatasetNinja/ds0/img/918403_RS_290_290RS294095_25465_RAW.jpg,/Users/anirudh/RoadConditionClassifier/FPGAProject/ml/preprocessed/grid_labels/918403_RS_290_290RS294095_25465_RAW.jpg.npy
/Users/anirudh/RoadConditionClassifier/FPGAProject/ml/cracks-and-potholes-in-road-DatasetNinja/ds0/img/918405_RS_290_290RS294095_25475_RAW.jpg,/Users/anirudh/RoadConditionClassifier/FPGAProject/ml/preprocessed/grid_labels/918405_RS_290_290RS294095_25475_RAW.jpg.npy
/Users/anirudh/RoadConditionClassifier/FPGAProject/ml/cracks-and-potholes-in-road-DatasetNinja/ds0/img/918467_RS_290_290RS294095_25785_RAW.jpg,/Users/anirudh/RoadConditionClassifier/FPGAProject/ml/preprocessed/grid_labels/918467_RS_290_290RS294095_25785_RAW.jpg.npy
/Users/anirudh/RoadConditionClassifier/FPGAProject/ml/cracks-and-potholes-in-road-DatasetNinja/ds0/img/918483_RS_290_290RS294095_25865_RAW.jpg,/Users/anirudh/RoadConditionClassifier/FPGAProject/ml/preprocessed/grid_labels/918483_RS_290_290RS294095_25865_RAW.jpg.npy
/Users/anirudh/RoadConditionClassifier/FPGAProject/ml/cracks-and-potholes-in-road-DatasetNinja/ds0/img/918515_RS_290_290RS294095_26026_RAW.jpg,/Users/anirudh/RoadConditionClassifier/FPGAProject/ml/preprocessed/grid_labels/918515_RS_290_290RS294095_26026_RAW.jpg.npy
/Users/anirudh/RoadConditionClassifier/FPGAProject/ml/cracks-and-potholes-in-road-DatasetNinja/ds0/img/918531_RS_290_290RS294095_26106_RAW.jpg,/Users/anirudh/RoadConditionClassifier/FPGAProject/ml/preprocessed/grid_labels/918531_RS_290_290RS294095_26106_RAW.jpg.npy
/Users/anirudh/RoadConditionClassifier/FPGAProject/ml/cracks-and-potholes-in-road-DatasetNinja/ds0/img/918532_RS_290_290RS294095_26110_RAW.jpg,/Users/anirudh/RoadConditionClassifier/FPGAProject/ml/preprocessed/grid_labels/918532_RS_290_290RS294095_26110_RAW.jpg.npy
/Users/anirudh/RoadConditionClassifier/FPGAProject/ml/cracks-and-potholes-in-road-DatasetNinja/ds0/img/918905_RS_290_290RS294095_27975_RAW.jpg,/Users/anirudh/RoadConditionClassifier/FPGAProject/ml/preprocessed/grid_labels/918905_RS_290_290RS294095_27975_RAW.jpg.npy
/Users/anirudh/RoadConditionClassifier/FPGAProject/ml/cracks-and-potholes-in-road-DatasetNinja/ds0/img/918922_RS_290_290RS294095_28060_RAW.jpg,/Users/anirudh/RoadConditionClassifier/FPGAProject/ml/preprocessed/grid_labels/918922_RS_290_290RS294095_28060_RAW.jpg.npy
/Users/anirudh/RoadConditionClassifier/FPGAProject/ml/cracks-and-potholes-in-road-DatasetNinja/ds0/img/918923_RS_290_290RS294095_28065_RAW.jpg,/Users/anirudh/RoadConditionClassifier/FPGAProject/ml/preprocessed/grid_labels/918923_RS_290_290RS294095_28065_RAW.jpg.npy
/Users/anirudh/RoadConditionClassifier/FPGAProject/ml/cracks-and-potholes-in-road-DatasetNinja/ds0/img/918939_RS_290_290RS294095_28145_RAW.jpg,/Users/anirudh/RoadConditionClassifier/FPGAProject/ml/preprocessed/grid_labels/918939_RS_290_290RS294095_28145_RAW.jpg.npy
/Users/anirudh/RoadConditionClassifier/FPGAProject/ml/cracks-and-potholes-in-road-DatasetNinja/ds0/img/918958_RS_290_290RS294095_28240_RAW.jpg,/Users/anirudh/RoadConditionClassifier/FPGAProject/ml/preprocessed/grid_labels/918958_RS_290_290RS294095_28240_RAW.jpg.npy
/Users/anirudh/RoadConditionClassifier/FPGAProject/ml/cracks-and-potholes-in-road-DatasetNinja/ds0/img/918959_RS_290_290RS294095_28245_RAW.jpg,/Users/anirudh/RoadConditionClassifier/FPGAProject/ml/preprocessed/grid_labels/918959_RS_290_290RS294095_28245_RAW.jpg.npy
/Users/anirudh/RoadConditionClassifier/FPGAProject/ml/cracks-and-potholes-in-road-DatasetNinja/ds0/img/918976_RS_290_290RS294095_28330_RAW.jpg,/Users/anirudh/RoadConditionClassifier/FPGAProject/ml/preprocessed/grid_labels/918976_RS_290_290RS294095_28330_RAW.jpg.npy
/Users/anirudh/RoadConditionClassifier/FPGAProject/ml/cracks-and-potholes-in-road-DatasetNinja/ds0/img/918993_RS_290_290RS294095_28415_RAW.jpg,/Users/anirudh/RoadConditionClassifier/FPGAProject/ml/preprocessed/grid_labels/918993_RS_290_290RS294095_28415_RAW.jpg.npy
/Users/anirudh/RoadConditionClassifier/FPGAProject/ml/cracks-and-potholes-in-road-DatasetNinja/ds0/img/918994_RS_290_290RS294095_28420_RAW.jpg,/Users/anirudh/RoadConditionClassifier/FPGAProject/ml/preprocessed/grid_labels/918994_RS_290_290RS294095_28420_RAW.jpg.npy
/Users/anirudh/RoadConditionClassifier/FPGAProject/ml/cracks-and-potholes-in-road-DatasetNinja/ds0/img/918995_RS_290_290RS294095_28425_RAW.jpg,/Users/anirudh/RoadConditionClassifier/FPGAProject/ml/preprocessed/grid_labels/918995_RS_290_290RS294095_28425_RAW.jpg.npy
/Users/anirudh/RoadConditionClassifier/FPGAProject/ml/cracks-and-potholes-in-road-DatasetNinja/ds0/img/918996_RS_290_290RS294095_28430_RAW.jpg,/Users/anirudh/RoadConditionClassifier/FPGAProject/ml/preprocessed/grid_labels/918996_RS_290_290RS294095_28430_RAW.jpg.npy
/Users/anirudh/RoadConditionClassifier/FPGAProject/ml/cracks-and-potholes-in-road-DatasetNinja/ds0/img/919012_RS_290_290RS294095_28510_RAW.jpg,/Users/anirudh/RoadConditionClassifier/FPGAProject/ml/preprocessed/grid_labels/919012_RS_290_290RS294095_28510_RAW.jpg.npy
/Users/anirudh/RoadConditionClassifier/FPGAProject/ml/cracks-and-potholes-in-road-DatasetNinja/ds0/img/919073_RS_290_290RS294095_28815_RAW.jpg,/Users/anirudh/RoadConditionClassifier/FPGAProject/ml/preprocessed/grid_labels/919073_RS_290_290RS294095_28815_RAW.jpg.npy
/Users/anirudh/RoadConditionClassifier/FPGAProject/ml/cracks-and-potholes-in-road-DatasetNinja/ds0/img/919090_RS_290_290RS294095_28900_RAW.jpg,/Users/anirudh/RoadConditionClassifier/FPGAProject/ml/preprocessed/grid_labels/919090_RS_290_290RS294095_28900_RAW.jpg.npy
/Users/anirudh/RoadConditionClassifier/FPGAProject/ml/cracks-and-potholes-in-road-DatasetNinja/ds0/img/919101_RS_290_290RS294095_28955_RAW.jpg,/Users/anirudh/RoadConditionClassifier/FPGAProject/ml/preprocessed/grid_labels/919101_RS_290_290RS294095_28955_RAW.jpg.npy
/Users/anirudh/RoadConditionClassifier/FPGAProject/ml/cracks-and-potholes-in-road-DatasetNinja/ds0/img/919106_RS_290_290RS294095_28980_RAW.jpg,/Users/anirudh/RoadConditionClassifier/FPGAProject/ml/preprocessed/grid_labels/919106_RS_290_290RS294095_28980_RAW.jpg.npy
/Users/anirudh/RoadConditionClassifier/FPGAProject/ml/cracks-and-potholes-in-road-DatasetNinja/ds0/img/919127_RS_290_290RS294095_29085_RAW.jpg,/Users/anirudh/RoadConditionClassifier/FPGAProject/ml/preprocessed/grid_labels/919127_RS_290_290RS294095_29085_RAW.jpg.npy
/Users/anirudh/RoadConditionClassifier/FPGAProject/ml/cracks-and-potholes-in-road-DatasetNinja/ds0/img/919128_RS_290_290RS294095_29090_RAW.jpg,/Users/anirudh/RoadConditionClassifier/FPGAProject/ml/preprocessed/grid_labels/919128_RS_290_290RS294095_29090_RAW.jpg.npy
/Users/anirudh/RoadConditionClassifier/FPGAProject/ml/cracks-and-potholes-in-road-DatasetNinja/ds0/img/919137_RS_290_290RS294095_29135_RAW.jpg,/Users/anirudh/RoadConditionClassifier/FPGAProject/ml/preprocessed/grid_labels/919137_RS_290_290RS294095_29135_RAW.jpg.npy
/Users/anirudh/RoadConditionClassifier/FPGAProject/ml/cracks-and-potholes-in-road-DatasetNinja/ds0/img/919138_RS_290_290RS294095_29140_RAW.jpg,/Users/anirudh/RoadConditionClassifier/FPGAProject/ml/preprocessed/grid_labels/919138_RS_290_290RS294095_29140_RAW.jpg.npy
/Users/anirudh/RoadConditionClassifier/FPGAProject/ml/cracks-and-potholes-in-road-DatasetNinja/ds0/img/919139_RS_290_290RS294095_29145_RAW.jpg,/Users/anirudh/RoadConditionClassifier/FPGAProject/ml/preprocessed/grid_labels/919139_RS_290_290RS294095_29145_RAW.jpg.npy
/Users/anirudh/RoadConditionClassifier/FPGAProject/ml/cracks-and-potholes-in-road-DatasetNinja/ds0/img/919140_RS_290_290RS294095_29150_RAW.jpg,/Users/anirudh/RoadConditionClassifier/FPGAProject/ml/preprocessed/grid_labels/919140_RS_290_290RS294095_29150_RAW.jpg.npy
/Users/anirudh/RoadConditionClassifier/FPGAProject/ml/cracks-and-potholes-in-road-DatasetNinja/ds0/img/919141_RS_290_290RS294095_29155_RAW.jpg,/Users/anirudh/RoadConditionClassifier/FPGAProject/ml/preprocessed/grid_labels/919141_RS_290_290RS294095_29155_RAW.jpg.npy
/Users/anirudh/RoadConditionClassifier/FPGAProject/ml/cracks-and-potholes-in-road-DatasetNinja/ds0/img/919142_RS_290_290RS294095_29160_RAW.jpg,/Users/anirudh/RoadConditionClassifier/FPGAProject/ml/preprocessed/grid_labels/919142_RS_290_290RS294095_29160_RAW.jpg.npy
/Users/anirudh/RoadConditionClassifier/FPGAProject/ml/cracks-and-potholes-in-road-DatasetNinja/ds0/img/919143_RS_290_290RS294095_29165_RAW.jpg,/Users/anirudh/RoadConditionClassifier/FPGAProject/ml/preprocessed/grid_labels/919143_RS_290_290RS294095_29165_RAW.jpg.npy
/Users/anirudh/RoadConditionClassifier/FPGAProject/ml/cracks-and-potholes-in-road-DatasetNinja/ds0/img/919144_RS_290_290RS294095_29170_RAW.jpg,/Users/anirudh/RoadConditionClassifier/FPGAProject/ml/preprocessed/grid_labels/919144_RS_290_290RS294095_29170_RAW.jpg.npy
/Users/anirudh/RoadConditionClassifier/FPGAProject/ml/cracks-and-potholes-in-road-DatasetNinja/ds0/img/919149_RS_290_290RS294095_29196_RAW.jpg,/Users/anirudh/RoadConditionClassifier/FPGAProject/ml/preprocessed/grid_labels/919149_RS_290_290RS294095_29196_RAW.jpg.npy
/Users/anirudh/RoadConditionClassifier/FPGAProject/ml/cracks-and-potholes-in-road-DatasetNinja/ds0/img/919150_RS_290_290RS294095_29201_RAW.jpg,/Users/anirudh/RoadConditionClassifier/FPGAProject/ml/preprocessed/grid_labels/919150_RS_290_290RS294095_29201_RAW.jpg.npy
/Users/anirudh/RoadConditionClassifier/FPGAProject/ml/cracks-and-potholes-in-road-DatasetNinja/ds0/img/919151_RS_290_290RS294095_29205_RAW.jpg,/Users/anirudh/RoadConditionClassifier/FPGAProject/ml/preprocessed/grid_labels/919151_RS_290_290RS294095_29205_RAW.jpg.npy
/Users/anirudh/RoadConditionClassifier/FPGAProject/ml/cracks-and-potholes-in-road-DatasetNinja/ds0/img/919153_RS_290_290RS294095_29215_RAW.jpg,/Users/anirudh/RoadConditionClassifier/FPGAProject/ml/preprocessed/grid_labels/919153_RS_290_290RS294095_29215_RAW.jpg.npy
/Users/anirudh/RoadConditionClassifier/FPGAProject/ml/cracks-and-potholes-in-road-DatasetNinja/ds0/img/919154_RS_290_290RS294095_29220_RAW.jpg,/Users/anirudh/RoadConditionClassifier/FPGAProject/ml/preprocessed/grid_labels/919154_RS_290_290RS294095_29220_RAW.jpg.npy
/Users/anirudh/RoadConditionClassifier/FPGAProject/ml/cracks-and-potholes-in-road-DatasetNinja/ds0/img/919155_RS_290_290RS294095_29225_RAW.jpg,/Users/anirudh/RoadConditionClassifier/FPGAProject/ml/preprocessed/grid_labels/919155_RS_290_290RS294095_29225_RAW.jpg.npy
/Users/anirudh/RoadConditionClassifier/FPGAProject/ml/cracks-and-potholes-in-road-DatasetNinja/ds0/img/919159_RS_290_290RS294095_29245_RAW.jpg,/Users/anirudh/RoadConditionClassifier/FPGAProject/ml/preprocessed/grid_labels/919159_RS_290_290RS294095_29245_RAW.jpg.npy
/Users/anirudh/RoadConditionClassifier/FPGAProject/ml/cracks-and-potholes-in-road-DatasetNinja/ds0/img/919164_RS_290_290RS294095_29271_RAW.jpg,/Users/anirudh/RoadConditionClassifier/FPGAProject/ml/preprocessed/grid_labels/919164_RS_290_290RS294095_29271_RAW.jpg.npy
/Users/anirudh/RoadConditionClassifier/FPGAProject/ml/cracks-and-potholes-in-road-DatasetNinja/ds0/img/919165_RS_290_290RS294095_29275_RAW.jpg,/Users/anirudh/RoadConditionClassifier/FPGAProject/ml/preprocessed/grid_labels/919165_RS_290_290RS294095_29275_RAW.jpg.npy
/Users/anirudh/RoadConditionClassifier/FPGAProject/ml/cracks-and-potholes-in-road-DatasetNinja/ds0/img/919166_RS_290_290RS294095_29280_RAW.jpg,/Users/anirudh/RoadConditionClassifier/FPGAProject/ml/preprocessed/grid_labels/919166_RS_290_290RS294095_29280_RAW.jpg.npy
/Users/anirudh/RoadConditionClassifier/FPGAProject/ml/cracks-and-potholes-in-road-DatasetNinja/ds0/img/919167_RS_290_290RS294095_29285_RAW.jpg,/Users/anirudh/RoadConditionClassifier/FPGAProject/ml/preprocessed/grid_labels/919167_RS_290_290RS294095_29285_RAW.jpg.npy
/Users/anirudh/RoadConditionClassifier/FPGAProject/ml/cracks-and-potholes-in-road-DatasetNinja/ds0/img/919168_RS_290_290RS294095_29290_RAW.jpg,/Users/anirudh/RoadConditionClassifier/FPGAProject/ml/preprocessed/grid_labels/919168_RS_290_290RS294095_29290_RAW.jpg.npy
/Users/anirudh/RoadConditionClassifier/FPGAProject/ml/cracks-and-potholes-in-road-DatasetNinja/ds0/img/919182_RS_290_290RS294095_29360_RAW.jpg,/Users/anirudh/RoadConditionClassifier/FPGAProject/ml/preprocessed/grid_labels/919182_RS_290_290RS294095_29360_RAW.jpg.npy
/Users/anirudh/RoadConditionClassifier/FPGAProject/ml/cracks-and-potholes-in-road-DatasetNinja/ds0/img/919183_RS_290_290RS294095_29365_RAW.jpg,/Users/anirudh/RoadConditionClassifier/FPGAProject/ml/preprocessed/grid_labels/919183_RS_290_290RS294095_29365_RAW.jpg.npy
/Users/anirudh/RoadConditionClassifier/FPGAProject/ml/cracks-and-potholes-in-road-DatasetNinja/ds0/img/919184_RS_290_290RS294095_29370_RAW.jpg,/Users/anirudh/RoadConditionClassifier/FPGAProject/ml/preprocessed/grid_labels/919184_RS_290_290RS294095_29370_RAW.jpg.npy
/Users/anirudh/RoadConditionClassifier/FPGAProject/ml/cracks-and-potholes-in-road-DatasetNinja/ds0/img/919185_RS_290_290RS294095_29375_RAW.jpg,/Users/anirudh/RoadConditionClassifier/FPGAProject/ml/preprocessed/grid_labels/919185_RS_290_290RS294095_29375_RAW.jpg.npy
/Users/anirudh/RoadConditionClassifier/FPGAProject/ml/cracks-and-potholes-in-road-DatasetNinja/ds0/img/919188_RS_290_290RS294095_29390_RAW.jpg,/Users/anirudh/RoadConditionClassifier/FPGAProject/ml/preprocessed/grid_labels/919188_RS_290_290RS294095_29390_RAW.jpg.npy
/Users/anirudh/RoadConditionClassifier/FPGAProject/ml/cracks-and-potholes-in-road-DatasetNinja/ds0/img/919195_RS_290_290RS294095_29425_RAW.jpg,/Users/anirudh/RoadConditionClassifier/FPGAProject/ml/preprocessed/grid_labels/919195_RS_290_290RS294095_29425_RAW.jpg.npy
/Users/anirudh/RoadConditionClassifier/FPGAProject/ml/cracks-and-potholes-in-road-DatasetNinja/ds0/img/919196_RS_290_290RS294095_29430_RAW.jpg,/Users/anirudh/RoadConditionClassifier/FPGAProject/ml/preprocessed/grid_labels/919196_RS_290_290RS294095_29430_RAW.jpg.npy
/Users/anirudh/RoadConditionClassifier/FPGAProject/ml/cracks-and-potholes-in-road-DatasetNinja/ds0/img/919203_RS_290_290RS294095_29465_RAW.jpg,/Users/anirudh/RoadConditionClassifier/FPGAProject/ml/preprocessed/grid_labels/919203_RS_290_290RS294095_29465_RAW.jpg.npy
/Users/anirudh/RoadConditionClassifier/FPGAProject/ml/cracks-and-potholes-in-road-DatasetNinja/ds0/img/919204_RS_290_290RS294095_29470_RAW.jpg,/Users/anirudh/RoadConditionClassifier/FPGAProject/ml/preprocessed/grid_labels/919204_RS_290_290RS294095_29470_RAW.jpg.npy
/Users/anirudh/RoadConditionClassifier/FPGAProject/ml/cracks-and-potholes-in-road-DatasetNinja/ds0/img/919207_RS_290_290RS294095_29485_RAW.jpg,/Users/anirudh/RoadConditionClassifier/FPGAProject/ml/preprocessed/grid_labels/919207_RS_290_290RS294095_29485_RAW.jpg.npy
/Users/anirudh/RoadConditionClassifier/FPGAProject/ml/cracks-and-potholes-in-road-DatasetNinja/ds0/img/919208_RS_290_290RS294095_29490_RAW.jpg,/Users/anirudh/RoadConditionClassifier/FPGAProject/ml/preprocessed/grid_labels/919208_RS_290_290RS294095_29490_RAW.jpg.npy
/Users/anirudh/RoadConditionClassifier/FPGAProject/ml/cracks-and-potholes-in-road-DatasetNinja/ds0/img/919209_RS_290_290RS294095_29495_RAW.jpg,/Users/anirudh/RoadConditionClassifier/FPGAProject/ml/preprocessed/grid_labels/919209_RS_290_290RS294095_29495_RAW.jpg.npy
/Users/anirudh/RoadConditionClassifier/FPGAProject/ml/cracks-and-potholes-in-road-DatasetNinja/ds0/img/919210_RS_290_290RS294095_29500_RAW.jpg,/Users/anirudh/RoadConditionClassifier/FPGAProject/ml/preprocessed/grid_labels/919210_RS_290_290RS294095_29500_RAW.jpg.npy
/Users/anirudh/RoadConditionClassifier/FPGAProject/ml/cracks-and-potholes-in-road-DatasetNinja/ds0/img/919215_RS_290_290RS294095_29525_RAW.jpg,/Users/anirudh/RoadConditionClassifier/FPGAProject/ml/preprocessed/grid_labels/919215_RS_290_290RS294095_29525_RAW.jpg.npy
/Users/anirudh/RoadConditionClassifier/FPGAProject/ml/cracks-and-potholes-in-road-DatasetNinja/ds0/img/919218_RS_290_290RS294095_29540_RAW.jpg,/Users/anirudh/RoadConditionClassifier/FPGAProject/ml/preprocessed/grid_labels/919218_RS_290_290RS294095_29540_RAW.jpg.npy
/Users/anirudh/RoadConditionClassifier/FPGAProject/ml/cracks-and-potholes-in-road-DatasetNinja/ds0/img/919240_RS_290_290RS294095_29650_RAW.jpg,/Users/anirudh/RoadConditionClassifier/FPGAProject/ml/preprocessed/grid_labels/919240_RS_290_290RS294095_29650_RAW.jpg.npy
/Users/anirudh/RoadConditionClassifier/FPGAProject/ml/cracks-and-potholes-in-road-DatasetNinja/ds0/img/919241_RS_290_290RS294095_29655_RAW.jpg,/Users/anirudh/RoadConditionClassifier/FPGAProject/ml/preprocessed/grid_labels/919241_RS_290_290RS294095_29655_RAW.jpg.npy
/Users/anirudh/RoadConditionClassifier/FPGAProject/ml/cracks-and-potholes-in-road-DatasetNinja/ds0/img/919242_RS_290_290RS294095_29660_RAW.jpg,/Users/anirudh/RoadConditionClassifier/FPGAProject/ml/preprocessed/grid_labels/919242_RS_290_290RS294095_29660_RAW.jpg.npy
/Users/anirudh/RoadConditionClassifier/FPGAProject/ml/cracks-and-potholes-in-road-DatasetNinja/ds0/img/919243_RS_290_290RS294095_29665_RAW.jpg,/Users/anirudh/RoadConditionClassifier/FPGAProject/ml/preprocessed/grid_labels/919243_RS_290_290RS294095_29665_RAW.jpg.npy
/Users/anirudh/RoadConditionClassifier/FPGAProject/ml/cracks-and-potholes-in-road-DatasetNinja/ds0/img/919249_RS_290_290RS294095_29695_RAW.jpg,/Users/anirudh/RoadConditionClassifier/FPGAProject/ml/preprocessed/grid_labels/919249_RS_290_290RS294095_29695_RAW.jpg.npy
/Users/anirudh/RoadConditionClassifier/FPGAProject/ml/cracks-and-potholes-in-road-DatasetNinja/ds0/img/919252_RS_290_290RS294095_29711_RAW.jpg,/Users/anirudh/RoadConditionClassifier/FPGAProject/ml/preprocessed/grid_labels/919252_RS_290_290RS294095_29711_RAW.jpg.npy
/Users/anirudh/RoadConditionClassifier/FPGAProject/ml/cracks-and-potholes-in-road-DatasetNinja/ds0/img/919253_RS_290_290RS294095_29715_RAW.jpg,/Users/anirudh/RoadConditionClassifier/FPGAProject/ml/preprocessed/grid_labels/919253_RS_290_290RS294095_29715_RAW.jpg.npy
/Users/anirudh/RoadConditionClassifier/FPGAProject/ml/cracks-and-potholes-in-road-DatasetNinja/ds0/img/919258_RS_290_290RS294095_29740_RAW.jpg,/Users/anirudh/RoadConditionClassifier/FPGAProject/ml/preprocessed/grid_labels/919258_RS_290_290RS294095_29740_RAW.jpg.npy
/Users/anirudh/RoadConditionClassifier/FPGAProject/ml/cracks-and-potholes-in-road-DatasetNinja/ds0/img/919262_RS_290_290RS294095_29760_RAW.jpg,/Users/anirudh/RoadConditionClassifier/FPGAProject/ml/preprocessed/grid_labels/919262_RS_290_290RS294095_29760_RAW.jpg.npy
/Users/anirudh/RoadConditionClassifier/FPGAProject/ml/cracks-and-potholes-in-road-DatasetNinja/ds0/img/919263_RS_290_290RS294095_29766_RAW.jpg,/Users/anirudh/RoadConditionClassifier/FPGAProject/ml/preprocessed/grid_labels/919263_RS_290_290RS294095_29766_RAW.jpg.npy
/Users/anirudh/RoadConditionClassifier/FPGAProject/ml/cracks-and-potholes-in-road-DatasetNinja/ds0/img/919264_RS_290_290RS294095_29770_RAW.jpg,/Users/anirudh/RoadConditionClassifier/FPGAProject/ml/preprocessed/grid_labels/919264_RS_290_290RS294095_29770_RAW.jpg.npy
/Users/anirudh/RoadConditionClassifier/FPGAProject/ml/cracks-and-potholes-in-road-DatasetNinja/ds0/img/919265_RS_290_290RS294095_29776_RAW.jpg,/Users/anirudh/RoadConditionClassifier/FPGAProject/ml/preprocessed/grid_labels/919265_RS_290_290RS294095_29776_RAW.jpg.npy
/Users/anirudh/RoadConditionClassifier/FPGAProject/ml/cracks-and-potholes-in-road-DatasetNinja/ds0/img/919267_RS_290_290RS294095_29785_RAW.jpg,/Users/anirudh/RoadConditionClassifier/FPGAProject/ml/preprocessed/grid_labels/919267_RS_290_290RS294095_29785_RAW.jpg.npy
/Users/anirudh/RoadConditionClassifier/FPGAProject/ml/cracks-and-potholes-in-road-DatasetNinja/ds0/img/919268_RS_290_290RS294095_29790_RAW.jpg,/Users/anirudh/RoadConditionClassifier/FPGAProject/ml/preprocessed/grid_labels/919268_RS_290_290RS294095_29790_RAW.jpg.npy
/Users/anirudh/RoadConditionClassifier/FPGAProject/ml/cracks-and-potholes-in-road-DatasetNinja/ds0/img/919274_RS_290_290RS294095_29820_RAW.jpg,/Users/anirudh/RoadConditionClassifier/FPGAProject/ml/preprocessed/grid_labels/919274_RS_290_290RS294095_29820_RAW.jpg.npy
/Users/anirudh/RoadConditionClassifier/FPGAProject/ml/cracks-and-potholes-in-road-DatasetNinja/ds0/img/919277_RS_290_290RS294095_29836_RAW.jpg,/Users/anirudh/RoadConditionClassifier/FPGAProject/ml/preprocessed/grid_labels/919277_RS_290_290RS294095_29836_RAW.jpg.npy
/Users/anirudh/RoadConditionClassifier/FPGAProject/ml/cracks-and-potholes-in-road-DatasetNinja/ds0/img/919287_RS_290_290RS294095_29885_RAW.jpg,/Users/anirudh/RoadConditionClassifier/FPGAProject/ml/preprocessed/grid_labels/919287_RS_290_290RS294095_29885_RAW.jpg.npy
/Users/anirudh/RoadConditionClassifier/FPGAProject/ml/cracks-and-potholes-in-road-DatasetNinja/ds0/img/919289_RS_290_290RS294095_29895_RAW.jpg,/Users/anirudh/RoadConditionClassifier/FPGAProject/ml/preprocessed/grid_labels/919289_RS_290_290RS294095_29895_RAW.jpg.npy
/Users/anirudh/RoadConditionClassifier/FPGAProject/ml/cracks-and-potholes-in-road-DatasetNinja/ds0/img/919290_RS_290_290RS294095_29900_RAW.jpg,/Users/anirudh/RoadConditionClassifier/FPGAProject/ml/preprocessed/grid_labels/919290_RS_290_290RS294095_29900_RAW.jpg.npy
/Users/anirudh/RoadConditionClassifier/FPGAProject/ml/cracks-and-potholes-in-road-DatasetNinja/ds0/img/919293_RS_290_290RS294095_29915_RAW.jpg,/Users/anirudh/RoadConditionClassifier/FPGAProject/ml/preprocessed/grid_labels/919293_RS_290_290RS294095_29915_RAW.jpg.npy
/Users/anirudh/RoadConditionClassifier/FPGAProject/ml/cracks-and-potholes-in-road-DatasetNinja/ds0/img/919294_RS_290_290RS294095_29920_RAW.jpg,/Users/anirudh/RoadConditionClassifier/FPGAProject/ml/preprocessed/grid_labels/919294_RS_290_290RS294095_29920_RAW.jpg.npy
/Users/anirudh/RoadConditionClassifier/FPGAProject/ml/cracks-and-potholes-in-road-DatasetNinja/ds0/img/919349_RS_290_290RS294095_30195_RAW.jpg,/Users/anirudh/RoadConditionClassifier/FPGAProject/ml/preprocessed/grid_labels/919349_RS_290_290RS294095_30195_RAW.jpg.npy
/Users/anirudh/RoadConditionClassifier/FPGAProject/ml/cracks-and-potholes-in-road-DatasetNinja/ds0/img/919350_RS_290_290RS294095_30200_RAW.jpg,/Users/anirudh/RoadConditionClassifier/FPGAProject/ml/preprocessed/grid_labels/919350_RS_290_290RS294095_30200_RAW.jpg.npy
/Users/anirudh/RoadConditionClassifier/FPGAProject/ml/cracks-and-potholes-in-road-DatasetNinja/ds0/img/919356_RS_290_290RS294095_30230_RAW.jpg,/Users/anirudh/RoadConditionClassifier/FPGAProject/ml/preprocessed/grid_labels/919356_RS_290_290RS294095_30230_RAW.jpg.npy
/Users/anirudh/RoadConditionClassifier/FPGAProject/ml/cracks-and-potholes-in-road-DatasetNinja/ds0/img/919357_RS_290_290RS294095_30235_RAW.jpg,/Users/anirudh/RoadConditionClassifier/FPGAProject/ml/preprocessed/grid_labels/919357_RS_290_290RS294095_30235_RAW.jpg.npy
/Users/anirudh/RoadConditionClassifier/FPGAProject/ml/cracks-and-potholes-in-road-DatasetNinja/ds0/img/919374_RS_290_290RS294095_30320_RAW.jpg,/Users/anirudh/RoadConditionClassifier/FPGAProject/ml/preprocessed/grid_labels/919374_RS_290_290RS294095_30320_RAW.jpg.npy
/Users/anirudh/RoadConditionClassifier/FPGAProject/ml/cracks-and-potholes-in-road-DatasetNinja/ds0/img/919398_RS_290_290RS294095_30440_RAW.jpg,/Users/anirudh/RoadConditionClassifier/FPGAProject/ml/preprocessed/grid_labels/919398_RS_290_290RS294095_30440_RAW.jpg.npy
/Users/anirudh/RoadConditionClassifier/FPGAProject/ml/cracks-and-potholes-in-road-DatasetNinja/ds0/img/919399_RS_290_290RS294095_30445_RAW.jpg,/Users/anirudh/RoadConditionClassifier/FPGAProject/ml/preprocessed/grid_labels/919399_RS_290_290RS294095_30445_RAW.jpg.npy
/Users/anirudh/RoadConditionClassifier/FPGAProject/ml/cracks-and-potholes-in-road-DatasetNinja/ds0/img/919412_RS_290_290RS294095_30511_RAW.jpg,/Users/anirudh/RoadConditionClassifier/FPGAProject/ml/preprocessed/grid_labels/919412_RS_290_290RS294095_30511_RAW.jpg.npy
/Users/anirudh/RoadConditionClassifier/FPGAProject/ml/cracks-and-potholes-in-road-DatasetNinja/ds0/img/919413_RS_290_290RS294095_30515_RAW.jpg,/Users/anirudh/RoadConditionClassifier/FPGAProject/ml/preprocessed/grid_labels/919413_RS_290_290RS294095_30515_RAW.jpg.npy
/Users/anirudh/RoadConditionClassifier/FPGAProject/ml/cracks-and-potholes-in-road-DatasetNinja/ds0/img/919454_RS_290_290RS294095_30720_RAW.jpg,/Users/anirudh/RoadConditionClassifier/FPGAProject/ml/preprocessed/grid_labels/919454_RS_290_290RS294095_30720_RAW.jpg.npy
/Users/anirudh/RoadConditionClassifier/FPGAProject/ml/cracks-and-potholes-in-road-DatasetNinja/ds0/img/919470_RS_290_290RS294095_30800_RAW.jpg,/Users/anirudh/RoadConditionClassifier/FPGAProject/ml/preprocessed/grid_labels/919470_RS_290_290RS294095_30800_RAW.jpg.npy
/Users/anirudh/RoadConditionClassifier/FPGAProject/ml/cracks-and-potholes-in-road-DatasetNinja/ds0/img/919474_RS_290_290RS294095_30820_RAW.jpg,/Users/anirudh/RoadConditionClassifier/FPGAProject/ml/preprocessed/grid_labels/919474_RS_290_290RS294095_30820_RAW.jpg.npy
/Users/anirudh/RoadConditionClassifier/FPGAProject/ml/cracks-and-potholes-in-road-DatasetNinja/ds0/img/919481_RS_290_290RS294095_30855_RAW.jpg,/Users/anirudh/RoadConditionClassifier/FPGAProject/ml/preprocessed/grid_labels/919481_RS_290_290RS294095_30855_RAW.jpg.npy
/Users/anirudh/RoadConditionClassifier/FPGAProject/ml/cracks-and-potholes-in-road-DatasetNinja/ds0/img/919488_RS_290_290RS294095_30891_RAW.jpg,/Users/anirudh/RoadConditionClassifier/FPGAProject/ml/preprocessed/grid_labels/919488_RS_290_290RS294095_30891_RAW.jpg.npy
/Users/anirudh/RoadConditionClassifier/FPGAProject/ml/cracks-and-potholes-in-road-DatasetNinja/ds0/img/919492_RS_290_290RS294095_30910_RAW.jpg,/Users/anirudh/RoadConditionClassifier/FPGAProject/ml/preprocessed/grid_labels/919492_RS_290_290RS294095_30910_RAW.jpg.npy
/Users/anirudh/RoadConditionClassifier/FPGAProject/ml/cracks-and-potholes-in-road-DatasetNinja/ds0/img/919493_RS_290_290RS294095_30915_RAW.jpg,/Users/anirudh/RoadConditionClassifier/FPGAProject/ml/preprocessed/grid_labels/919493_RS_290_290RS294095_30915_RAW.jpg.npy
/Users/anirudh/RoadConditionClassifier/FPGAProject/ml/cracks-and-potholes-in-road-DatasetNinja/ds0/img/919523_RS_290_290RS294095_31066_RAW.jpg,/Users/anirudh/RoadConditionClassifier/FPGAProject/ml/preprocessed/grid_labels/919523_RS_290_290RS294095_31066_RAW.jpg.npy
/Users/anirudh/RoadConditionClassifier/FPGAProject/ml/cracks-and-potholes-in-road-DatasetNinja/ds0/img/919524_RS_290_290RS294095_31070_RAW.jpg,/Users/anirudh/RoadConditionClassifier/FPGAProject/ml/preprocessed/grid_labels/919524_RS_290_290RS294095_31070_RAW.jpg.npy
/Users/anirudh/RoadConditionClassifier/FPGAProject/ml/cracks-and-potholes-in-road-DatasetNinja/ds0/img/919525_RS_290_290RS294095_31075_RAW.jpg,/Users/anirudh/RoadConditionClassifier/FPGAProject/ml/preprocessed/grid_labels/919525_RS_290_290RS294095_31075_RAW.jpg.npy
/Users/anirudh/RoadConditionClassifier/FPGAProject/ml/cracks-and-potholes-in-road-DatasetNinja/ds0/img/919526_RS_290_290RS294095_31080_RAW.jpg,/Users/anirudh/RoadConditionClassifier/FPGAProject/ml/preprocessed/grid_labels/919526_RS_290_290RS294095_31080_RAW.jpg.npy
/Users/anirudh/RoadConditionClassifier/FPGAProject/ml/cracks-and-potholes-in-road-DatasetNinja/ds0/img/919527_RS_290_290RS294095_31085_RAW.jpg,/Users/anirudh/RoadConditionClassifier/FPGAProject/ml/preprocessed/grid_labels/919527_RS_290_290RS294095_31085_RAW.jpg.npy
/Users/anirudh/RoadConditionClassifier/FPGAProject/ml/cracks-and-potholes-in-road-DatasetNinja/ds0/img/919528_RS_290_290RS294095_31091_RAW.jpg,/Users/anirudh/RoadConditionClassifier/FPGAProject/ml/preprocessed/grid_labels/919528_RS_290_290RS294095_31091_RAW.jpg.npy
/Users/anirudh/RoadConditionClassifier/FPGAProject/ml/cracks-and-potholes-in-road-DatasetNinja/ds0/img/919529_RS_290_290RS294095_31095_RAW.jpg,/Users/anirudh/RoadConditionClassifier/FPGAProject/ml/preprocessed/grid_labels/919529_RS_290_290RS294095_31095_RAW.jpg.npy
/Users/anirudh/RoadConditionClassifier/FPGAProject/ml/cracks-and-potholes-in-road-DatasetNinja/ds0/img/919530_RS_290_290RS294095_31101_RAW.jpg,/Users/anirudh/RoadConditionClassifier/FPGAProject/ml/preprocessed/grid_labels/919530_RS_290_290RS294095_31101_RAW.jpg.npy
/Users/anirudh/RoadConditionClassifier/FPGAProject/ml/cracks-and-potholes-in-road-DatasetNinja/ds0/img/919531_RS_290_290RS294095_31105_RAW.jpg,/Users/anirudh/RoadConditionClassifier/FPGAProject/ml/preprocessed/grid_labels/919531_RS_290_290RS294095_31105_RAW.jpg.npy
/Users/anirudh/RoadConditionClassifier/FPGAProject/ml/cracks-and-potholes-in-road-DatasetNinja/ds0/img/919532_RS_290_290RS294095_31110_RAW.jpg,/Users/anirudh/RoadConditionClassifier/FPGAProject/ml/preprocessed/grid_labels/919532_RS_290_290RS294095_31110_RAW.jpg.npy
/Users/anirudh/RoadConditionClassifier/FPGAProject/ml/cracks-and-potholes-in-road-DatasetNinja/ds0/img/919533_RS_290_290RS294095_31115_RAW.jpg,/Users/anirudh/RoadConditionClassifier/FPGAProject/ml/preprocessed/grid_labels/919533_RS_290_290RS294095_31115_RAW.jpg.npy
/Users/anirudh/RoadConditionClassifier/FPGAProject/ml/cracks-and-potholes-in-road-DatasetNinja/ds0/img/919534_RS_290_290RS294095_31120_RAW.jpg,/Users/anirudh/RoadConditionClassifier/FPGAProject/ml/preprocessed/grid_labels/919534_RS_290_290RS294095_31120_RAW.jpg.npy
/Users/anirudh/RoadConditionClassifier/FPGAProject/ml/cracks-and-potholes-in-road-DatasetNinja/ds0/img/919535_RS_290_290RS294095_31125_RAW.jpg,/Users/anirudh/RoadConditionClassifier/FPGAProject/ml/preprocessed/grid_labels/919535_RS_290_290RS294095_31125_RAW.jpg.npy
/Users/anirudh/RoadConditionClassifier/FPGAProject/ml/cracks-and-potholes-in-road-DatasetNinja/ds0/img/919541_RS_290_290RS294095_31155_RAW.jpg,/Users/anirudh/RoadConditionClassifier/FPGAProject/ml/preprocessed/grid_labels/919541_RS_290_290RS294095_31155_RAW.jpg.npy
/Users/anirudh/RoadConditionClassifier/FPGAProject/ml/cracks-and-potholes-in-road-DatasetNinja/ds0/img/919545_RS_290_290RS294095_31175_RAW.jpg,/Users/anirudh/RoadConditionClassifier/FPGAProject/ml/preprocessed/grid_labels/919545_RS_290_290RS294095_31175_RAW.jpg.npy
/Users/anirudh/RoadConditionClassifier/FPGAProject/ml/cracks-and-potholes-in-road-DatasetNinja/ds0/img/919546_RS_290_290RS294095_31180_RAW.jpg,/Users/anirudh/RoadConditionClassifier/FPGAProject/ml/preprocessed/grid_labels/919546_RS_290_290RS294095_31180_RAW.jpg.npy
/Users/anirudh/RoadConditionClassifier/FPGAProject/ml/cracks-and-potholes-in-road-DatasetNinja/ds0/img/919547_RS_290_290RS294095_31185_RAW.jpg,/Users/anirudh/RoadConditionClassifier/FPGAProject/ml/preprocessed/grid_labels/919547_RS_290_290RS294095_31185_RAW.jpg.npy
/Users/anirudh/RoadConditionClassifier/FPGAProject/ml/cracks-and-potholes-in-road-DatasetNinja/ds0/img/919548_RS_290_290RS294095_31191_RAW.jpg,/Users/anirudh/RoadConditionClassifier/FPGAProject/ml/preprocessed/grid_labels/919548_RS_290_290RS294095_31191_RAW.jpg.npy
/Users/anirudh/RoadConditionClassifier/FPGAProject/ml/cracks-and-potholes-in-road-DatasetNinja/ds0/img/919553_RS_290_290RS294095_31216_RAW.jpg,/Users/anirudh/RoadConditionClassifier/FPGAProject/ml/preprocessed/grid_labels/919553_RS_290_290RS294095_31216_RAW.jpg.npy
/Users/anirudh/RoadConditionClassifier/FPGAProject/ml/cracks-and-potholes-in-road-DatasetNinja/ds0/img/919554_RS_290_290RS294095_31220_RAW.jpg,/Users/anirudh/RoadConditionClassifier/FPGAProject/ml/preprocessed/grid_labels/919554_RS_290_290RS294095_31220_RAW.jpg.npy
/Users/anirudh/RoadConditionClassifier/FPGAProject/ml/cracks-and-potholes-in-road-DatasetNinja/ds0/img/919558_RS_290_290RS294095_31240_RAW.jpg,/Users/anirudh/RoadConditionClassifier/FPGAProject/ml/preprocessed/grid_labels/919558_RS_290_290RS294095_31240_RAW.jpg.npy
/Users/anirudh/RoadConditionClassifier/FPGAProject/ml/cracks-and-potholes-in-road-DatasetNinja/ds0/img/919559_RS_290_290RS294095_31245_RAW.jpg,/Users/anirudh/RoadConditionClassifier/FPGAProject/ml/preprocessed/grid_labels/919559_RS_290_290RS294095_31245_RAW.jpg.npy
/Users/anirudh/RoadConditionClassifier/FPGAProject/ml/cracks-and-potholes-in-road-DatasetNinja/ds0/img/919560_RS_290_290RS294095_31250_RAW.jpg,/Users/anirudh/RoadConditionClassifier/FPGAProject/ml/preprocessed/grid_labels/919560_RS_290_290RS294095_31250_RAW.jpg.npy
/Users/anirudh/RoadConditionClassifier/FPGAProject/ml/cracks-and-potholes-in-road-DatasetNinja/ds0/img/919561_RS_290_290RS294095_31255_RAW.jpg,/Users/anirudh/RoadConditionClassifier/FPGAProject/ml/preprocessed/grid_labels/919561_RS_290_290RS294095_31255_RAW.jpg.npy
/Users/anirudh/RoadConditionClassifier/FPGAProject/ml/cracks-and-potholes-in-road-DatasetNinja/ds0/img/919562_RS_290_290RS294095_31260_RAW.jpg,/Users/anirudh/RoadConditionClassifier/FPGAProject/ml/preprocessed/grid_labels/919562_RS_290_290RS294095_31260_RAW.jpg.npy
/Users/anirudh/RoadConditionClassifier/FPGAProject/ml/cracks-and-potholes-in-road-DatasetNinja/ds0/img/919563_RS_290_290RS294095_31266_RAW.jpg,/Users/anirudh/RoadConditionClassifier/FPGAProject/ml/preprocessed/grid_labels/919563_RS_290_290RS294095_31266_RAW.jpg.npy
/Users/anirudh/RoadConditionClassifier/FPGAProject/ml/cracks-and-potholes-in-road-DatasetNinja/ds0/img/919564_RS_290_290RS294095_31271_RAW.jpg,/Users/anirudh/RoadConditionClassifier/FPGAProject/ml/preprocessed/grid_labels/919564_RS_290_290RS294095_31271_RAW.jpg.npy
/Users/anirudh/RoadConditionClassifier/FPGAProject/ml/cracks-and-potholes-in-road-DatasetNinja/ds0/img/919565_RS_290_290RS294095_31275_RAW.jpg,/Users/anirudh/RoadConditionClassifier/FPGAProject/ml/preprocessed/grid_labels/919565_RS_290_290RS294095_31275_RAW.jpg.npy
/Users/anirudh/RoadConditionClassifier/FPGAProject/ml/cracks-and-potholes-in-road-DatasetNinja/ds0/img/919566_RS_290_290RS294095_31281_RAW.jpg,/Users/anirudh/RoadConditionClassifier/FPGAProject/ml/preprocessed/grid_labels/919566_RS_290_290RS294095_31281_RAW.jpg.npy
/Users/anirudh/RoadConditionClassifier/FPGAProject/ml/cracks-and-potholes-in-road-DatasetNinja/ds0/img/919567_RS_290_290RS294095_31286_RAW.jpg,/Users/anirudh/RoadConditionClassifier/FPGAProject/ml/preprocessed/grid_labels/919567_RS_290_290RS294095_31286_RAW.jpg.npy
/Users/anirudh/RoadConditionClassifier/FPGAProject/ml/cracks-and-potholes-in-road-DatasetNinja/ds0/img/919629_RS_290_290RS294095_31595_RAW.jpg,/Users/anirudh/RoadConditionClassifier/FPGAProject/ml/preprocessed/grid_labels/919629_RS_290_290RS294095_31595_RAW.jpg.npy
/Users/anirudh/RoadConditionClassifier/FPGAProject/ml/cracks-and-potholes-in-road-DatasetNinja/ds0/img/919630_RS_290_290RS294095_31600_RAW.jpg,/Users/anirudh/RoadConditionClassifier/FPGAProject/ml/preprocessed/grid_labels/919630_RS_290_290RS294095_31600_RAW.jpg.npy
/Users/anirudh/RoadConditionClassifier/FPGAProject/ml/cracks-and-potholes-in-road-DatasetNinja/ds0/img/919633_RS_290_290RS294095_31617_RAW.jpg,/Users/anirudh/RoadConditionClassifier/FPGAProject/ml/preprocessed/grid_labels/919633_RS_290_290RS294095_31617_RAW.jpg.npy
/Users/anirudh/RoadConditionClassifier/FPGAProject/ml/cracks-and-potholes-in-road-DatasetNinja/ds0/img/919634_RS_290_290RS294095_31621_RAW.jpg,/Users/anirudh/RoadConditionClassifier/FPGAProject/ml/preprocessed/grid_labels/919634_RS_290_290RS294095_31621_RAW.jpg.npy
/Users/anirudh/RoadConditionClassifier/FPGAProject/ml/cracks-and-potholes-in-road-DatasetNinja/ds0/img/919702_RS_290_290RS294095_31960_RAW.jpg,/Users/anirudh/RoadConditionClassifier/FPGAProject/ml/preprocessed/grid_labels/919702_RS_290_290RS294095_31960_RAW.jpg.npy
/Users/anirudh/RoadConditionClassifier/FPGAProject/ml/cracks-and-potholes-in-road-DatasetNinja/ds0/img/919704_RS_290_290RS294095_31970_RAW.jpg,/Users/anirudh/RoadConditionClassifier/FPGAProject/ml/preprocessed/grid_labels/919704_RS_290_290RS294095_31970_RAW.jpg.npy
/Users/anirudh/RoadConditionClassifier/FPGAProject/ml/cracks-and-potholes-in-road-DatasetNinja/ds0/img/919716_RS_290_290RS294095_32030_RAW.jpg,/Users/anirudh/RoadConditionClassifier/FPGAProject/ml/preprocessed/grid_labels/919716_RS_290_290RS294095_32030_RAW.jpg.npy
/Users/anirudh/RoadConditionClassifier/FPGAProject/ml/cracks-and-potholes-in-road-DatasetNinja/ds0/img/919718_RS_290_290RS294095_32040_RAW.jpg,/Users/anirudh/RoadConditionClassifier/FPGAProject/ml/preprocessed/grid_labels/919718_RS_290_290RS294095_32040_RAW.jpg.npy
/Users/anirudh/RoadConditionClassifier/FPGAProject/ml/cracks-and-potholes-in-road-DatasetNinja/ds0/img/919721_RS_290_290RS294095_32055_RAW.jpg,/Users/anirudh/RoadConditionClassifier/FPGAProject/ml/preprocessed/grid_labels/919721_RS_290_290RS294095_32055_RAW.jpg.npy
/Users/anirudh/RoadConditionClassifier/FPGAProject/ml/cracks-and-potholes-in-road-DatasetNinja/ds0/img/919722_RS_290_290RS294095_32060_RAW.jpg,/Users/anirudh/RoadConditionClassifier/FPGAProject/ml/preprocessed/grid_labels/919722_RS_290_290RS294095_32060_RAW.jpg.npy
/Users/anirudh/RoadConditionClassifier/FPGAProject/ml/cracks-and-potholes-in-road-DatasetNinja/ds0/img/919723_RS_290_290RS294095_32066_RAW.jpg,/Users/anirudh/RoadConditionClassifier/FPGAProject/ml/preprocessed/grid_labels/919723_RS_290_290RS294095_32066_RAW.jpg.npy
/Users/anirudh/RoadConditionClassifier/FPGAProject/ml/cracks-and-potholes-in-road-DatasetNinja/ds0/img/919726_RS_290_290RS294095_32080_RAW.jpg,/Users/anirudh/RoadConditionClassifier/FPGAProject/ml/preprocessed/grid_labels/919726_RS_290_290RS294095_32080_RAW.jpg.npy
/Users/anirudh/RoadConditionClassifier/FPGAProject/ml/cracks-and-potholes-in-road-DatasetNinja/ds0/img/919729_RS_290_290RS294095_32095_RAW.jpg,/Users/anirudh/RoadConditionClassifier/FPGAProject/ml/preprocessed/grid_labels/919729_RS_290_290RS294095_32095_RAW.jpg.npy
/Users/anirudh/RoadConditionClassifier/FPGAProject/ml/cracks-and-potholes-in-road-DatasetNinja/ds0/img/919730_RS_290_290RS294095_32100_RAW.jpg,/Users/anirudh/RoadConditionClassifier/FPGAProject/ml/preprocessed/grid_labels/919730_RS_290_290RS294095_32100_RAW.jpg.npy
/Users/anirudh/RoadConditionClassifier/FPGAProject/ml/cracks-and-potholes-in-road-DatasetNinja/ds0/img/919737_RS_290_290RS294095_32135_RAW.jpg,/Users/anirudh/RoadConditionClassifier/FPGAProject/ml/preprocessed/grid_labels/919737_RS_290_290RS294095_32135_RAW.jpg.npy
/Users/anirudh/RoadConditionClassifier/FPGAProject/ml/cracks-and-potholes-in-road-DatasetNinja/ds0/img/919738_RS_290_290RS294095_32140_RAW.jpg,/Users/anirudh/RoadConditionClassifier/FPGAProject/ml/preprocessed/grid_labels/919738_RS_290_290RS294095_32140_RAW.jpg.npy
/Users/anirudh/RoadConditionClassifier/FPGAProject/ml/cracks-and-potholes-in-road-DatasetNinja/ds0/img/919739_RS_290_290RS294095_32145_RAW.jpg,/Users/anirudh/RoadConditionClassifier/FPGAProject/ml/preprocessed/grid_labels/919739_RS_290_290RS294095_32145_RAW.jpg.npy
/Users/anirudh/RoadConditionClassifier/FPGAProject/ml/cracks-and-potholes-in-road-DatasetNinja/ds0/img/919740_RS_290_290RS294095_32150_RAW.jpg,/Users/anirudh/RoadConditionClassifier/FPGAProject/ml/preprocessed/grid_labels/919740_RS_290_290RS294095_32150_RAW.jpg.npy
/Users/anirudh/RoadConditionClassifier/FPGAProject/ml/cracks-and-potholes-in-road-DatasetNinja/ds0/img/919743_RS_290_290RS294095_32165_RAW.jpg,/Users/anirudh/RoadConditionClassifier/FPGAProject/ml/preprocessed/grid_labels/919743_RS_290_290RS294095_32165_RAW.jpg.npy
/Users/anirudh/RoadConditionClassifier/FPGAProject/ml/cracks-and-potholes-in-road-DatasetNinja/ds0/img/919744_RS_290_290RS294095_32170_RAW.jpg,/Users/anirudh/RoadConditionClassifier/FPGAProject/ml/preprocessed/grid_labels/919744_RS_290_290RS294095_32170_RAW.jpg.npy
/Users/anirudh/RoadConditionClassifier/FPGAProject/ml/cracks-and-potholes-in-road-DatasetNinja/ds0/img/919752_RS_290_290RS294095_32210_RAW.jpg,/Users/anirudh/RoadConditionClassifier/FPGAProject/ml/preprocessed/grid_labels/919752_RS_290_290RS294095_32210_RAW.jpg.npy
/Users/anirudh/RoadConditionClassifier/FPGAProject/ml/cracks-and-potholes-in-road-DatasetNinja/ds0/img/919755_RS_290_290RS294095_32225_RAW.jpg,/Users/anirudh/RoadConditionClassifier/FPGAProject/ml/preprocessed/grid_labels/919755_RS_290_290RS294095_32225_RAW.jpg.npy
/Users/anirudh/RoadConditionClassifier/FPGAProject/ml/cracks-and-potholes-in-road-DatasetNinja/ds0/img/919756_RS_290_290RS294095_32230_RAW.jpg,/Users/anirudh/RoadConditionClassifier/FPGAProject/ml/preprocessed/grid_labels/919756_RS_290_290RS294095_32230_RAW.jpg.npy
/Users/anirudh/RoadConditionClassifier/FPGAProject/ml/cracks-and-potholes-in-road-DatasetNinja/ds0/img/919757_RS_290_290RS294095_32235_RAW.jpg,/Users/anirudh/RoadConditionClassifier/FPGAProject/ml/preprocessed/grid_labels/919757_RS_290_290RS294095_32235_RAW.jpg.npy
/Users/anirudh/RoadConditionClassifier/FPGAProject/ml/cracks-and-potholes-in-road-DatasetNinja/ds0/img/919761_RS_290_290RS294095_32255_RAW.jpg,/Users/anirudh/RoadConditionClassifier/FPGAProject/ml/preprocessed/grid_labels/919761_RS_290_290RS294095_32255_RAW.jpg.npy
/Users/anirudh/RoadConditionClassifier/FPGAProject/ml/cracks-and-potholes-in-road-DatasetNinja/ds0/img/919762_RS_290_290RS294095_32260_RAW.jpg,/Users/anirudh/RoadConditionClassifier/FPGAProject/ml/preprocessed/grid_labels/919762_RS_290_290RS294095_32260_RAW.jpg.npy
/Users/anirudh/RoadConditionClassifier/FPGAProject/ml/cracks-and-potholes-in-road-DatasetNinja/ds0/img/919764_RS_290_290RS294095_32270_RAW.jpg,/Users/anirudh/RoadConditionClassifier/FPGAProject/ml/preprocessed/grid_labels/919764_RS_290_290RS294095_32270_RAW.jpg.npy
/Users/anirudh/RoadConditionClassifier/FPGAProject/ml/cracks-and-potholes-in-road-DatasetNinja/ds0/img/919768_RS_290_290RS294095_32290_RAW.jpg,/Users/anirudh/RoadConditionClassifier/FPGAProject/ml/preprocessed/grid_labels/919768_RS_290_290RS294095_32290_RAW.jpg.npy
/Users/anirudh/RoadConditionClassifier/FPGAProject/ml/cracks-and-potholes-in-road-DatasetNinja/ds0/img/919769_RS_290_290RS294095_32295_RAW.jpg,/Users/anirudh/RoadConditionClassifier/FPGAProject/ml/preprocessed/grid_labels/919769_RS_290_290RS294095_32295_RAW.jpg.npy
/Users/anirudh/RoadConditionClassifier/FPGAProject/ml/cracks-and-potholes-in-road-DatasetNinja/ds0/img/919770_RS_290_290RS294095_32300_RAW.jpg,/Users/anirudh/RoadConditionClassifier/FPGAProject/ml/preprocessed/grid_labels/919770_RS_290_290RS294095_32300_RAW.jpg.npy
/Users/anirudh/RoadConditionClassifier/FPGAProject/ml/cracks-and-potholes-in-road-DatasetNinja/ds0/img/919771_RS_290_290RS294095_32305_RAW.jpg,/Users/anirudh/RoadConditionClassifier/FPGAProject/ml/preprocessed/grid_labels/919771_RS_290_290RS294095_32305_RAW.jpg.npy
/Users/anirudh/RoadConditionClassifier/FPGAProject/ml/cracks-and-potholes-in-road-DatasetNinja/ds0/img/919773_RS_290_290RS294095_32315_RAW.jpg,/Users/anirudh/RoadConditionClassifier/FPGAProject/ml/preprocessed/grid_labels/919773_RS_290_290RS294095_32315_RAW.jpg.npy
/Users/anirudh/RoadConditionClassifier/FPGAProject/ml/cracks-and-potholes-in-road-DatasetNinja/ds0/img/919774_RS_290_290RS294095_32320_RAW.jpg,/Users/anirudh/RoadConditionClassifier/FPGAProject/ml/preprocessed/grid_labels/919774_RS_290_290RS294095_32320_RAW.jpg.npy
/Users/anirudh/RoadConditionClassifier/FPGAProject/ml/cracks-and-potholes-in-road-DatasetNinja/ds0/img/919775_RS_290_290RS294095_32325_RAW.jpg,/Users/anirudh/RoadConditionClassifier/FPGAProject/ml/preprocessed/grid_labels/919775_RS_290_290RS294095_32325_RAW.jpg.npy
/Users/anirudh/RoadConditionClassifier/FPGAProject/ml/cracks-and-potholes-in-road-DatasetNinja/ds0/img/919776_RS_290_290RS294095_32330_RAW.jpg,/Users/anirudh/RoadConditionClassifier/FPGAProject/ml/preprocessed/grid_labels/919776_RS_290_290RS294095_32330_RAW.jpg.npy
/Users/anirudh/RoadConditionClassifier/FPGAProject/ml/cracks-and-potholes-in-road-DatasetNinja/ds0/img/919777_RS_290_290RS294095_32335_RAW.jpg,/Users/anirudh/RoadConditionClassifier/FPGAProject/ml/preprocessed/grid_labels/919777_RS_290_290RS294095_32335_RAW.jpg.npy
/Users/anirudh/RoadConditionClassifier/FPGAProject/ml/cracks-and-potholes-in-road-DatasetNinja/ds0/img/919778_RS_290_290RS294095_32340_RAW.jpg,/Users/anirudh/RoadConditionClassifier/FPGAProject/ml/preprocessed/grid_labels/919778_RS_290_290RS294095_32340_RAW.jpg.npy
/Users/anirudh/RoadConditionClassifier/FPGAProject/ml/cracks-and-potholes-in-road-DatasetNinja/ds0/img/919779_RS_290_290RS294095_32345_RAW.jpg,/Users/anirudh/RoadConditionClassifier/FPGAProject/ml/preprocessed/grid_labels/919779_RS_290_290RS294095_32345_RAW.jpg.npy
/Users/anirudh/RoadConditionClassifier/FPGAProject/ml/cracks-and-potholes-in-road-DatasetNinja/ds0/img/919788_RS_290_290RS294095_32390_RAW.jpg,/Users/anirudh/RoadConditionClassifier/FPGAProject/ml/preprocessed/grid_labels/919788_RS_290_290RS294095_32390_RAW.jpg.npy
/Users/anirudh/RoadConditionClassifier/FPGAProject/ml/cracks-and-potholes-in-road-DatasetNinja/ds0/img/919789_RS_290_290RS294095_32395_RAW.jpg,/Users/anirudh/RoadConditionClassifier/FPGAProject/ml/preprocessed/grid_labels/919789_RS_290_290RS294095_32395_RAW.jpg.npy
/Users/anirudh/RoadConditionClassifier/FPGAProject/ml/cracks-and-potholes-in-road-DatasetNinja/ds0/img/919790_RS_290_290RS294095_32400_RAW.jpg,/Users/anirudh/RoadConditionClassifier/FPGAProject/ml/preprocessed/grid_labels/919790_RS_290_290RS294095_32400_RAW.jpg.npy
/Users/anirudh/RoadConditionClassifier/FPGAProject/ml/cracks-and-potholes-in-road-DatasetNinja/ds0/img/919791_RS_290_290RS294095_32405_RAW.jpg,/Users/anirudh/RoadConditionClassifier/FPGAProject/ml/preprocessed/grid_labels/919791_RS_290_290RS294095_32405_RAW.jpg.npy
/Users/anirudh/RoadConditionClassifier/FPGAProject/ml/cracks-and-potholes-in-road-DatasetNinja/ds0/img/919794_RS_290_290RS294095_32420_RAW.jpg,/Users/anirudh/RoadConditionClassifier/FPGAProject/ml/preprocessed/grid_labels/919794_RS_290_290RS294095_32420_RAW.jpg.npy
/Users/anirudh/RoadConditionClassifier/FPGAProject/ml/cracks-and-potholes-in-road-DatasetNinja/ds0/img/919804_RS_290_290RS294095_32470_RAW.jpg,/Users/anirudh/RoadConditionClassifier/FPGAProject/ml/preprocessed/grid_labels/919804_RS_290_290RS294095_32470_RAW.jpg.npy
/Users/anirudh/RoadConditionClassifier/FPGAProject/ml/cracks-and-potholes-in-road-DatasetNinja/ds0/img/919806_RS_290_290RS294095_32481_RAW.jpg,/Users/anirudh/RoadConditionClassifier/FPGAProject/ml/preprocessed/grid_labels/919806_RS_290_290RS294095_32481_RAW.jpg.npy
/Users/anirudh/RoadConditionClassifier/FPGAProject/ml/cracks-and-potholes-in-road-DatasetNinja/ds0/img/919807_RS_290_290RS294095_32486_RAW.jpg,/Users/anirudh/RoadConditionClassifier/FPGAProject/ml/preprocessed/grid_labels/919807_RS_290_290RS294095_32486_RAW.jpg.npy
/Users/anirudh/RoadConditionClassifier/FPGAProject/ml/cracks-and-potholes-in-road-DatasetNinja/ds0/img/919808_RS_290_290RS294095_32490_RAW.jpg,/Users/anirudh/RoadConditionClassifier/FPGAProject/ml/preprocessed/grid_labels/919808_RS_290_290RS294095_32490_RAW.jpg.npy
/Users/anirudh/RoadConditionClassifier/FPGAProject/ml/cracks-and-potholes-in-road-DatasetNinja/ds0/img/919809_RS_290_290RS294095_32495_RAW.jpg,/Users/anirudh/RoadConditionClassifier/FPGAProject/ml/preprocessed/grid_labels/919809_RS_290_290RS294095_32495_RAW.jpg.npy
/Users/anirudh/RoadConditionClassifier/FPGAProject/ml/cracks-and-potholes-in-road-DatasetNinja/ds0/img/919823_RS_290_290RS294095_32565_RAW.jpg,/Users/anirudh/RoadConditionClassifier/FPGAProject/ml/preprocessed/grid_labels/919823_RS_290_290RS294095_32565_RAW.jpg.npy
/Users/anirudh/RoadConditionClassifier/FPGAProject/ml/cracks-and-potholes-in-road-DatasetNinja/ds0/img/941500_RS_290_290RS070691_00406_RAW.jpg,/Users/anirudh/RoadConditionClassifier/FPGAProject/ml/preprocessed/grid_labels/941500_RS_290_290RS070691_00406_RAW.jpg.npy
/Users/anirudh/RoadConditionClassifier/FPGAProject/ml/cracks-and-potholes-in-road-DatasetNinja/ds0/img/941501_RS_290_290RS070691_00410_RAW.jpg,/Users/anirudh/RoadConditionClassifier/FPGAProject/ml/preprocessed/grid_labels/941501_RS_290_290RS070691_00410_RAW.jpg.npy
/Users/anirudh/RoadConditionClassifier/FPGAProject/ml/cracks-and-potholes-in-road-DatasetNinja/ds0/img/941502_RS_290_290RS070691_00416_RAW.jpg,/Users/anirudh/RoadConditionClassifier/FPGAProject/ml/preprocessed/grid_labels/941502_RS_290_290RS070691_00416_RAW.jpg.npy
/Users/anirudh/RoadConditionClassifier/FPGAProject/ml/cracks-and-potholes-in-road-DatasetNinja/ds0/img/941505_RS_290_290RS070691_00430_RAW.jpg,/Users/anirudh/RoadConditionClassifier/FPGAProject/ml/preprocessed/grid_labels/941505_RS_290_290RS070691_00430_RAW.jpg.npy
/Users/anirudh/RoadConditionClassifier/FPGAProject/ml/cracks-and-potholes-in-road-DatasetNinja/ds0/img/941506_RS_290_290RS070691_00435_RAW.jpg,/Users/anirudh/RoadConditionClassifier/FPGAProject/ml/preprocessed/grid_labels/941506_RS_290_290RS070691_00435_RAW.jpg.npy
/Users/anirudh/RoadConditionClassifier/FPGAProject/ml/cracks-and-potholes-in-road-DatasetNinja/ds0/img/941507_RS_290_290RS070691_00440_RAW.jpg,/Users/anirudh/RoadConditionClassifier/FPGAProject/ml/preprocessed/grid_labels/941507_RS_290_290RS070691_00440_RAW.jpg.npy
/Users/anirudh/RoadConditionClassifier/FPGAProject/ml/cracks-and-potholes-in-road-DatasetNinja/ds0/img/941508_RS_290_290RS070691_00445_RAW.jpg,/Users/anirudh/RoadConditionClassifier/FPGAProject/ml/preprocessed/grid_labels/941508_RS_290_290RS070691_00445_RAW.jpg.npy
/Users/anirudh/RoadConditionClassifier/FPGAProject/ml/cracks-and-potholes-in-road-DatasetNinja/ds0/img/941509_RS_290_290RS070691_00450_RAW.jpg,/Users/anirudh/RoadConditionClassifier/FPGAProject/ml/preprocessed/grid_labels/941509_RS_290_290RS070691_00450_RAW.jpg.npy
/Users/anirudh/RoadConditionClassifier/FPGAProject/ml/cracks-and-potholes-in-road-DatasetNinja/ds0/img/941510_RS_290_290RS070691_00455_RAW.jpg,/Users/anirudh/RoadConditionClassifier/FPGAProject/ml/preprocessed/grid_labels/941510_RS_290_290RS070691_00455_RAW.jpg.npy
/Users/anirudh/RoadConditionClassifier/FPGAProject/ml/cracks-and-potholes-in-road-DatasetNinja/ds0/img/941511_RS_290_290RS070691_00461_RAW.jpg,/Users/anirudh/RoadConditionClassifier/FPGAProject/ml/preprocessed/grid_labels/941511_RS_290_290RS070691_00461_RAW.jpg.npy
/Users/anirudh/RoadConditionClassifier/FPGAProject/ml/cracks-and-potholes-in-road-DatasetNinja/ds0/img/941512_RS_290_290RS070691_00465_RAW.jpg,/Users/anirudh/RoadConditionClassifier/FPGAProject/ml/preprocessed/grid_labels/941512_RS_290_290RS070691_00465_RAW.jpg.npy
/Users/anirudh/RoadConditionClassifier/FPGAProject/ml/cracks-and-potholes-in-road-DatasetNinja/ds0/img/941555_RS_290_290RS070691_00680_RAW.jpg,/Users/anirudh/RoadConditionClassifier/FPGAProject/ml/preprocessed/grid_labels/941555_RS_290_290RS070691_00680_RAW.jpg.npy
/Users/anirudh/RoadConditionClassifier/FPGAProject/ml/cracks-and-potholes-in-road-DatasetNinja/ds0/img/941556_RS_290_290RS070691_00687_RAW.jpg,/Users/anirudh/RoadConditionClassifier/FPGAProject/ml/preprocessed/grid_labels/941556_RS_290_290RS070691_00687_RAW.jpg.npy
/Users/anirudh/RoadConditionClassifier/FPGAProject/ml/cracks-and-potholes-in-road-DatasetNinja/ds0/img/941557_RS_290_290RS070691_00690_RAW.jpg,/Users/anirudh/RoadConditionClassifier/FPGAProject/ml/preprocessed/grid_labels/941557_RS_290_290RS070691_00690_RAW.jpg.npy
/Users/anirudh/RoadConditionClassifier/FPGAProject/ml/cracks-and-potholes-in-road-DatasetNinja/ds0/img/941558_RS_290_290RS070691_00695_RAW.jpg,/Users/anirudh/RoadConditionClassifier/FPGAProject/ml/preprocessed/grid_labels/941558_RS_290_290RS070691_00695_RAW.jpg.npy
/Users/anirudh/RoadConditionClassifier/FPGAProject/ml/cracks-and-potholes-in-road-DatasetNinja/ds0/img/941559_RS_290_290RS070691_00700_RAW.jpg,/Users/anirudh/RoadConditionClassifier/FPGAProject/ml/preprocessed/grid_labels/941559_RS_290_290RS070691_00700_RAW.jpg.npy
/Users/anirudh/RoadConditionClassifier/FPGAProject/ml/cracks-and-potholes-in-road-DatasetNinja/ds0/img/941570_RS_290_290RS070691_00755_RAW.jpg,/Users/anirudh/RoadConditionClassifier/FPGAProject/ml/preprocessed/grid_labels/941570_RS_290_290RS070691_00755_RAW.jpg.npy
/Users/anirudh/RoadConditionClassifier/FPGAProject/ml/cracks-and-potholes-in-road-DatasetNinja/ds0/img/941571_RS_290_290RS070691_00760_RAW.jpg,/Users/anirudh/RoadConditionClassifier/FPGAProject/ml/preprocessed/grid_labels/941571_RS_290_290RS070691_00760_RAW.jpg.npy
/Users/anirudh/RoadConditionClassifier/FPGAProject/ml/cracks-and-potholes-in-road-DatasetNinja/ds0/img/941572_RS_290_290RS070691_00765_RAW.jpg,/Users/anirudh/RoadConditionClassifier/FPGAProject/ml/preprocessed/grid_labels/941572_RS_290_290RS070691_00765_RAW.jpg.npy
/Users/anirudh/RoadConditionClassifier/FPGAProject/ml/cracks-and-potholes-in-road-DatasetNinja/ds0/img/941573_RS_290_290RS070691_00770_RAW.jpg,/Users/anirudh/RoadConditionClassifier/FPGAProject/ml/preprocessed/grid_labels/941573_RS_290_290RS070691_00770_RAW.jpg.npy
/Users/anirudh/RoadConditionClassifier/FPGAProject/ml/cracks-and-potholes-in-road-DatasetNinja/ds0/img/941579_RS_290_290RS070691_00800_RAW.jpg,/Users/anirudh/RoadConditionClassifier/FPGAProject/ml/preprocessed/grid_labels/941579_RS_290_290RS070691_00800_RAW.jpg.npy
/Users/anirudh/RoadConditionClassifier/FPGAProject/ml/cracks-and-potholes-in-road-DatasetNinja/ds0/img/941580_RS_290_290RS070691_00805_RAW.jpg,/Users/anirudh/RoadConditionClassifier/FPGAProject/ml/preprocessed/grid_labels/941580_RS_290_290RS070691_00805_RAW.jpg.npy
/Users/anirudh/RoadConditionClassifier/FPGAProject/ml/cracks-and-potholes-in-road-DatasetNinja/ds0/img/941594_RS_290_290RS070691_00875_RAW.jpg,/Users/anirudh/RoadConditionClassifier/FPGAProject/ml/preprocessed/grid_labels/941594_RS_290_290RS070691_00875_RAW.jpg.npy
/Users/anirudh/RoadConditionClassifier/FPGAProject/ml/cracks-and-potholes-in-road-DatasetNinja/ds0/img/941595_RS_290_290RS070691_00880_RAW.jpg,/Users/anirudh/RoadConditionClassifier/FPGAProject/ml/preprocessed/grid_labels/941595_RS_290_290RS070691_00880_RAW.jpg.npy
/Users/anirudh/RoadConditionClassifier/FPGAProject/ml/cracks-and-potholes-in-road-DatasetNinja/ds0/img/941598_RS_290_290RS070691_00895_RAW.jpg,/Users/anirudh/RoadConditionClassifier/FPGAProject/ml/preprocessed/grid_labels/941598_RS_290_290RS070691_00895_RAW.jpg.npy
/Users/anirudh/RoadConditionClassifier/FPGAProject/ml/cracks-and-potholes-in-road-DatasetNinja/ds0/img/941599_RS_290_290RS070691_00900_RAW.jpg,/Users/anirudh/RoadConditionClassifier/FPGAProject/ml/preprocessed/grid_labels/941599_RS_290_290RS070691_00900_RAW.jpg.npy
/Users/anirudh/RoadConditionClassifier/FPGAProject/ml/cracks-and-potholes-in-road-DatasetNinja/ds0/img/941602_RS_290_290RS070691_00915_RAW.jpg,/Users/anirudh/RoadConditionClassifier/FPGAProject/ml/preprocessed/grid_labels/941602_RS_290_290RS070691_00915_RAW.jpg.npy
/Users/anirudh/RoadConditionClassifier/FPGAProject/ml/cracks-and-potholes-in-road-DatasetNinja/ds0/img/941603_RS_290_290RS070691_00921_RAW.jpg,/Users/anirudh/RoadConditionClassifier/FPGAProject/ml/preprocessed/grid_labels/941603_RS_290_290RS070691_00921_RAW.jpg.npy
/Users/anirudh/RoadConditionClassifier/FPGAProject/ml/cracks-and-potholes-in-road-DatasetNinja/ds0/img/941604_RS_290_290RS070691_00925_RAW.jpg,/Users/anirudh/RoadConditionClassifier/FPGAProject/ml/preprocessed/grid_labels/941604_RS_290_290RS070691_00925_RAW.jpg.npy
/Users/anirudh/RoadConditionClassifier/FPGAProject/ml/cracks-and-potholes-in-road-DatasetNinja/ds0/img/941605_RS_290_290RS070691_00931_RAW.jpg,/Users/anirudh/RoadConditionClassifier/FPGAProject/ml/preprocessed/grid_labels/941605_RS_290_290RS070691_00931_RAW.jpg.npy
/Users/anirudh/RoadConditionClassifier/FPGAProject/ml/cracks-and-potholes-in-road-DatasetNinja/ds0/img/941606_RS_290_290RS070691_00935_RAW.jpg,/Users/anirudh/RoadConditionClassifier/FPGAProject/ml/preprocessed/grid_labels/941606_RS_290_290RS070691_00935_RAW.jpg.npy
/Users/anirudh/RoadConditionClassifier/FPGAProject/ml/cracks-and-potholes-in-road-DatasetNinja/ds0/img/941607_RS_290_290RS070691_00940_RAW.jpg,/Users/anirudh/RoadConditionClassifier/FPGAProject/ml/preprocessed/grid_labels/941607_RS_290_290RS070691_00940_RAW.jpg.npy
/Users/anirudh/RoadConditionClassifier/FPGAProject/ml/cracks-and-potholes-in-road-DatasetNinja/ds0/img/941608_RS_290_290RS070691_00945_RAW.jpg,/Users/anirudh/RoadConditionClassifier/FPGAProject/ml/preprocessed/grid_labels/941608_RS_290_290RS070691_00945_RAW.jpg.npy
/Users/anirudh/RoadConditionClassifier/FPGAProject/ml/cracks-and-potholes-in-road-DatasetNinja/ds0/img/941610_RS_290_290RS070691_00955_RAW.jpg,/Users/anirudh/RoadConditionClassifier/FPGAProject/ml/preprocessed/grid_labels/941610_RS_290_290RS070691_00955_RAW.jpg.npy
/Users/anirudh/RoadConditionClassifier/FPGAProject/ml/cracks-and-potholes-in-road-DatasetNinja/ds0/img/941611_RS_290_290RS070691_00960_RAW.jpg,/Users/anirudh/RoadConditionClassifier/FPGAProject/ml/preprocessed/grid_labels/941611_RS_290_290RS070691_00960_RAW.jpg.npy
/Users/anirudh/RoadConditionClassifier/FPGAProject/ml/cracks-and-potholes-in-road-DatasetNinja/ds0/img/941613_RS_290_290RS070691_00970_RAW.jpg,/Users/anirudh/RoadConditionClassifier/FPGAProject/ml/preprocessed/grid_labels/941613_RS_290_290RS070691_00970_RAW.jpg.npy
/Users/anirudh/RoadConditionClassifier/FPGAProject/ml/cracks-and-potholes-in-road-DatasetNinja/ds0/img/941632_RS_290_290RS070691_01065_RAW.jpg,/Users/anirudh/RoadConditionClassifier/FPGAProject/ml/preprocessed/grid_labels/941632_RS_290_290RS070691_01065_RAW.jpg.npy
/Users/anirudh/RoadConditionClassifier/FPGAProject/ml/cracks-and-potholes-in-road-DatasetNinja/ds0/img/941633_RS_290_290RS070691_01071_RAW.jpg,/Users/anirudh/RoadConditionClassifier/FPGAProject/ml/preprocessed/grid_labels/941633_RS_290_290RS070691_01071_RAW.jpg.npy
/Users/anirudh/RoadConditionClassifier/FPGAProject/ml/cracks-and-potholes-in-road-DatasetNinja/ds0/img/941636_RS_290_290RS070691_01085_RAW.jpg,/Users/anirudh/RoadConditionClassifier/FPGAProject/ml/preprocessed/grid_labels/941636_RS_290_290RS070691_01085_RAW.jpg.npy
/Users/anirudh/RoadConditionClassifier/FPGAProject/ml/cracks-and-potholes-in-road-DatasetNinja/ds0/img/941637_RS_290_290RS070691_01090_RAW.jpg,/Users/anirudh/RoadConditionClassifier/FPGAProject/ml/preprocessed/grid_labels/941637_RS_290_290RS070691_01090_RAW.jpg.npy
/Users/anirudh/RoadConditionClassifier/FPGAProject/ml/cracks-and-potholes-in-road-DatasetNinja/ds0/img/941638_RS_290_290RS070691_01095_RAW.jpg,/Users/anirudh/RoadConditionClassifier/FPGAProject/ml/preprocessed/grid_labels/941638_RS_290_290RS070691_01095_RAW.jpg.npy
/Users/anirudh/RoadConditionClassifier/FPGAProject/ml/cracks-and-potholes-in-road-DatasetNinja/ds0/img/941639_RS_290_290RS070691_01100_RAW.jpg,/Users/anirudh/RoadConditionClassifier/FPGAProject/ml/preprocessed/grid_labels/941639_RS_290_290RS070691_01100_RAW.jpg.npy
/Users/anirudh/RoadConditionClassifier/FPGAProject/ml/cracks-and-potholes-in-road-DatasetNinja/ds0/img/941640_RS_290_290RS070691_01105_RAW.jpg,/Users/anirudh/RoadConditionClassifier/FPGAProject/ml/preprocessed/grid_labels/941640_RS_290_290RS070691_01105_RAW.jpg.npy
/Users/anirudh/RoadConditionClassifier/FPGAProject/ml/cracks-and-potholes-in-road-DatasetNinja/ds0/img/941641_RS_290_290RS070691_01111_RAW.jpg,/Users/anirudh/RoadConditionClassifier/FPGAProject/ml/preprocessed/grid_labels/941641_RS_290_290RS070691_01111_RAW.jpg.npy
/Users/anirudh/RoadConditionClassifier/FPGAProject/ml/cracks-and-potholes-in-road-DatasetNinja/ds0/img/941646_RS_290_290RS070691_01135_RAW.jpg,/Users/anirudh/RoadConditionClassifier/FPGAProject/ml/preprocessed/grid_labels/941646_RS_290_290RS070691_01135_RAW.jpg.npy
/Users/anirudh/RoadConditionClassifier/FPGAProject/ml/cracks-and-potholes-in-road-DatasetNinja/ds0/img/941647_RS_290_290RS070691_01140_RAW.jpg,/Users/anirudh/RoadConditionClassifier/FPGAProject/ml/preprocessed/grid_labels/941647_RS_290_290RS070691_01140_RAW.jpg.npy
/Users/anirudh/RoadConditionClassifier/FPGAProject/ml/cracks-and-potholes-in-road-DatasetNinja/ds0/img/941715_RS_290_290RS070691_01480_RAW.jpg,/Users/anirudh/RoadConditionClassifier/FPGAProject/ml/preprocessed/grid_labels/941715_RS_290_290RS070691_01480_RAW.jpg.npy
/Users/anirudh/RoadConditionClassifier/FPGAProject/ml/cracks-and-potholes-in-road-DatasetNinja/ds0/img/941716_RS_290_290RS070691_01485_RAW.jpg,/Users/anirudh/RoadConditionClassifier/FPGAProject/ml/preprocessed/grid_labels/941716_RS_290_290RS070691_01485_RAW.jpg.npy
/Users/anirudh/RoadConditionClassifier/FPGAProject/ml/cracks-and-potholes-in-road-DatasetNinja/ds0/img/941801_RS_290_290RS070691_01911_RAW.jpg,/Users/anirudh/RoadConditionClassifier/FPGAProject/ml/preprocessed/grid_labels/941801_RS_290_290RS070691_01911_RAW.jpg.npy
/Users/anirudh/RoadConditionClassifier/FPGAProject/ml/cracks-and-potholes-in-road-DatasetNinja/ds0/img/941802_RS_290_290RS070691_01915_RAW.jpg,/Users/anirudh/RoadConditionClassifier/FPGAProject/ml/preprocessed/grid_labels/941802_RS_290_290RS070691_01915_RAW.jpg.npy
/Users/anirudh/RoadConditionClassifier/FPGAProject/ml/cracks-and-potholes-in-road-DatasetNinja/ds0/img/941803_RS_290_290RS070691_01920_RAW.jpg,/Users/anirudh/RoadConditionClassifier/FPGAProject/ml/preprocessed/grid_labels/941803_RS_290_290RS070691_01920_RAW.jpg.npy
/Users/anirudh/RoadConditionClassifier/FPGAProject/ml/cracks-and-potholes-in-road-DatasetNinja/ds0/img/941882_RS_290_290RS070691_02315_RAW.jpg,/Users/anirudh/RoadConditionClassifier/FPGAProject/ml/preprocessed/grid_labels/941882_RS_290_290RS070691_02315_RAW.jpg.npy
/Users/anirudh/RoadConditionClassifier/FPGAProject/ml/cracks-and-potholes-in-road-DatasetNinja/ds0/img/941883_RS_290_290RS070691_02320_RAW.jpg,/Users/anirudh/RoadConditionClassifier/FPGAProject/ml/preprocessed/grid_labels/941883_RS_290_290RS070691_02320_RAW.jpg.npy
/Users/anirudh/RoadConditionClassifier/FPGAProject/ml/cracks-and-potholes-in-road-DatasetNinja/ds0/img/941884_RS_290_290RS070691_02325_RAW.jpg,/Users/anirudh/RoadConditionClassifier/FPGAProject/ml/preprocessed/grid_labels/941884_RS_290_290RS070691_02325_RAW.jpg.npy
/Users/anirudh/RoadConditionClassifier/FPGAProject/ml/cracks-and-potholes-in-road-DatasetNinja/ds0/img/941886_RS_290_290RS070691_02335_RAW.jpg,/Users/anirudh/RoadConditionClassifier/FPGAProject/ml/preprocessed/grid_labels/941886_RS_290_290RS070691_02335_RAW.jpg.npy
/Users/anirudh/RoadConditionClassifier/FPGAProject/ml/cracks-and-potholes-in-road-DatasetNinja/ds0/img/941887_RS_290_290RS070691_02341_RAW.jpg,/Users/anirudh/RoadConditionClassifier/FPGAProject/ml/preprocessed/grid_labels/941887_RS_290_290RS070691_02341_RAW.jpg.npy
/Users/anirudh/RoadConditionClassifier/FPGAProject/ml/cracks-and-potholes-in-road-DatasetNinja/ds0/img/941895_RS_290_290RS070691_02380_RAW.jpg,/Users/anirudh/RoadConditionClassifier/FPGAProject/ml/preprocessed/grid_labels/941895_RS_290_290RS070691_02380_RAW.jpg.npy
/Users/anirudh/RoadConditionClassifier/FPGAProject/ml/cracks-and-potholes-in-road-DatasetNinja/ds0/img/941897_RS_290_290RS070691_02390_RAW.jpg,/Users/anirudh/RoadConditionClassifier/FPGAProject/ml/preprocessed/grid_labels/941897_RS_290_290RS070691_02390_RAW.jpg.npy
/Users/anirudh/RoadConditionClassifier/FPGAProject/ml/cracks-and-potholes-in-road-DatasetNinja/ds0/img/941899_RS_290_290RS070691_02401_RAW.jpg,/Users/anirudh/RoadConditionClassifier/FPGAProject/ml/preprocessed/grid_labels/941899_RS_290_290RS070691_02401_RAW.jpg.npy
/Users/anirudh/RoadConditionClassifier/FPGAProject/ml/cracks-and-potholes-in-road-DatasetNinja/ds0/img/941900_RS_290_290RS070691_02405_RAW.jpg,/Users/anirudh/RoadConditionClassifier/FPGAProject/ml/preprocessed/grid_labels/941900_RS_290_290RS070691_02405_RAW.jpg.npy
/Users/anirudh/RoadConditionClassifier/FPGAProject/ml/cracks-and-potholes-in-road-DatasetNinja/ds0/img/941901_RS_290_290RS070691_02410_RAW.jpg,/Users/anirudh/RoadConditionClassifier/FPGAProject/ml/preprocessed/grid_labels/941901_RS_290_290RS070691_02410_RAW.jpg.npy
/Users/anirudh/RoadConditionClassifier/FPGAProject/ml/cracks-and-potholes-in-road-DatasetNinja/ds0/img/941906_RS_290_290RS070691_02436_RAW.jpg,/Users/anirudh/RoadConditionClassifier/FPGAProject/ml/preprocessed/grid_labels/941906_RS_290_290RS070691_02436_RAW.jpg.npy
/Users/anirudh/RoadConditionClassifier/FPGAProject/ml/cracks-and-potholes-in-road-DatasetNinja/ds0/img/941907_RS_290_290RS070691_02440_RAW.jpg,/Users/anirudh/RoadConditionClassifier/FPGAProject/ml/preprocessed/grid_labels/941907_RS_290_290RS070691_02440_RAW.jpg.npy
/Users/anirudh/RoadConditionClassifier/FPGAProject/ml/cracks-and-potholes-in-road-DatasetNinja/ds0/img/941908_RS_290_290RS070691_02446_RAW.jpg,/Users/anirudh/RoadConditionClassifier/FPGAProject/ml/preprocessed/grid_labels/941908_RS_290_290RS070691_02446_RAW.jpg.npy
/Users/anirudh/RoadConditionClassifier/FPGAProject/ml/cracks-and-potholes-in-road-DatasetNinja/ds0/img/941909_RS_290_290RS070691_02451_RAW.jpg,/Users/anirudh/RoadConditionClassifier/FPGAProject/ml/preprocessed/grid_labels/941909_RS_290_290RS070691_02451_RAW.jpg.npy
/Users/anirudh/RoadConditionClassifier/FPGAProject/ml/cracks-and-potholes-in-road-DatasetNinja/ds0/img/941910_RS_290_290RS070691_02455_RAW.jpg,/Users/anirudh/RoadConditionClassifier/FPGAProject/ml/preprocessed/grid_labels/941910_RS_290_290RS070691_02455_RAW.jpg.npy
/Users/anirudh/RoadConditionClassifier/FPGAProject/ml/cracks-and-potholes-in-road-DatasetNinja/ds0/img/941911_RS_290_290RS070691_02460_RAW.jpg,/Users/anirudh/RoadConditionClassifier/FPGAProject/ml/preprocessed/grid_labels/941911_RS_290_290RS070691_02460_RAW.jpg.npy
/Users/anirudh/RoadConditionClassifier/FPGAProject/ml/cracks-and-potholes-in-road-DatasetNinja/ds0/img/941912_RS_290_290RS070691_02465_RAW.jpg,/Users/anirudh/RoadConditionClassifier/FPGAProject/ml/preprocessed/grid_labels/941912_RS_290_290RS070691_02465_RAW.jpg.npy
/Users/anirudh/RoadConditionClassifier/FPGAProject/ml/cracks-and-potholes-in-road-DatasetNinja/ds0/img/941927_RS_290_290RS070691_02540_RAW.jpg,/Users/anirudh/RoadConditionClassifier/FPGAProject/ml/preprocessed/grid_labels/941927_RS_290_290RS070691_02540_RAW.jpg.npy
/Users/anirudh/RoadConditionClassifier/FPGAProject/ml/cracks-and-potholes-in-road-DatasetNinja/ds0/img/941928_RS_290_290RS070691_02546_RAW.jpg,/Users/anirudh/RoadConditionClassifier/FPGAProject/ml/preprocessed/grid_labels/941928_RS_290_290RS070691_02546_RAW.jpg.npy
/Users/anirudh/RoadConditionClassifier/FPGAProject/ml/cracks-and-potholes-in-road-DatasetNinja/ds0/img/941929_RS_290_290RS070691_02551_RAW.jpg,/Users/anirudh/RoadConditionClassifier/FPGAProject/ml/preprocessed/grid_labels/941929_RS_290_290RS070691_02551_RAW.jpg.npy
/Users/anirudh/RoadConditionClassifier/FPGAProject/ml/cracks-and-potholes-in-road-DatasetNinja/ds0/img/941938_RS_290_290RS070691_02595_RAW.jpg,/Users/anirudh/RoadConditionClassifier/FPGAProject/ml/preprocessed/grid_labels/941938_RS_290_290RS070691_02595_RAW.jpg.npy
/Users/anirudh/RoadConditionClassifier/FPGAProject/ml/cracks-and-potholes-in-road-DatasetNinja/ds0/img/941948_RS_290_290RS070691_02645_RAW.jpg,/Users/anirudh/RoadConditionClassifier/FPGAProject/ml/preprocessed/grid_labels/941948_RS_290_290RS070691_02645_RAW.jpg.npy
/Users/anirudh/RoadConditionClassifier/FPGAProject/ml/cracks-and-potholes-in-road-DatasetNinja/ds0/img/941950_RS_290_290RS070691_02655_RAW.jpg,/Users/anirudh/RoadConditionClassifier/FPGAProject/ml/preprocessed/grid_labels/941950_RS_290_290RS070691_02655_RAW.jpg.npy
/Users/anirudh/RoadConditionClassifier/FPGAProject/ml/cracks-and-potholes-in-road-DatasetNinja/ds0/img/941971_RS_290_290RS070691_02760_RAW.jpg,/Users/anirudh/RoadConditionClassifier/FPGAProject/ml/preprocessed/grid_labels/941971_RS_290_290RS070691_02760_RAW.jpg.npy
/Users/anirudh/RoadConditionClassifier/FPGAProject/ml/cracks-and-potholes-in-road-DatasetNinja/ds0/img/941972_RS_290_290RS070691_02765_RAW.jpg,/Users/anirudh/RoadConditionClassifier/FPGAProject/ml/preprocessed/grid_labels/941972_RS_290_290RS070691_02765_RAW.jpg.npy
/Users/anirudh/RoadConditionClassifier/FPGAProject/ml/cracks-and-potholes-in-road-DatasetNinja/ds0/img/941978_RS_290_290RS070691_02795_RAW.jpg,/Users/anirudh/RoadConditionClassifier/FPGAProject/ml/preprocessed/grid_labels/941978_RS_290_290RS070691_02795_RAW.jpg.npy
/Users/anirudh/RoadConditionClassifier/FPGAProject/ml/cracks-and-potholes-in-road-DatasetNinja/ds0/img/941979_RS_290_290RS070691_02800_RAW.jpg,/Users/anirudh/RoadConditionClassifier/FPGAProject/ml/preprocessed/grid_labels/941979_RS_290_290RS070691_02800_RAW.jpg.npy
/Users/anirudh/RoadConditionClassifier/FPGAProject/ml/cracks-and-potholes-in-road-DatasetNinja/ds0/img/942026_RS_290_290RS070691_03035_RAW.jpg,/Users/anirudh/RoadConditionClassifier/FPGAProject/ml/preprocessed/grid_labels/942026_RS_290_290RS070691_03035_RAW.jpg.npy
/Users/anirudh/RoadConditionClassifier/FPGAProject/ml/cracks-and-potholes-in-road-DatasetNinja/ds0/img/942027_RS_290_290RS070691_03040_RAW.jpg,/Users/anirudh/RoadConditionClassifier/FPGAProject/ml/preprocessed/grid_labels/942027_RS_290_290RS070691_03040_RAW.jpg.npy
/Users/anirudh/RoadConditionClassifier/FPGAProject/ml/cracks-and-potholes-in-road-DatasetNinja/ds0/img/942028_RS_290_290RS070691_03045_RAW.jpg,/Users/anirudh/RoadConditionClassifier/FPGAProject/ml/preprocessed/grid_labels/942028_RS_290_290RS070691_03045_RAW.jpg.npy
/Users/anirudh/RoadConditionClassifier/FPGAProject/ml/cracks-and-potholes-in-road-DatasetNinja/ds0/img/992772_RS_386_386RS191729_00625_RAW.jpg,/Users/anirudh/RoadConditionClassifier/FPGAProject/ml/preprocessed/grid_labels/992772_RS_386_386RS191729_00625_RAW.jpg.npy
/Users/anirudh/RoadConditionClassifier/FPGAProject/ml/cracks-and-potholes-in-road-DatasetNinja/ds0/img/992835_RS_386_386RS191729_00940_RAW.jpg,/Users/anirudh/RoadConditionClassifier/FPGAProject/ml/preprocessed/grid_labels/992835_RS_386_386RS191729_00940_RAW.jpg.npy
/Users/anirudh/RoadConditionClassifier/FPGAProject/ml/cracks-and-potholes-in-road-DatasetNinja/ds0/img/992836_RS_386_386RS191729_00945_RAW.jpg,/Users/anirudh/RoadConditionClassifier/FPGAProject/ml/preprocessed/grid_labels/992836_RS_386_386RS191729_00945_RAW.jpg.npy
/Users/anirudh/RoadConditionClassifier/FPGAProject/ml/cracks-and-potholes-in-road-DatasetNinja/ds0/img/992850_RS_386_386RS191729_01015_RAW.jpg,/Users/anirudh/RoadConditionClassifier/FPGAProject/ml/preprocessed/grid_labels/992850_RS_386_386RS191729_01015_RAW.jpg.npy
/Users/anirudh/RoadConditionClassifier/FPGAProject/ml/cracks-and-potholes-in-road-DatasetNinja/ds0/img/992851_RS_386_386RS191729_01020_RAW.jpg,/Users/anirudh/RoadConditionClassifier/FPGAProject/ml/preprocessed/grid_labels/992851_RS_386_386RS191729_01020_RAW.jpg.npy
/Users/anirudh/RoadConditionClassifier/FPGAProject/ml/cracks-and-potholes-in-road-DatasetNinja/ds0/img/992865_RS_386_386RS191729_01090_RAW.jpg,/Users/anirudh/RoadConditionClassifier/FPGAProject/ml/preprocessed/grid_labels/992865_RS_386_386RS191729_01090_RAW.jpg.npy
/Users/anirudh/RoadConditionClassifier/FPGAProject/ml/cracks-and-potholes-in-road-DatasetNinja/ds0/img/992866_RS_386_386RS191729_01095_RAW.jpg,/Users/anirudh/RoadConditionClassifier/FPGAProject/ml/preprocessed/grid_labels/992866_RS_386_386RS191729_01095_RAW.jpg.npy
/Users/anirudh/RoadConditionClassifier/FPGAProject/ml/cracks-and-potholes-in-road-DatasetNinja/ds0/img/992902_RS_386_386RS191729_01275_RAW.jpg,/Users/anirudh/RoadConditionClassifier/FPGAProject/ml/preprocessed/grid_labels/992902_RS_386_386RS191729_01275_RAW.jpg.npy
/Users/anirudh/RoadConditionClassifier/FPGAProject/ml/cracks-and-potholes-in-road-DatasetNinja/ds0/img/992931_RS_386_386RS191729_01420_RAW.jpg,/Users/anirudh/RoadConditionClassifier/FPGAProject/ml/preprocessed/grid_labels/992931_RS_386_386RS191729_01420_RAW.jpg.npy
/Users/anirudh/RoadConditionClassifier/FPGAProject/ml/cracks-and-potholes-in-road-DatasetNinja/ds0/img/993029_RS_386_386RS191729_01910_RAW.jpg,/Users/anirudh/RoadConditionClassifier/FPGAProject/ml/preprocessed/grid_labels/993029_RS_386_386RS191729_01910_RAW.jpg.npy
/Users/anirudh/RoadConditionClassifier/FPGAProject/ml/cracks-and-potholes-in-road-DatasetNinja/ds0/img/994075_RS_386_386RS191729_07140_RAW.jpg,/Users/anirudh/RoadConditionClassifier/FPGAProject/ml/preprocessed/grid_labels/994075_RS_386_386RS191729_07140_RAW.jpg.npy
/Users/anirudh/RoadConditionClassifier/FPGAProject/ml/cracks-and-potholes-in-road-DatasetNinja/ds0/img/994076_RS_386_386RS191729_07145_RAW.jpg,/Users/anirudh/RoadConditionClassifier/FPGAProject/ml/preprocessed/grid_labels/994076_RS_386_386RS191729_07145_RAW.jpg.npy
/Users/anirudh/RoadConditionClassifier/FPGAProject/ml/cracks-and-potholes-in-road-DatasetNinja/ds0/img/994077_RS_386_386RS191729_07150_RAW.jpg,/Users/anirudh/RoadConditionClassifier/FPGAProject/ml/preprocessed/grid_labels/994077_RS_386_386RS191729_07150_RAW.jpg.npy
/Users/anirudh/RoadConditionClassifier/FPGAProject/ml/cracks-and-potholes-in-road-DatasetNinja/ds0/img/994078_RS_386_386RS191729_07156_RAW.jpg,/Users/anirudh/RoadConditionClassifier/FPGAProject/ml/preprocessed/grid_labels/994078_RS_386_386RS191729_07156_RAW.jpg.npy
/Users/anirudh/RoadConditionClassifier/FPGAProject/ml/cracks-and-potholes-in-road-DatasetNinja/ds0/img/994079_RS_386_386RS191729_07160_RAW.jpg,/Users/anirudh/RoadConditionClassifier/FPGAProject/ml/preprocessed/grid_labels/994079_RS_386_386RS191729_07160_RAW.jpg.npy
/Users/anirudh/RoadConditionClassifier/FPGAProject/ml/cracks-and-potholes-in-road-DatasetNinja/ds0/img/994080_RS_386_386RS191729_07165_RAW.jpg,/Users/anirudh/RoadConditionClassifier/FPGAProject/ml/preprocessed/grid_labels/994080_RS_386_386RS191729_07165_RAW.jpg.npy
/Users/anirudh/RoadConditionClassifier/FPGAProject/ml/cracks-and-potholes-in-road-DatasetNinja/ds0/img/994081_RS_386_386RS191729_07170_RAW.jpg,/Users/anirudh/RoadConditionClassifier/FPGAProject/ml/preprocessed/grid_labels/994081_RS_386_386RS191729_07170_RAW.jpg.npy
/Users/anirudh/RoadConditionClassifier/FPGAProject/ml/cracks-and-potholes-in-road-DatasetNinja/ds0/img/994082_RS_386_386RS191729_07175_RAW.jpg,/Users/anirudh/RoadConditionClassifier/FPGAProject/ml/preprocessed/grid_labels/994082_RS_386_386RS191729_07175_RAW.jpg.npy
/Users/anirudh/RoadConditionClassifier/FPGAProject/ml/cracks-and-potholes-in-road-DatasetNinja/ds0/img/994083_RS_386_386RS191729_07180_RAW.jpg,/Users/anirudh/RoadConditionClassifier/FPGAProject/ml/preprocessed/grid_labels/994083_RS_386_386RS191729_07180_RAW.jpg.npy
/Users/anirudh/RoadConditionClassifier/FPGAProject/ml/cracks-and-potholes-in-road-DatasetNinja/ds0/img/994084_RS_386_386RS191729_07185_RAW.jpg,/Users/anirudh/RoadConditionClassifier/FPGAProject/ml/preprocessed/grid_labels/994084_RS_386_386RS191729_07185_RAW.jpg.npy
/Users/anirudh/RoadConditionClassifier/FPGAProject/ml/cracks-and-potholes-in-road-DatasetNinja/ds0/img/994085_RS_386_386RS191729_07192_RAW.jpg,/Users/anirudh/RoadConditionClassifier/FPGAProject/ml/preprocessed/grid_labels/994085_RS_386_386RS191729_07192_RAW.jpg.npy
/Users/anirudh/RoadConditionClassifier/FPGAProject/ml/cracks-and-potholes-in-road-DatasetNinja/ds0/img/994086_RS_386_386RS191729_07195_RAW.jpg,/Users/anirudh/RoadConditionClassifier/FPGAProject/ml/preprocessed/grid_labels/994086_RS_386_386RS191729_07195_RAW.jpg.npy
/Users/anirudh/RoadConditionClassifier/FPGAProject/ml/cracks-and-potholes-in-road-DatasetNinja/ds0/img/994087_RS_386_386RS191729_07200_RAW.jpg,/Users/anirudh/RoadConditionClassifier/FPGAProject/ml/preprocessed/grid_labels/994087_RS_386_386RS191729_07200_RAW.jpg.npy
/Users/anirudh/RoadConditionClassifier/FPGAProject/ml/cracks-and-potholes-in-road-DatasetNinja/ds0/img/994088_RS_386_386RS191729_07206_RAW.jpg,/Users/anirudh/RoadConditionClassifier/FPGAProject/ml/preprocessed/grid_labels/994088_RS_386_386RS191729_07206_RAW.jpg.npy
/Users/anirudh/RoadConditionClassifier/FPGAProject/ml/cracks-and-potholes-in-road-DatasetNinja/ds0/img/994089_RS_386_386RS191729_07210_RAW.jpg,/Users/anirudh/RoadConditionClassifier/FPGAProject/ml/preprocessed/grid_labels/994089_RS_386_386RS191729_07210_RAW.jpg.npy
/Users/anirudh/RoadConditionClassifier/FPGAProject/ml/cracks-and-potholes-in-road-DatasetNinja/ds0/img/994090_RS_386_386RS191729_07215_RAW.jpg,/Users/anirudh/RoadConditionClassifier/FPGAProject/ml/preprocessed/grid_labels/994090_RS_386_386RS191729_07215_RAW.jpg.npy
/Users/anirudh/RoadConditionClassifier/FPGAProject/ml/cracks-and-potholes-in-road-DatasetNinja/ds0/img/994091_RS_386_386RS191729_07220_RAW.jpg,/Users/anirudh/RoadConditionClassifier/FPGAProject/ml/preprocessed/grid_labels/994091_RS_386_386RS191729_07220_RAW.jpg.npy
/Users/anirudh/RoadConditionClassifier/FPGAProject/ml/cracks-and-potholes-in-road-DatasetNinja/ds0/img/994092_RS_386_386RS191729_07225_RAW.jpg,/Users/anirudh/RoadConditionClassifier/FPGAProject/ml/preprocessed/grid_labels/994092_RS_386_386RS191729_07225_RAW.jpg.npy
/Users/anirudh/RoadConditionClassifier/FPGAProject/ml/cracks-and-potholes-in-road-DatasetNinja/ds0/img/994093_RS_386_386RS191729_07230_RAW.jpg,/Users/anirudh/RoadConditionClassifier/FPGAProject/ml/preprocessed/grid_labels/994093_RS_386_386RS191729_07230_RAW.jpg.npy
/Users/anirudh/RoadConditionClassifier/FPGAProject/ml/cracks-and-potholes-in-road-DatasetNinja/ds0/img/994094_RS_386_386RS191729_07236_RAW.jpg,/Users/anirudh/RoadConditionClassifier/FPGAProject/ml/preprocessed/grid_labels/994094_RS_386_386RS191729_07236_RAW.jpg.npy
/Users/anirudh/RoadConditionClassifier/FPGAProject/ml/cracks-and-potholes-in-road-DatasetNinja/ds0/img/994095_RS_386_386RS191729_07240_RAW.jpg,/Users/anirudh/RoadConditionClassifier/FPGAProject/ml/preprocessed/grid_labels/994095_RS_386_386RS191729_07240_RAW.jpg.npy
/Users/anirudh/RoadConditionClassifier/FPGAProject/ml/cracks-and-potholes-in-road-DatasetNinja/ds0/img/994096_RS_386_386RS191729_07245_RAW.jpg,/Users/anirudh/RoadConditionClassifier/FPGAProject/ml/preprocessed/grid_labels/994096_RS_386_386RS191729_07245_RAW.jpg.npy
/Users/anirudh/RoadConditionClassifier/FPGAProject/ml/cracks-and-potholes-in-road-DatasetNinja/ds0/img/994099_RS_386_386RS191729_07260_RAW.jpg,/Users/anirudh/RoadConditionClassifier/FPGAProject/ml/preprocessed/grid_labels/994099_RS_386_386RS191729_07260_RAW.jpg.npy
/Users/anirudh/RoadConditionClassifier/FPGAProject/ml/cracks-and-potholes-in-road-DatasetNinja/ds0/img/994100_RS_386_386RS191729_07265_RAW.jpg,/Users/anirudh/RoadConditionClassifier/FPGAProject/ml/preprocessed/grid_labels/994100_RS_386_386RS191729_07265_RAW.jpg.npy
/Users/anirudh/RoadConditionClassifier/FPGAProject/ml/cracks-and-potholes-in-road-DatasetNinja/ds0/img/994101_RS_386_386RS191729_07270_RAW.jpg,/Users/anirudh/RoadConditionClassifier/FPGAProject/ml/preprocessed/grid_labels/994101_RS_386_386RS191729_07270_RAW.jpg.npy
/Users/anirudh/RoadConditionClassifier/FPGAProject/ml/cracks-and-potholes-in-road-DatasetNinja/ds0/img/994102_RS_386_386RS191729_07275_RAW.jpg,/Users/anirudh/RoadConditionClassifier/FPGAProject/ml/preprocessed/grid_labels/994102_RS_386_386RS191729_07275_RAW.jpg.npy
/Users/anirudh/RoadConditionClassifier/FPGAProject/ml/cracks-and-potholes-in-road-DatasetNinja/ds0/img/994103_RS_386_386RS191729_07281_RAW.jpg,/Users/anirudh/RoadConditionClassifier/FPGAProject/ml/preprocessed/grid_labels/994103_RS_386_386RS191729_07281_RAW.jpg.npy
/Users/anirudh/RoadConditionClassifier/FPGAProject/ml/cracks-and-potholes-in-road-DatasetNinja/ds0/img/994106_RS_386_386RS191729_07295_RAW.jpg,/Users/anirudh/RoadConditionClassifier/FPGAProject/ml/preprocessed/grid_labels/994106_RS_386_386RS191729_07295_RAW.jpg.npy
/Users/anirudh/RoadConditionClassifier/FPGAProject/ml/cracks-and-potholes-in-road-DatasetNinja/ds0/img/994109_RS_386_386RS191729_07311_RAW.jpg,/Users/anirudh/RoadConditionClassifier/FPGAProject/ml/preprocessed/grid_labels/994109_RS_386_386RS191729_07311_RAW.jpg.npy
/Users/anirudh/RoadConditionClassifier/FPGAProject/ml/cracks-and-potholes-in-road-DatasetNinja/ds0/img/994110_RS_386_386RS191729_07315_RAW.jpg,/Users/anirudh/RoadConditionClassifier/FPGAProject/ml/preprocessed/grid_labels/994110_RS_386_386RS191729_07315_RAW.jpg.npy
/Users/anirudh/RoadConditionClassifier/FPGAProject/ml/cracks-and-potholes-in-road-DatasetNinja/ds0/img/994128_RS_386_386RS191729_07405_RAW.jpg,/Users/anirudh/RoadConditionClassifier/FPGAProject/ml/preprocessed/grid_labels/994128_RS_386_386RS191729_07405_RAW.jpg.npy
/Users/anirudh/RoadConditionClassifier/FPGAProject/ml/cracks-and-potholes-in-road-DatasetNinja/ds0/img/994129_RS_386_386RS191729_07410_RAW.jpg,/Users/anirudh/RoadConditionClassifier/FPGAProject/ml/preprocessed/grid_labels/994129_RS_386_386RS191729_07410_RAW.jpg.npy
/Users/anirudh/RoadConditionClassifier/FPGAProject/ml/cracks-and-potholes-in-road-DatasetNinja/ds0/img/994132_RS_386_386RS191729_07425_RAW.jpg,/Users/anirudh/RoadConditionClassifier/FPGAProject/ml/preprocessed/grid_labels/994132_RS_386_386RS191729_07425_RAW.jpg.npy
/Users/anirudh/RoadConditionClassifier/FPGAProject/ml/cracks-and-potholes-in-road-DatasetNinja/ds0/img/994141_RS_386_386RS191729_07470_RAW.jpg,/Users/anirudh/RoadConditionClassifier/FPGAProject/ml/preprocessed/grid_labels/994141_RS_386_386RS191729_07470_RAW.jpg.npy
/Users/anirudh/RoadConditionClassifier/FPGAProject/ml/cracks-and-potholes-in-road-DatasetNinja/ds0/img/994142_RS_386_386RS191729_07475_RAW.jpg,/Users/anirudh/RoadConditionClassifier/FPGAProject/ml/preprocessed/grid_labels/994142_RS_386_386RS191729_07475_RAW.jpg.npy
/Users/anirudh/RoadConditionClassifier/FPGAProject/ml/cracks-and-potholes-in-road-DatasetNinja/ds0/img/994144_RS_386_386RS191729_07485_RAW.jpg,/Users/anirudh/RoadConditionClassifier/FPGAProject/ml/preprocessed/grid_labels/994144_RS_386_386RS191729_07485_RAW.jpg.npy
/Users/anirudh/RoadConditionClassifier/FPGAProject/ml/cracks-and-potholes-in-road-DatasetNinja/ds0/img/994145_RS_386_386RS191729_07491_RAW.jpg,/Users/anirudh/RoadConditionClassifier/FPGAProject/ml/preprocessed/grid_labels/994145_RS_386_386RS191729_07491_RAW.jpg.npy
/Users/anirudh/RoadConditionClassifier/FPGAProject/ml/cracks-and-potholes-in-road-DatasetNinja/ds0/img/994150_RS_386_386RS191729_07515_RAW.jpg,/Users/anirudh/RoadConditionClassifier/FPGAProject/ml/preprocessed/grid_labels/994150_RS_386_386RS191729_07515_RAW.jpg.npy
/Users/anirudh/RoadConditionClassifier/FPGAProject/ml/cracks-and-potholes-in-road-DatasetNinja/ds0/img/994151_RS_386_386RS191729_07522_RAW.jpg,/Users/anirudh/RoadConditionClassifier/FPGAProject/ml/preprocessed/grid_labels/994151_RS_386_386RS191729_07522_RAW.jpg.npy
/Users/anirudh/RoadConditionClassifier/FPGAProject/ml/cracks-and-potholes-in-road-DatasetNinja/ds0/img/994161_RS_386_386RS191729_07570_RAW.jpg,/Users/anirudh/RoadConditionClassifier/FPGAProject/ml/preprocessed/grid_labels/994161_RS_386_386RS191729_07570_RAW.jpg.npy
/Users/anirudh/RoadConditionClassifier/FPGAProject/ml/cracks-and-potholes-in-road-DatasetNinja/ds0/img/994162_RS_386_386RS191729_07575_RAW.jpg,/Users/anirudh/RoadConditionClassifier/FPGAProject/ml/preprocessed/grid_labels/994162_RS_386_386RS191729_07575_RAW.jpg.npy
/Users/anirudh/RoadConditionClassifier/FPGAProject/ml/cracks-and-potholes-in-road-DatasetNinja/ds0/img/994169_RS_386_386RS191729_07610_RAW.jpg,/Users/anirudh/RoadConditionClassifier/FPGAProject/ml/preprocessed/grid_labels/994169_RS_386_386RS191729_07610_RAW.jpg.npy
/Users/anirudh/RoadConditionClassifier/FPGAProject/ml/cracks-and-potholes-in-road-DatasetNinja/ds0/img/994179_RS_386_386RS191729_07660_RAW.jpg,/Users/anirudh/RoadConditionClassifier/FPGAProject/ml/preprocessed/grid_labels/994179_RS_386_386RS191729_07660_RAW.jpg.npy
/Users/anirudh/RoadConditionClassifier/FPGAProject/ml/cracks-and-potholes-in-road-DatasetNinja/ds0/img/994195_RS_386_386RS191729_07740_RAW.jpg,/Users/anirudh/RoadConditionClassifier/FPGAProject/ml/preprocessed/grid_labels/994195_RS_386_386RS191729_07740_RAW.jpg.npy
/Users/anirudh/RoadConditionClassifier/FPGAProject/ml/cracks-and-potholes-in-road-DatasetNinja/ds0/img/994198_RS_386_386RS191729_07755_RAW.jpg,/Users/anirudh/RoadConditionClassifier/FPGAProject/ml/preprocessed/grid_labels/994198_RS_386_386RS191729_07755_RAW.jpg.npy
/Users/anirudh/RoadConditionClassifier/FPGAProject/ml/cracks-and-potholes-in-road-DatasetNinja/ds0/img/994201_RS_386_386RS191729_07770_RAW.jpg,/Users/anirudh/RoadConditionClassifier/FPGAProject/ml/preprocessed/grid_labels/994201_RS_386_386RS191729_07770_RAW.jpg.npy
/Users/anirudh/RoadConditionClassifier/FPGAProject/ml/cracks-and-potholes-in-road-DatasetNinja/ds0/img/994203_RS_386_386RS191729_07783_RAW.jpg,/Users/anirudh/RoadConditionClassifier/FPGAProject/ml/preprocessed/grid_labels/994203_RS_386_386RS191729_07783_RAW.jpg.npy
/Users/anirudh/RoadConditionClassifier/FPGAProject/ml/cracks-and-potholes-in-road-DatasetNinja/ds0/img/994204_RS_386_386RS191729_07787_RAW.jpg,/Users/anirudh/RoadConditionClassifier/FPGAProject/ml/preprocessed/grid_labels/994204_RS_386_386RS191729_07787_RAW.jpg.npy
/Users/anirudh/RoadConditionClassifier/FPGAProject/ml/cracks-and-potholes-in-road-DatasetNinja/ds0/img/994414_RS_386_386RS191729_08835_RAW.jpg,/Users/anirudh/RoadConditionClassifier/FPGAProject/ml/preprocessed/grid_labels/994414_RS_386_386RS191729_08835_RAW.jpg.npy
/Users/anirudh/RoadConditionClassifier/FPGAProject/ml/cracks-and-potholes-in-road-DatasetNinja/ds0/img/994464_RS_386_386RS191729_09085_RAW.jpg,/Users/anirudh/RoadConditionClassifier/FPGAProject/ml/preprocessed/grid_labels/994464_RS_386_386RS191729_09085_RAW.jpg.npy
/Users/anirudh/RoadConditionClassifier/FPGAProject/ml/cracks-and-potholes-in-road-DatasetNinja/ds0/img/994465_RS_386_386RS191729_09091_RAW.jpg,/Users/anirudh/RoadConditionClassifier/FPGAProject/ml/preprocessed/grid_labels/994465_RS_386_386RS191729_09091_RAW.jpg.npy
/Users/anirudh/RoadConditionClassifier/FPGAProject/ml/cracks-and-potholes-in-road-DatasetNinja/ds0/img/994466_RS_386_386RS191729_09095_RAW.jpg,/Users/anirudh/RoadConditionClassifier/FPGAProject/ml/preprocessed/grid_labels/994466_RS_386_386RS191729_09095_RAW.jpg.npy
/Users/anirudh/RoadConditionClassifier/FPGAProject/ml/cracks-and-potholes-in-road-DatasetNinja/ds0/img/994467_RS_386_386RS191729_09101_RAW.jpg,/Users/anirudh/RoadConditionClassifier/FPGAProject/ml/preprocessed/grid_labels/994467_RS_386_386RS191729_09101_RAW.jpg.npy
/Users/anirudh/RoadConditionClassifier/FPGAProject/ml/cracks-and-potholes-in-road-DatasetNinja/ds0/img/994468_RS_386_386RS191729_09105_RAW.jpg,/Users/anirudh/RoadConditionClassifier/FPGAProject/ml/preprocessed/grid_labels/994468_RS_386_386RS191729_09105_RAW.jpg.npy
/Users/anirudh/RoadConditionClassifier/FPGAProject/ml/cracks-and-potholes-in-road-DatasetNinja/ds0/img/994469_RS_386_386RS191729_09110_RAW.jpg,/Users/anirudh/RoadConditionClassifier/FPGAProject/ml/preprocessed/grid_labels/994469_RS_386_386RS191729_09110_RAW.jpg.npy
/Users/anirudh/RoadConditionClassifier/FPGAProject/ml/cracks-and-potholes-in-road-DatasetNinja/ds0/img/994470_RS_386_386RS191729_09115_RAW.jpg,/Users/anirudh/RoadConditionClassifier/FPGAProject/ml/preprocessed/grid_labels/994470_RS_386_386RS191729_09115_RAW.jpg.npy
/Users/anirudh/RoadConditionClassifier/FPGAProject/ml/cracks-and-potholes-in-road-DatasetNinja/ds0/img/994488_RS_386_386RS191729_09205_RAW.jpg,/Users/anirudh/RoadConditionClassifier/FPGAProject/ml/preprocessed/grid_labels/994488_RS_386_386RS191729_09205_RAW.jpg.npy
/Users/anirudh/RoadConditionClassifier/FPGAProject/ml/cracks-and-potholes-in-road-DatasetNinja/ds0/img/994504_RS_386_386RS191729_09285_RAW.jpg,/Users/anirudh/RoadConditionClassifier/FPGAProject/ml/preprocessed/grid_labels/994504_RS_386_386RS191729_09285_RAW.jpg.npy
/Users/anirudh/RoadConditionClassifier/FPGAProject/ml/cracks-and-potholes-in-road-DatasetNinja/ds0/img/994505_RS_386_386RS191729_09290_RAW.jpg,/Users/anirudh/RoadConditionClassifier/FPGAProject/ml/preprocessed/grid_labels/994505_RS_386_386RS191729_09290_RAW.jpg.npy
/Users/anirudh/RoadConditionClassifier/FPGAProject/ml/cracks-and-potholes-in-road-DatasetNinja/ds0/img/994510_RS_386_386RS191729_09315_RAW.jpg,/Users/anirudh/RoadConditionClassifier/FPGAProject/ml/preprocessed/grid_labels/994510_RS_386_386RS191729_09315_RAW.jpg.npy
/Users/anirudh/RoadConditionClassifier/FPGAProject/ml/cracks-and-potholes-in-road-DatasetNinja/ds0/img/994518_RS_386_386RS191729_09355_RAW.jpg,/Users/anirudh/RoadConditionClassifier/FPGAProject/ml/preprocessed/grid_labels/994518_RS_386_386RS191729_09355_RAW.jpg.npy
/Users/anirudh/RoadConditionClassifier/FPGAProject/ml/cracks-and-potholes-in-road-DatasetNinja/ds0/img/994519_RS_386_386RS191729_09361_RAW.jpg,/Users/anirudh/RoadConditionClassifier/FPGAProject/ml/preprocessed/grid_labels/994519_RS_386_386RS191729_09361_RAW.jpg.npy
/Users/anirudh/RoadConditionClassifier/FPGAProject/ml/cracks-and-potholes-in-road-DatasetNinja/ds0/img/994521_RS_386_386RS191729_09370_RAW.jpg,/Users/anirudh/RoadConditionClassifier/FPGAProject/ml/preprocessed/grid_labels/994521_RS_386_386RS191729_09370_RAW.jpg.npy
/Users/anirudh/RoadConditionClassifier/FPGAProject/ml/cracks-and-potholes-in-road-DatasetNinja/ds0/img/994526_RS_386_386RS191729_09396_RAW.jpg,/Users/anirudh/RoadConditionClassifier/FPGAProject/ml/preprocessed/grid_labels/994526_RS_386_386RS191729_09396_RAW.jpg.npy
/Users/anirudh/RoadConditionClassifier/FPGAProject/ml/cracks-and-potholes-in-road-DatasetNinja/ds0/img/994527_RS_386_386RS191729_09400_RAW.jpg,/Users/anirudh/RoadConditionClassifier/FPGAProject/ml/preprocessed/grid_labels/994527_RS_386_386RS191729_09400_RAW.jpg.npy
/Users/anirudh/RoadConditionClassifier/FPGAProject/ml/cracks-and-potholes-in-road-DatasetNinja/ds0/img/994528_RS_386_386RS191729_09405_RAW.jpg,/Users/anirudh/RoadConditionClassifier/FPGAProject/ml/preprocessed/grid_labels/994528_RS_386_386RS191729_09405_RAW.jpg.npy
/Users/anirudh/RoadConditionClassifier/FPGAProject/ml/cracks-and-potholes-in-road-DatasetNinja/ds0/img/994534_RS_386_386RS191729_09435_RAW.jpg,/Users/anirudh/RoadConditionClassifier/FPGAProject/ml/preprocessed/grid_labels/994534_RS_386_386RS191729_09435_RAW.jpg.npy
/Users/anirudh/RoadConditionClassifier/FPGAProject/ml/cracks-and-potholes-in-road-DatasetNinja/ds0/img/994535_RS_386_386RS191729_09440_RAW.jpg,/Users/anirudh/RoadConditionClassifier/FPGAProject/ml/preprocessed/grid_labels/994535_RS_386_386RS191729_09440_RAW.jpg.npy
/Users/anirudh/RoadConditionClassifier/FPGAProject/ml/cracks-and-potholes-in-road-DatasetNinja/ds0/img/994579_RS_386_386RS191729_09660_RAW.jpg,/Users/anirudh/RoadConditionClassifier/FPGAProject/ml/preprocessed/grid_labels/994579_RS_386_386RS191729_09660_RAW.jpg.npy
/Users/anirudh/RoadConditionClassifier/FPGAProject/ml/cracks-and-potholes-in-road-DatasetNinja/ds0/img/994580_RS_386_386RS191729_09666_RAW.jpg,/Users/anirudh/RoadConditionClassifier/FPGAProject/ml/preprocessed/grid_labels/994580_RS_386_386RS191729_09666_RAW.jpg.npy
/Users/anirudh/RoadConditionClassifier/FPGAProject/ml/cracks-and-potholes-in-road-DatasetNinja/ds0/img/994581_RS_386_386RS191729_09670_RAW.jpg,/Users/anirudh/RoadConditionClassifier/FPGAProject/ml/preprocessed/grid_labels/994581_RS_386_386RS191729_09670_RAW.jpg.npy
/Users/anirudh/RoadConditionClassifier/FPGAProject/ml/cracks-and-potholes-in-road-DatasetNinja/ds0/img/994582_RS_386_386RS191729_09675_RAW.jpg,/Users/anirudh/RoadConditionClassifier/FPGAProject/ml/preprocessed/grid_labels/994582_RS_386_386RS191729_09675_RAW.jpg.npy
/Users/anirudh/RoadConditionClassifier/FPGAProject/ml/cracks-and-potholes-in-road-DatasetNinja/ds0/img/994583_RS_386_386RS191729_09680_RAW.jpg,/Users/anirudh/RoadConditionClassifier/FPGAProject/ml/preprocessed/grid_labels/994583_RS_386_386RS191729_09680_RAW.jpg.npy
/Users/anirudh/RoadConditionClassifier/FPGAProject/ml/cracks-and-potholes-in-road-DatasetNinja/ds0/img/994584_RS_386_386RS191729_09685_RAW.jpg,/Users/anirudh/RoadConditionClassifier/FPGAProject/ml/preprocessed/grid_labels/994584_RS_386_386RS191729_09685_RAW.jpg.npy
/Users/anirudh/RoadConditionClassifier/FPGAProject/ml/cracks-and-potholes-in-road-DatasetNinja/ds0/img/994585_RS_386_386RS191729_09690_RAW.jpg,/Users/anirudh/RoadConditionClassifier/FPGAProject/ml/preprocessed/grid_labels/994585_RS_386_386RS191729_09690_RAW.jpg.npy
/Users/anirudh/RoadConditionClassifier/FPGAProject/ml/cracks-and-potholes-in-road-DatasetNinja/ds0/img/994586_RS_386_386RS191729_09695_RAW.jpg,/Users/anirudh/RoadConditionClassifier/FPGAProject/ml/preprocessed/grid_labels/994586_RS_386_386RS191729_09695_RAW.jpg.npy
/Users/anirudh/RoadConditionClassifier/FPGAProject/ml/cracks-and-potholes-in-road-DatasetNinja/ds0/img/994587_RS_386_386RS191729_09700_RAW.jpg,/Users/anirudh/RoadConditionClassifier/FPGAProject/ml/preprocessed/grid_labels/994587_RS_386_386RS191729_09700_RAW.jpg.npy
/Users/anirudh/RoadConditionClassifier/FPGAProject/ml/cracks-and-potholes-in-road-DatasetNinja/ds0/img/994588_RS_386_386RS191729_09705_RAW.jpg,/Users/anirudh/RoadConditionClassifier/FPGAProject/ml/preprocessed/grid_labels/994588_RS_386_386RS191729_09705_RAW.jpg.npy
/Users/anirudh/RoadConditionClassifier/FPGAProject/ml/cracks-and-potholes-in-road-DatasetNinja/ds0/img/994589_RS_386_386RS191729_09710_RAW.jpg,/Users/anirudh/RoadConditionClassifier/FPGAProject/ml/preprocessed/grid_labels/994589_RS_386_386RS191729_09710_RAW.jpg.npy
/Users/anirudh/RoadConditionClassifier/FPGAProject/ml/cracks-and-potholes-in-road-DatasetNinja/ds0/img/994590_RS_386_386RS191729_09715_RAW.jpg,/Users/anirudh/RoadConditionClassifier/FPGAProject/ml/preprocessed/grid_labels/994590_RS_386_386RS191729_09715_RAW.jpg.npy
/Users/anirudh/RoadConditionClassifier/FPGAProject/ml/cracks-and-potholes-in-road-DatasetNinja/ds0/img/994591_RS_386_386RS191729_09720_RAW.jpg,/Users/anirudh/RoadConditionClassifier/FPGAProject/ml/preprocessed/grid_labels/994591_RS_386_386RS191729_09720_RAW.jpg.npy
/Users/anirudh/RoadConditionClassifier/FPGAProject/ml/cracks-and-potholes-in-road-DatasetNinja/ds0/img/994592_RS_386_386RS191729_09725_RAW.jpg,/Users/anirudh/RoadConditionClassifier/FPGAProject/ml/preprocessed/grid_labels/994592_RS_386_386RS191729_09725_RAW.jpg.npy
/Users/anirudh/RoadConditionClassifier/FPGAProject/ml/cracks-and-potholes-in-road-DatasetNinja/ds0/img/994593_RS_386_386RS191729_09730_RAW.jpg,/Users/anirudh/RoadConditionClassifier/FPGAProject/ml/preprocessed/grid_labels/994593_RS_386_386RS191729_09730_RAW.jpg.npy
/Users/anirudh/RoadConditionClassifier/FPGAProject/ml/cracks-and-potholes-in-road-DatasetNinja/ds0/img/994594_RS_386_386RS191729_09736_RAW.jpg,/Users/anirudh/RoadConditionClassifier/FPGAProject/ml/preprocessed/grid_labels/994594_RS_386_386RS191729_09736_RAW.jpg.npy
/Users/anirudh/RoadConditionClassifier/FPGAProject/ml/cracks-and-potholes-in-road-DatasetNinja/ds0/img/994595_RS_386_386RS191729_09740_RAW.jpg,/Users/anirudh/RoadConditionClassifier/FPGAProject/ml/preprocessed/grid_labels/994595_RS_386_386RS191729_09740_RAW.jpg.npy
/Users/anirudh/RoadConditionClassifier/FPGAProject/ml/cracks-and-potholes-in-road-DatasetNinja/ds0/img/994596_RS_386_386RS191729_09745_RAW.jpg,/Users/anirudh/RoadConditionClassifier/FPGAProject/ml/preprocessed/grid_labels/994596_RS_386_386RS191729_09745_RAW.jpg.npy
/Users/anirudh/RoadConditionClassifier/FPGAProject/ml/cracks-and-potholes-in-road-DatasetNinja/ds0/img/994597_RS_386_386RS191729_09750_RAW.jpg,/Users/anirudh/RoadConditionClassifier/FPGAProject/ml/preprocessed/grid_labels/994597_RS_386_386RS191729_09750_RAW.jpg.npy
/Users/anirudh/RoadConditionClassifier/FPGAProject/ml/cracks-and-potholes-in-road-DatasetNinja/ds0/img/994598_RS_386_386RS191729_09755_RAW.jpg,/Users/anirudh/RoadConditionClassifier/FPGAProject/ml/preprocessed/grid_labels/994598_RS_386_386RS191729_09755_RAW.jpg.npy
/Users/anirudh/RoadConditionClassifier/FPGAProject/ml/cracks-and-potholes-in-road-DatasetNinja/ds0/img/994599_RS_386_386RS191729_09760_RAW.jpg,/Users/anirudh/RoadConditionClassifier/FPGAProject/ml/preprocessed/grid_labels/994599_RS_386_386RS191729_09760_RAW.jpg.npy
/Users/anirudh/RoadConditionClassifier/FPGAProject/ml/cracks-and-potholes-in-road-DatasetNinja/ds0/img/994600_RS_386_386RS191729_09765_RAW.jpg,/Users/anirudh/RoadConditionClassifier/FPGAProject/ml/preprocessed/grid_labels/994600_RS_386_386RS191729_09765_RAW.jpg.npy
/Users/anirudh/RoadConditionClassifier/FPGAProject/ml/cracks-and-potholes-in-road-DatasetNinja/ds0/img/994601_RS_386_386RS191729_09770_RAW.jpg,/Users/anirudh/RoadConditionClassifier/FPGAProject/ml/preprocessed/grid_labels/994601_RS_386_386RS191729_09770_RAW.jpg.npy
/Users/anirudh/RoadConditionClassifier/FPGAProject/ml/cracks-and-potholes-in-road-DatasetNinja/ds0/img/994602_RS_386_386RS191729_09775_RAW.jpg,/Users/anirudh/RoadConditionClassifier/FPGAProject/ml/preprocessed/grid_labels/994602_RS_386_386RS191729_09775_RAW.jpg.npy
/Users/anirudh/RoadConditionClassifier/FPGAProject/ml/cracks-and-potholes-in-road-DatasetNinja/ds0/img/994603_RS_386_386RS191729_09780_RAW.jpg,/Users/anirudh/RoadConditionClassifier/FPGAProject/ml/preprocessed/grid_labels/994603_RS_386_386RS191729_09780_RAW.jpg.npy
/Users/anirudh/RoadConditionClassifier/FPGAProject/ml/cracks-and-potholes-in-road-DatasetNinja/ds0/img/994604_RS_386_386RS191729_09785_RAW.jpg,/Users/anirudh/RoadConditionClassifier/FPGAProject/ml/preprocessed/grid_labels/994604_RS_386_386RS191729_09785_RAW.jpg.npy
